{
  "schema_version": "1.0",
  "aiperf_version": "0.7.0",
  "benchmark_id": "5c656df4-84b7-42d7-b332-8135e243924e",
  "request_throughput": {
    "unit": "requests/sec",
    "avg": 0.10906905793209416
  },
  "request_latency": {
    "unit": "ms",
    "avg": 9164.210757033332,
    "p1": 9001.8950988,
    "p5": 9050.7469101,
    "p10": 9064.3860955,
    "p25": 9115.0607335,
    "p50": 9172.521278,
    "p75": 9215.59208225,
    "p90": 9252.2881617,
    "p95": 9274.310612799998,
    "p99": 9283.4395493,
    "min": 8985.808503,
    "max": 9284.92227,
    "std": 74.30131300197971
  },
  "request_count": {
    "unit": "requests",
    "avg": 30.0
  },
  "time_to_first_token": {
    "unit": "ms",
    "avg": 110.0799782,
    "p1": 108.68077154999999,
    "p5": 109.03717284999999,
    "p10": 109.14883429999999,
    "p25": 109.61854124999999,
    "p50": 110.04888199999999,
    "p75": 110.55980249999999,
    "p90": 110.9562549,
    "p95": 111.19658104999999,
    "p99": 111.5698229,
    "min": 108.545546,
    "max": 111.680861,
    "std": 0.7315086924981548
  },
  "time_to_second_token": {
    "unit": "ms",
    "avg": 17.490487199999997,
    "p1": 16.810892,
    "p5": 16.934638149999998,
    "p10": 17.0451764,
    "p25": 17.262074249999998,
    "p50": 17.558360999999998,
    "p75": 17.71395475,
    "p90": 17.8151666,
    "p95": 17.86059355,
    "p99": 17.91154894,
    "min": 16.795551,
    "max": 17.922109,
    "std": 0.29780154303253703
  },
  "inter_token_latency": {
    "unit": "ms",
    "avg": 17.8660548818571,
    "p1": 17.401868657123284,
    "p5": 17.495998920939332,
    "p10": 17.582076512328765,
    "p25": 17.69347058819238,
    "p50": 17.83263646066924,
    "p75": 18.010397971789093,
    "p90": 18.13715903384908,
    "p95": 18.1855800425629,
    "p99": 18.44324476996194,
    "min": 17.371136403131114,
    "max": 18.54601315885947,
    "std": 0.24026504701227083
  },
  "output_token_throughput": {
    "unit": "tokens/sec",
    "avg": 55.388903253181816
  },
  "output_token_throughput_per_user": {
    "unit": "tokens/sec/user",
    "avg": 55.98214138374059,
    "p1": 54.22454957069624,
    "p5": 54.98863018722165,
    "p10": 55.13545783006609,
    "p25": 55.523484885634105,
    "p50": 56.0769838721635,
    "p75": 56.51802635813595,
    "p90": 56.87618467736308,
    "p95": 57.15600628497549,
    "p99": 57.46553063533029,
    "min": 53.91994448803126,
    "max": 57.56675768315029,
    "std": 0.7493772961740959
  },
  "output_sequence_length": {
    "unit": "tokens",
    "avg": 507.8333333333333,
    "p1": 493.16,
    "p5": 497.8,
    "p10": 501.8,
    "p25": 506.0,
    "p50": 509.5,
    "p75": 512.0,
    "p90": 512.0,
    "p95": 512.0,
    "p99": 512.0,
    "min": 492.0,
    "max": 512.0,
    "std": 5.145116346811045
  },
  "input_sequence_length": {
    "unit": "tokens",
    "avg": 1024.0,
    "p1": 1024.0,
    "p5": 1024.0,
    "p10": 1024.0,
    "p25": 1024.0,
    "p50": 1024.0,
    "p75": 1024.0,
    "p90": 1024.0,
    "p95": 1024.0,
    "p99": 1024.0,
    "min": 1024.0,
    "max": 1024.0,
    "std": 0.0
  },
  "output_token_count": {
    "unit": "tokens",
    "avg": 507.8333333333333,
    "p1": 493.16,
    "p5": 497.8,
    "p10": 501.8,
    "p25": 506.0,
    "p50": 509.5,
    "p75": 512.0,
    "p90": 512.0,
    "p95": 512.0,
    "p99": 512.0,
    "min": 492.0,
    "max": 512.0,
    "std": 5.145116346811045
  },
  "inter_chunk_latency": {
    "unit": "ms",
    "avg": 17.819584292134095,
    "p1": 16.67507406,
    "p5": 17.220309999999998,
    "p10": 17.2619874,
    "p25": 17.3759835,
    "p50": 17.854269,
    "p75": 17.927671,
    "p90": 18.0055612,
    "p95": 18.070431699999997,
    "p99": 20.495961399999995,
    "min": 11.505397,
    "max": 53.853645,
    "std": 1.5695631126156708
  },
  "total_output_tokens": {
    "unit": "tokens",
    "avg": 15235.0
  },
  "benchmark_duration": {
    "unit": "sec",
    "avg": 275.055094165
  },
  "total_isl": {
    "unit": "tokens",
    "avg": 30720.0
  },
  "total_osl": {
    "unit": "tokens",
    "avg": 15235.0
  },
  "telemetry_data": {
    "summary": {
      "endpoints_configured": [],
      "endpoints_successful": [],
      "start_time": "2026-05-04T23:38:21.940838",
      "end_time": "2026-05-04T23:42:59.009086"
    },
    "endpoints": {},
    "error_summary": []
  },
  "input_config": {
    "endpoint": {
      "model_names": [
        "Qwen/Qwen2.5-7B-Instruct"
      ],
      "type": "chat",
      "streaming": true,
      "urls": [
        "http://127.0.0.1:8000"
      ]
    },
    "input": {
      "extra": [
        [
          "ignore_eos",
          true
        ]
      ],
      "prompt": {
        "input_tokens": {
          "mean": 1024
        },
        "output_tokens": {
          "mean": 512
        }
      }
    },
    "output": {
      "artifact_directory": "/scratch/matregnago/cmp223/results/N1_tupi_none_long_r1_780636/tupi3"
    },
    "loadgen": {
      "concurrency": 1,
      "arrival_pattern": "concurrency_burst",
      "request_count": 30,
      "warmup_request_count": 3
    },
    "cli_command": "aiperf profile --model 'Qwen/Qwen2.5-7B-Instruct' --endpoint-type 'chat' --url 'http://127.0.0.1:8000' --streaming --request-count 30 --warmup-request-count 3 --prompt-input-tokens-mean 1024 --prompt-output-tokens-mean 512 --extra-inputs 'ignore_eos:true' --output-artifact-dir '/scratch/matregnago/cmp223/results/N1_tupi_none_long_r1_780636/tupi3'",
    "benchmark_id": "5c656df4-84b7-42d7-b332-8135e243924e"
  },
  "was_cancelled": false,
  "error_summary": [],
  "start_time": "2026-05-04T23:38:21.940838",
  "end_time": "2026-05-04T23:42:57.000609",
  "http_req_connecting": {
    "unit": "ms",
    "avg": 0.0,
    "p1": 0.0,
    "p5": 0.0,
    "p10": 0.0,
    "p25": 0.0,
    "p50": 0.0,
    "p75": 0.0,
    "p90": 0.0,
    "p95": 0.0,
    "p99": 0.0,
    "min": 0.0,
    "max": 0.0,
    "std": 0.0
  },
  "http_req_dns_lookup": {
    "unit": "ms",
    "avg": 0.0,
    "p1": 0.0,
    "p5": 0.0,
    "p10": 0.0,
    "p25": 0.0,
    "p50": 0.0,
    "p75": 0.0,
    "p90": 0.0,
    "p95": 0.0,
    "p99": 0.0,
    "min": 0.0,
    "max": 0.0,
    "std": 0.0
  },
  "http_req_blocked": {
    "unit": "ms",
    "avg": 0.0,
    "p1": 0.0,
    "p5": 0.0,
    "p10": 0.0,
    "p25": 0.0,
    "p50": 0.0,
    "p75": 0.0,
    "p90": 0.0,
    "p95": 0.0,
    "p99": 0.0,
    "min": 0.0,
    "max": 0.0,
    "std": 0.0
  },
  "http_req_duration": {
    "unit": "ms",
    "avg": 9164.158760566666,
    "p1": 9001.85368836,
    "p5": 9050.69000925,
    "p10": 9064.326087700001,
    "p25": 9115.00300275,
    "p50": 9172.476023,
    "p75": 9215.543453999999,
    "p90": 9252.2329954,
    "p95": 9274.2573156,
    "p99": 9283.383815649999,
    "min": 8985.771627,
    "max": 9284.865835999999,
    "std": 74.30111259516706
  },
  "http_req_data_sent": {
    "unit": "KB",
    "avg": 4.46416015625,
    "p1": 4.071513671875,
    "p5": 4.174462890625,
    "p10": 4.2458984375,
    "p25": 4.3896484375,
    "p50": 4.46435546875,
    "p75": 4.570068359375,
    "p90": 4.6365234375,
    "p95": 4.67041015625,
    "p99": 4.779052734375,
    "min": 4.046875,
    "max": 4.814453125,
    "std": 0.16316196885065964
  },
  "http_req_data_received": {
    "unit": "KB",
    "avg": 128.50286458333332,
    "p1": 128.296923828125,
    "p5": 128.341748046875,
    "p10": 128.36982421875,
    "p25": 128.44482421875,
    "p50": 128.49853515625,
    "p75": 128.574951171875,
    "p90": 128.64970703125,
    "p95": 128.6587890625,
    "p99": 128.670302734375,
    "min": 128.2841796875,
    "max": 128.6728515625,
    "std": 0.09899085865566062
  },
  "http_req_chunks_received": {
    "unit": "count",
    "avg": 512.0,
    "p1": 512.0,
    "p5": 512.0,
    "p10": 512.0,
    "p25": 512.0,
    "p50": 512.0,
    "p75": 512.0,
    "p90": 512.0,
    "p95": 512.0,
    "p99": 512.0,
    "min": 512.0,
    "max": 512.0,
    "std": 0.0
  },
  "time_to_first_output_token": {
    "unit": "ms",
    "avg": 110.0799782,
    "p1": 108.68077154999999,
    "p5": 109.03717284999999,