{
  "schema_version": "1.0",
  "aiperf_version": "0.7.0",
  "benchmark_id": "a02cceed-0d26-4c53-b6a7-248d63125511",
  "request_throughput": {
    "unit": "requests/sec",
    "avg": 0.054903990935253714
  },
  "request_latency": {
    "unit": "ms",
    "avg": 18209.715984966668,
    "p1": 18165.824902259996,
    "p5": 18169.578232099997,
    "p10": 18177.6617825,
    "p25": 18188.869727999998,
    "p50": 18207.153749999998,
    "p75": 18223.475163749998,
    "p90": 18236.1748518,
    "p95": 18260.2086025,
    "p99": 18289.12054386,
    "min": 18164.431483,
    "max": 18294.955421,
    "std": 28.94636336042111
  },
  "request_count": {
    "unit": "requests",
    "avg": 30.0
  },
  "time_to_first_token": {
    "unit": "ms",
    "avg": 396.4022022666666,
    "p1": 393.21921412,
    "p5": 393.3611948,
    "p10": 393.40712360000003,
    "p25": 394.05371075,
    "p50": 394.2260495,
    "p75": 394.73899624999996,
    "p90": 395.01281989999995,
    "p95": 396.30742125,
    "p99": 439.50741746,
    "min": 393.175938,
    "max": 456.785944,
    "std": 11.23801587198944
  },
  "time_to_second_token": {
    "unit": "ms",
    "avg": 34.69089236666667,
    "p1": 34.40770252,
    "p5": 34.4558057,
    "p10": 34.4734751,
    "p25": 34.5362655,
    "p50": 34.6553785,
    "p75": 34.778157,
    "p90": 34.98656629999999,
    "p95": 35.0591715,
    "p99": 35.21296399,
    "min": 34.390074,
    "max": 35.257064,
    "std": 0.2047409731847346
  },
  "inter_token_latency": {
    "unit": "ms",
    "avg": 35.178627794524246,
    "p1": 34.79047299788649,
    "p5": 34.819491319569465,
    "p10": 34.84476498258317,
    "p25": 34.89284478962818,
    "p50": 35.23277376336634,
    "p75": 35.36009647096981,
    "p90": 35.47957231000544,
    "p95": 35.55746895678642,
    "p99": 35.837297715773545,
    "min": 34.78438688649707,
    "max": 35.93212731515151,
    "std": 0.2797613921016843
  },
  "output_token_throughput": {
    "unit": "tokens/sec",
    "avg": 27.858285000547735
  },
  "output_token_throughput_per_user": {
    "unit": "tokens/sec/user",
    "avg": 28.42814234989438,
    "p1": 27.904369822038205,
    "p5": 28.12354832312642,
    "p10": 28.185233613115308,
    "p25": 28.28046583520103,
    "p50": 28.382689603965375,
    "p75": 28.659171112730647,
    "p90": 28.698715757877082,
    "p95": 28.71955226837589,
    "p99": 28.74350328509539,
    "min": 27.830247600684903,
    "max": 28.748530289265766,
    "std": 0.2253407856650981
  },
  "output_sequence_length": {
    "unit": "tokens",
    "avg": 507.4,
    "p1": 497.74,
    "p5": 502.0,
    "p10": 502.0,
    "p25": 505.0,
    "p50": 506.0,
    "p75": 512.0,
    "p90": 512.0,
    "p95": 512.0,
    "p99": 512.0,
    "min": 496.0,
    "max": 512.0,
    "std": 4.144072071445347
  },
  "input_sequence_length": {
    "unit": "tokens",
    "avg": 1024.0,
    "p1": 1024.0,
    "p5": 1024.0,
    "p10": 1024.0,
    "p25": 1024.0,
    "p50": 1024.0,
    "p75": 1024.0,
    "p90": 1024.0,
    "p95": 1024.0,
    "p99": 1024.0,
    "min": 1024.0,
    "max": 1024.0,
    "std": 0.0
  },
  "output_token_count": {
    "unit": "tokens",
    "avg": 507.4,
    "p1": 497.74,
    "p5": 502.0,
    "p10": 502.0,
    "p25": 505.0,
    "p50": 506.0,
    "p75": 512.0,
    "p90": 512.0,
    "p95": 512.0,
    "p99": 512.0,
    "min": 496.0,
    "max": 512.0,
    "std": 4.144072071445347
  },
  "inter_chunk_latency": {
    "unit": "ms",
    "avg": 35.079389095510045,
    "p1": 34.53373489,
    "p5": 34.6400338,
    "p10": 34.6801853,
    "p25": 34.74752375,
    "p50": 34.833275,
    "p75": 34.93158525,
    "p90": 35.0356708,
    "p95": 35.13789315,
    "p99": 35.80462582,
    "min": 31.925034,
    "max": 105.636156,
    "std": 3.029237475044058
  },
  "total_output_tokens": {
    "unit": "tokens",
    "avg": 15222.0
  },
  "benchmark_duration": {
    "unit": "sec",
    "avg": 546.4083664770001
  },
  "total_isl": {
    "unit": "tokens",
    "avg": 30720.0
  },
  "total_osl": {
    "unit": "tokens",
    "avg": 15222.0
  },
  "telemetry_data": {
    "summary": {
      "endpoints_configured": [],
      "endpoints_successful": [],
      "start_time": "2026-05-04T22:55:02.139242",
      "end_time": "2026-05-04T23:04:10.554481"
    },
    "endpoints": {},
    "error_summary": []
  },
  "input_config": {
    "endpoint": {
      "model_names": [
        "Qwen/Qwen2.5-7B-Instruct"
      ],
      "type": "chat",
      "streaming": true,
      "urls": [
        "http://127.0.0.1:8000"
      ]
    },
    "input": {
      "extra": [
        [
          "ignore_eos",
          true
        ]
      ],
      "prompt": {
        "input_tokens": {
          "mean": 1024
        },
        "output_tokens": {
          "mean": 512
        }
      }
    },
    "output": {
      "artifact_directory": "/scratch/matregnago/cmp223/results/N2_poti_PP_long_r1_780630/poti3"
    },
    "loadgen": {
      "concurrency": 1,
      "arrival_pattern": "concurrency_burst",
      "request_count": 30,
      "warmup_request_count": 3
    },
    "cli_command": "aiperf profile --model 'Qwen/Qwen2.5-7B-Instruct' --endpoint-type 'chat' --url 'http://127.0.0.1:8000' --streaming --request-count 30 --warmup-request-count 3 --prompt-input-tokens-mean 1024 --prompt-output-tokens-mean 512 --extra-inputs 'ignore_eos:true' --output-artifact-dir '/scratch/matregnago/cmp223/results/N2_poti_PP_long_r1_780630/poti3'",
    "benchmark_id": "a02cceed-0d26-4c53-b6a7-248d63125511"
  },
  "was_cancelled": false,
  "error_summary": [],
  "start_time": "2026-05-04T22:55:02.139242",
  "end_time": "2026-05-04T23:04:08.552109",
  "http_req_blocked": {
    "unit": "ms",
    "avg": 0.0,
    "p1": 0.0,
    "p5": 0.0,
    "p10": 0.0,
    "p25": 0.0,
    "p50": 0.0,
    "p75": 0.0,
    "p90": 0.0,
    "p95": 0.0,
    "p99": 0.0,
    "min": 0.0,
    "max": 0.0,
    "std": 0.0
  },
  "http_req_waiting": {
    "unit": "ms",
    "avg": 396.23742093333334,
    "p1": 393.05457907999994,
    "p5": 393.20945135,
    "p10": 393.281906,
    "p25": 393.9305435,
    "p50": 394.0738355,
    "p75": 394.58121875,
    "p90": 394.8241841,
    "p95": 396.1201066,
    "p99": 439.3196281,
    "min": 392.993693,
    "max": 456.598759,
    "std": 11.233358225604722
  },
  "http_req_sending": {
    "unit": "ms",
    "avg": 0.11085813333333333,
    "p1": 0.07574895,
    "p5": 0.07640135,
    "p10": 0.0775785,
    "p25": 0.081706,
    "p50": 0.124288,
    "p75": 0.12746475,
    "p90": 0.1289912,
    "p95": 0.13012369999999998,
    "p99": 0.13217853,
    "min": 0.075733,
    "max": 0.132655,
    "std": 0.021781531979689177
  },
  "http_req_dns_lookup": {
    "unit": "ms",
    "avg": 0.0,
    "p1": 0.0,
    "p5": 0.0,
    "p10": 0.0,
    "p25": 0.0,
    "p50": 0.0,
    "p75": 0.0,
    "p90": 0.0,
    "p95": 0.0,
    "p99": 0.0,
    "min": 0.0,
    "max": 0.0,
    "std": 0.0
  },
  "http_req_connecting": {
    "unit": "ms",
    "avg": 0.0,
    "p1": 0.0,
    "p5": 0.0,
    "p10": 0.0,
    "p25": 0.0,
    "p50": 0.0,
    "p75": 0.0,
    "p90": 0.0,
    "p95": 0.0,
    "p99": 0.0,
    "min": 0.0,
    "max": 0.0,
    "std": 0.0
  },
  "http_req_receiving": {
    "unit": "ms",
    "avg": 17813.320848733332,
    "p1": 17771.66091339,
    "p5": 17775.288082900002,
    "p10": 17784.1867345,
    "p25": 17794.252797999998,
    "p50": 17812.3686265,
    "p75": 17829.75340225,
    "p90": 17838.4492375,
    "p95": 17843.215379049998,
    "p99": 17870.75726223,
    "min": 17770.367254999997,
    "max": 17881.224758,
    "std": 24.514990918097457
  },
  "http_req_data_received": {
    "unit": "KB",
    "avg": 128.57578125,
    "p1": 128.3255078125,
    "p5": 128.334130859375,
    "p10": 128.34404296875,
    "p25": 128.503662109375,
    "p50": 128.6015625,
    "p75": 128.6396484375,
    "p90": 128.7177734375,
    "p95": 128.761865234375,
    "p99": 128.812421875,
    "min": 128.3232421875,
    "max": 128.8271484375,
    "std": 0.12725589896907877
  },
  "http_req_chunks_received": {
    "unit": "count",
    "avg": 512.0,
    "p1": 512.0,
    "p5": 512.0,