{
  "schema_version": "1.0",
  "aiperf_version": "0.7.0",
  "benchmark_id": "9145edef-5c8d-4c3c-b944-197fd0e62375",
  "request_throughput": {
    "unit": "requests/sec",
    "avg": 0.17897353709744193
  },
  "request_latency": {
    "unit": "ms",
    "avg": 5585.877741566666,
    "p1": 5562.30939099,
    "p5": 5564.6188716999995,
    "p10": 5567.0527311000005,
    "p25": 5575.2252895,
    "p50": 5581.186414,
    "p75": 5586.751505249999,
    "p90": 5610.7116258,
    "p95": 5630.3718883500005,
    "p99": 5644.450086229999,
    "min": 5561.940125,
    "max": 5648.446957,
    "std": 19.98594355191533
  },
  "request_count": {
    "unit": "requests",
    "avg": 30.0
  },
  "time_to_first_token": {
    "unit": "ms",
    "avg": 790.3924248999999,
    "p1": 787.3585646299999,
    "p5": 788.0219787,
    "p10": 788.6470407999999,
    "p25": 789.3658732499999,
    "p50": 789.6723245,
    "p75": 791.4219902499999,
    "p90": 792.0969967999999,
    "p95": 793.19585885,
    "p99": 798.41839835,
    "min": 787.251193,
    "max": 800.3325679999999,
    "std": 2.31191959858559
  },
  "time_to_second_token": {
    "unit": "ms",
    "avg": 37.7906516,
    "p1": 37.35210814,
    "p5": 37.52260775,
    "p10": 37.5438191,
    "p25": 37.663024,
    "p50": 37.771487,
    "p75": 37.854408,
    "p90": 38.1103641,
    "p95": 38.2103061,
    "p99": 38.573136049999995,
    "min": 37.28826,
    "max": 38.689036,
    "std": 0.2570853182708806
  },
  "inter_token_latency": {
    "unit": "ms",
    "avg": 37.76970951122776,
    "p1": 37.58055315700787,
    "p5": 37.59476580708662,
    "p10": 37.61222348425197,
    "p25": 37.66908044094488,
    "p50": 37.70819799212599,
    "p75": 37.79240993897638,
    "p90": 38.03872121338583,
    "p95": 38.121038644881885,
    "p99": 38.22204581692913,
    "min": 37.57738396850394,
    "max": 38.2507814488189,
    "std": 0.16732739975152866
  },
  "output_token_throughput": {
    "unit": "tokens/sec",
    "avg": 22.902646963902654
  },
  "output_token_throughput_per_user": {
    "unit": "tokens/sec/user",
    "avg": 26.47675932045332,
    "p1": 26.162947689982083,
    "p5": 26.232254576915828,
    "p10": 26.289005581972777,
    "p25": 26.460341645433385,
    "p50": 26.51943305859949,
    "p75": 26.546971376275533,
    "p90": 26.587101600453188,
    "p95": 26.59944847499188,
    "p99": 26.609507668267415,
    "min": 26.143256742036513,
    "max": 26.611751388499137,
    "std": 0.1165891214496775
  },
  "output_sequence_length": {
    "unit": "tokens",
    "avg": 127.96666666666667,
    "p1": 127.29,
    "p5": 128.0,
    "p10": 128.0,
    "p25": 128.0,
    "p50": 128.0,
    "p75": 128.0,
    "p90": 128.0,
    "p95": 128.0,
    "p99": 128.0,
    "min": 127.0,
    "max": 128.0,
    "std": 0.17950549357115012
  },
  "input_sequence_length": {
    "unit": "tokens",
    "avg": 128.0,
    "p1": 128.0,
    "p5": 128.0,
    "p10": 128.0,
    "p25": 128.0,
    "p50": 128.0,
    "p75": 128.0,
    "p90": 128.0,
    "p95": 128.0,
    "p99": 128.0,
    "min": 128.0,
    "max": 128.0,
    "std": 0.0
  },
  "output_token_count": {
    "unit": "tokens",
    "avg": 127.96666666666667,
    "p1": 127.29,
    "p5": 128.0,
    "p10": 128.0,
    "p25": 128.0,
    "p50": 128.0,
    "p75": 128.0,
    "p90": 128.0,
    "p95": 128.0,
    "p99": 128.0,
    "min": 127.0,
    "max": 128.0,
    "std": 0.17950549357115012
  },
  "inter_chunk_latency": {
    "unit": "ms",
    "avg": 37.77955869222689,
    "p1": 37.29632879,
    "p5": 37.429106049999994,
    "p10": 37.4800855,
    "p25": 37.5669945,
    "p50": 37.66149,
    "p75": 37.768637749999996,
    "p90": 37.9003708,
    "p95": 38.028535,
    "p99": 40.976123509999994,
    "min": 33.663688,
    "max": 113.134526,
    "std": 1.9307028197529257
  },
  "total_output_tokens": {
    "unit": "tokens",
    "avg": 3839.0
  },
  "benchmark_duration": {
    "unit": "sec",
    "avg": 167.622546252
  },
  "total_isl": {
    "unit": "tokens",
    "avg": 3840.0
  },
  "total_osl": {
    "unit": "tokens",
    "avg": 3839.0
  },
  "telemetry_data": {
    "summary": {
      "endpoints_configured": [],
      "endpoints_successful": [],
      "start_time": "2026-05-04T23:07:22.781832",
      "end_time": "2026-05-04T23:10:12.409808"
    },
    "endpoints": {},
    "error_summary": []
  },
  "input_config": {
    "endpoint": {
      "model_names": [
        "Qwen/Qwen2.5-7B-Instruct"
      ],
      "type": "chat",
      "streaming": true,
      "urls": [
        "http://127.0.0.1:8000"
      ]
    },
    "input": {
      "extra": [
        [
          "ignore_eos",
          true
        ]
      ],
      "prompt": {
        "input_tokens": {
          "mean": 128
        },
        "output_tokens": {
          "mean": 128
        }
      }
    },
    "output": {
      "artifact_directory": "/scratch/matregnago/cmp223/results/N4_poti_TP_short_r1_780631/poti1"
    },
    "loadgen": {
      "concurrency": 1,
      "arrival_pattern": "concurrency_burst",
      "request_count": 30,
      "warmup_request_count": 3
    },
    "cli_command": "aiperf profile --model 'Qwen/Qwen2.5-7B-Instruct' --endpoint-type 'chat' --url 'http://127.0.0.1:8000' --streaming --request-count 30 --warmup-request-count 3 --prompt-input-tokens-mean 128 --prompt-output-tokens-mean 128 --extra-inputs 'ignore_eos:true' --output-artifact-dir '/scratch/matregnago/cmp223/results/N4_poti_TP_short_r1_780631/poti1'",
    "benchmark_id": "9145edef-5c8d-4c3c-b944-197fd0e62375"
  },
  "was_cancelled": false,
  "error_summary": [],
  "start_time": "2026-05-04T23:07:22.781832",
  "end_time": "2026-05-04T23:10:10.406380",
  "http_req_chunks_sent": {
    "unit": "count",
    "avg": 1.0,
    "p1": 1.0,
    "p5": 1.0,
    "p10": 1.0,
    "p25": 1.0,
    "p50": 1.0,
    "p75": 1.0,
    "p90": 1.0,
    "p95": 1.0,
    "p99": 1.0,
    "min": 1.0,
    "max": 1.0,
    "std": 0.0
  },
  "http_req_chunks_received": {
    "unit": "count",
    "avg": 128.0,
    "p1": 128.0,
    "p5": 128.0,
    "p10": 128.0,
    "p25": 128.0,
    "p50": 128.0,
    "p75": 128.0,
    "p90": 128.0,
    "p95": 128.0,
    "p99": 128.0,
    "min": 128.0,
    "max": 128.0,
    "std": 0.0
  },
  "http_req_receiving": {
    "unit": "ms",
    "avg": 4795.492062066666,
    "p1": 4772.73769638,
    "p5": 4774.5445904,
    "p10": 4776.7607474999995,
    "p25": 4783.9817015,
    "p50": 4788.9485665,
    "p75": 4797.13679625,
    "p90": 4819.5225951,
    "p95": 4841.37887925,
    "p99": 4854.205158479999,
    "min": 4772.334097,
    "max": 4857.853587,
    "std": 20.32634492378833
  },
  "http_req_blocked": {
    "unit": "ms",
    "avg": 0.0,
    "p1": 0.0,
    "p5": 0.0,
    "p10": 0.0,
    "p25": 0.0,
    "p50": 0.0,
    "p75": 0.0,
    "p90": 0.0,
    "p95": 0.0,
    "p99": 0.0,
    "min": 0.0,
    "max": 0.0,
    "std": 0.0
  },
  "time_to_first_output_token": {
    "unit": "ms",
    "avg": 790.3924248999999,
    "p1": 787.3585646299999,
    "p5": 788.0219787,
    "p10": 788.6470407999999,
    "p25": 789.3658732499999,
    "p50": 789.6723245,
    "p75": 791.4219902499999,
    "p90": 792.0969967999999,
    "p95": 793.19585885,
    "p99": 798.41839835,
    "min": 787.251193,
    "max": 800.3325679999999,
    "std": 2.31191959858559
  },
  "http_req_waiting": {
    "unit": "ms",
    "avg": 790.2376425333333,
    "p1": 787.18347276,
    "p5": 787.88899995,
    "p10": 788.4573771,
    "p25": 789.2165817499999,
    "p50": 789.4985489999999,
    "p75": 791.2794857499999,
    "p90": 791.9150412999999,
    "p95": 793.06864845,
    "p99": 798.2765349299999,
    "min": 787.0604999999999,
    "max": 800.1840629999999,
    "std": 2.3167315038566545
  },
  "http_req_connecting": {
    "unit": "ms",
    "avg": 0.0,
    "p1": 0.0,
    "p5": 0.0,
    "p10": 0.0,
    "p25": 0.0,
    "p50": 0.0,
    "p75": 0.0,
    "p90": 0.0,
    "p95": 0.0,
    "p99": 0.0,
    "min": 0.0,
    "max": 0.0,
    "std": 0.0
  },
  "http_req_dns_lookup": {
    "unit": "ms",
    "avg": 0.0,
    "p1": 0.0,
    "p5": 0.0,
    "p10": 0.0,
    "p25": 0.0,
    "p50": 0.0,