{
  "schema_version": "1.0",
  "aiperf_version": "0.7.0",
  "benchmark_id": "aebfd01f-a96f-45c0-9806-38beff98cfd2",
  "request_throughput": {
    "unit": "requests/sec",
    "avg": 0.3517017592996858
  },
  "request_latency": {
    "unit": "ms",
    "avg": 2841.550922733333,
    "p1": 2808.0864055999996,
    "p5": 2810.630197,
    "p10": 2812.632742,
    "p25": 2815.3135875,
    "p50": 2821.8936865,
    "p75": 2879.2976599999997,
    "p90": 2897.3077215,
    "p95": 2898.6405134499996,
    "p99": 2901.59619494,
    "min": 2807.05788,
    "max": 2902.733115,
    "std": 34.407970743263235
  },
  "request_count": {
    "unit": "requests",
    "avg": 30.0
  },
  "time_to_first_token": {
    "unit": "ms",
    "avg": 201.64444596666667,
    "p1": 200.70946961,
    "p5": 201.04557434999998,
    "p10": 201.1536784,
    "p25": 201.3421965,
    "p50": 201.503974,
    "p75": 201.72233749999998,
    "p90": 201.92611019999998,
    "p95": 202.3669438,
    "p99": 204.74868807,
    "min": 200.57638599999999,
    "max": 205.61727199999999,
    "std": 0.8195622598341744
  },
  "time_to_second_token": {
    "unit": "ms",
    "avg": 20.897201266666666,
    "p1": 20.42008521,
    "p5": 20.47031085,
    "p10": 20.5330563,
    "p25": 20.5645585,
    "p50": 20.698451499999997,
    "p75": 21.229602,
    "p90": 21.4081919,
    "p95": 21.631973149999997,
    "p99": 21.82485892,
    "min": 20.409138,
    "max": 21.89691,
    "std": 0.4062137315776785
  },
  "inter_token_latency": {
    "unit": "ms",
    "avg": 20.786665171391075,
    "p1": 20.52225300622047,
    "p5": 20.544969143700786,
    "p10": 20.560756361417322,
    "p25": 20.584327938976376,
    "p50": 20.63549015354331,
    "p75": 21.08684592125984,
    "p90": 21.22049878582677,
    "p95": 21.22839627047244,
    "p99": 21.255735442677164,
    "min": 20.513349433070864,
    "max": 21.26630966929134,
    "std": 0.2685147348468977
  },
  "output_token_throughput": {
    "unit": "tokens/sec",
    "avg": 45.01782519035978
  },
  "output_token_throughput_per_user": {
    "unit": "tokens/sec/user",
    "avg": 48.11570684163282,
    "p1": 47.04615415637438,
    "p5": 47.10671465548578,
    "p10": 47.12424619920081,
    "p25": 47.42518929714312,
    "p50": 48.46020164695895,
    "p75": 48.5806498314399,
    "p90": 48.63634581274182,
    "p95": 48.67371644339336,
    "p99": 48.727615834178394,
    "min": 47.02273293066944,
    "max": 48.74874302037856,
    "std": 0.6148300591462212
  },
  "output_sequence_length": {
    "unit": "tokens",
    "avg": 128.0,
    "p1": 128.0,
    "p5": 128.0,
    "p10": 128.0,
    "p25": 128.0,
    "p50": 128.0,
    "p75": 128.0,
    "p90": 128.0,
    "p95": 128.0,
    "p99": 128.0,
    "min": 128.0,
    "max": 128.0,
    "std": 0.0
  },
  "input_sequence_length": {
    "unit": "tokens",
    "avg": 128.0,
    "p1": 128.0,
    "p5": 128.0,
    "p10": 128.0,
    "p25": 128.0,
    "p50": 128.0,
    "p75": 128.0,
    "p90": 128.0,
    "p95": 128.0,
    "p99": 128.0,
    "min": 128.0,
    "max": 128.0,
    "std": 0.0
  },
  "output_token_count": {
    "unit": "tokens",
    "avg": 128.0,
    "p1": 128.0,
    "p5": 128.0,
    "p10": 128.0,
    "p25": 128.0,
    "p50": 128.0,
    "p75": 128.0,
    "p90": 128.0,
    "p95": 128.0,
    "p99": 128.0,
    "min": 128.0,
    "max": 128.0,
    "std": 0.0
  },
  "inter_chunk_latency": {
    "unit": "ms",
    "avg": 20.786665171391075,
    "p1": 19.59384,
    "p5": 20.418733749999998,
    "p10": 20.4690108,
    "p25": 20.543423999999998,
    "p50": 20.6667815,
    "p75": 21.108441,
    "p90": 21.2630795,
    "p95": 21.3358446,
    "p99": 21.915721629999997,
    "min": 16.282897,
    "max": 25.407092,
    "std": 0.49919802928293666
  },
  "total_output_tokens": {
    "unit": "tokens",
    "avg": 3840.0
  },
  "benchmark_duration": {
    "unit": "sec",
    "avg": 85.29954487500001
  },
  "total_isl": {
    "unit": "tokens",
    "avg": 3840.0
  },
  "total_osl": {
    "unit": "tokens",
    "avg": 3840.0
  },
  "telemetry_data": {
    "summary": {
      "endpoints_configured": [],
      "endpoints_successful": [],
      "start_time": "2026-05-05T18:06:55.994687",
      "end_time": "2026-05-05T18:08:23.300235"
    },
    "endpoints": {},
    "error_summary": []
  },
  "input_config": {
    "endpoint": {
      "model_names": [
        "Qwen/Qwen2.5-7B-Instruct"
      ],
      "type": "chat",
      "streaming": true,
      "urls": [
        "http://127.0.0.1:8000"
      ]
    },
    "input": {
      "extra": [
        [
          "ignore_eos",
          true
        ]
      ],
      "prompt": {
        "input_tokens": {
          "mean": 128
        },
        "output_tokens": {
          "mean": 128
        }
      }
    },
    "output": {
      "artifact_directory": "/scratch/matregnago/cmp223/results/N2_tupi_PP_short_r1_781238/tupi3"
    },
    "loadgen": {
      "concurrency": 1,
      "arrival_pattern": "concurrency_burst",
      "request_count": 30,
      "warmup_request_count": 3
    },
    "cli_command": "aiperf profile --model 'Qwen/Qwen2.5-7B-Instruct' --endpoint-type 'chat' --url 'http://127.0.0.1:8000' --streaming --request-count 30 --warmup-request-count 3 --prompt-input-tokens-mean 128 --prompt-output-tokens-mean 128 --extra-inputs 'ignore_eos:true' --output-artifact-dir '/scratch/matregnago/cmp223/results/N2_tupi_PP_short_r1_781238/tupi3'",
    "benchmark_id": "aebfd01f-a96f-45c0-9806-38beff98cfd2"
  },
  "was_cancelled": false,
  "error_summary": [],
  "start_time": "2026-05-05T18:06:55.994687",
  "end_time": "2026-05-05T18:08:21.296162",
  "time_to_first_output_token": {
    "unit": "ms",
    "avg": 201.64444596666667,
    "p1": 200.70946961,
    "p5": 201.04557434999998,
    "p10": 201.1536784,
    "p25": 201.3421965,
    "p50": 201.503974,
    "p75": 201.72233749999998,
    "p90": 201.92611019999998,
    "p95": 202.3669438,
    "p99": 204.74868807,
    "min": 200.57638599999999,
    "max": 205.61727199999999,
    "std": 0.8195622598341744
  },
  "http_req_sending": {
    "unit": "ms",
    "avg": 0.1130336,
    "p1": 0.07617531,
    "p5": 0.07742415,
    "p10": 0.07771489999999999,
    "p25": 0.09672325,
    "p50": 0.1220975,
    "p75": 0.12550324999999998,
    "p90": 0.1304281,
    "p95": 0.13409654999999998,
    "p99": 0.14229581,
    "min": 0.07572899999999999,
    "max": 0.145141,
    "std": 0.02115036685355599
  },
  "http_req_data_received": {
    "unit": "KB",
    "avg": 32.370670572916666,
    "p1": 32.28587890625,
    "p5": 32.29619140625,
    "p10": 32.3177734375,
    "p25": 32.35205078125,
    "p50": 32.375,
    "p75": 32.392333984375,
    "p90": 32.40693359375,
    "p95": 32.418994140625,
    "p99": 32.449482421875,
    "min": 32.2841796875,
    "max": 32.4599609375,
    "std": 0.03771241392533847
  },
  "http_req_chunks_sent": {
    "unit": "count",
    "avg": 1.0,
    "p1": 1.0,
    "p5": 1.0,
    "p10": 1.0,
    "p25": 1.0,
    "p50": 1.0,
    "p75": 1.0,
    "p90": 1.0,
    "p95": 1.0,
    "p99": 1.0,
    "min": 1.0,
    "max": 1.0,
    "std": 0.0
  },
  "http_req_connection_reused": {
    "unit": "ratio",
    "avg": 1.0,
    "p1": 1.0,
    "p5": 1.0,
    "p10": 1.0,
    "p25": 1.0,
    "p50": 1.0,
    "p75": 1.0,
    "p90": 1.0,
    "p95": 1.0,
    "p99": 1.0,
    "min": 1.0,
    "max": 1.0,
    "std": 0.0
  },
  "http_req_connecting": {
    "unit": "ms",
    "avg": 0.0,
    "p1": 0.0,
    "p5": 0.0,
    "p10": 0.0,
    "p25": 0.0,
    "p50": 0.0,
    "p75": 0.0,
    "p90": 0.0,
    "p95": 0.0,
    "p99": 0.0,
    "min": 0.0,
    "max": 0.0,
    "std": 0.0
  },
  "http_req_dns_lookup": {
    "unit": "ms",
    "avg": 0.0,
    "p1": 0.0,
    "p5": 0.0,
    "p10": 0.0,
    "p25": 0.0,
    "p50": 0.0,
    "p75": 0.0,
    "p90": 0.0,
    "p95": 0.0,
    "p99": 0.0,
    "min": 0.0,
    "max": 0.0,
    "std": 0.0
  },
  "http_req_blocked": {
    "unit": "ms",
    "avg": 0.0,
    "p1": 0.0,
    "p5": 0.0,
    "p10": 0.0,
    "p25": 0.0,
    "p50": 0.0,
    "p75": 0.0,
    "p90": 0.0,
    "p95": 0.0,
    "p99": 0.0,
    "min": 0.0,
    "max": 0.0,