{
  "schema_version": "1.0",
  "aiperf_version": "0.7.0",
  "benchmark_id": "25685683-6d9c-4b70-b1df-04798979dacb",
  "request_throughput": {
    "unit": "requests/sec",
    "avg": 0.04931179671736869
  },
  "request_latency": {
    "unit": "ms",
    "avg": 20273.632651633336,
    "p1": 19927.86776899,
    "p5": 19937.74823595,
    "p10": 19948.2652531,
    "p25": 19974.765070999998,
    "p50": 20403.931323,
    "p75": 20427.11207675,
    "p90": 20437.023874900002,
    "p95": 20463.8307474,
    "p99": 20516.67861693,
    "min": 19924.489028,
    "max": 20535.389585999998,
    "std": 216.28328659673085
  },
  "request_count": {
    "unit": "requests",
    "avg": 30.0
  },
  "time_to_first_token": {
    "unit": "ms",
    "avg": 664.5672676,
    "p1": 661.1300726699999,
    "p5": 661.3837076499999,
    "p10": 661.7812441,
    "p25": 663.463024,
    "p50": 664.795724,
    "p75": 665.7551625,
    "p90": 666.9554937,
    "p95": 667.1151480499999,
    "p99": 667.53927485,
    "min": 661.083347,
    "max": 667.659374,
    "std": 1.8060568941747213
  },
  "time_to_second_token": {
    "unit": "ms",
    "avg": 38.10943706666667,
    "p1": 37.28433809,
    "p5": 37.36340145,
    "p10": 37.4476154,
    "p25": 37.6766465,
    "p50": 38.142831,
    "p75": 38.46276725,
    "p90": 38.7570863,
    "p95": 38.9040287,
    "p99": 39.08529485,
    "min": 37.262176,
    "max": 39.117349999999995,
    "std": 0.495168015989518
  },
  "inter_token_latency": {
    "unit": "ms",
    "avg": 38.8640779746371,
    "p1": 37.71316370393346,
    "p5": 37.86262295078316,
    "p10": 38.10612160556651,
    "p25": 38.28429760317459,
    "p50": 38.862994386811025,
    "p75": 39.12975932097674,
    "p90": 39.28874448223151,
    "p95": 39.93231431959913,
    "p99": 41.62020562414639,
    "min": 37.694349798434445,
    "max": 42.23234141151386,
    "std": 0.8252911193824495
  },
  "output_token_throughput": {
    "unit": "tokens/sec",
    "avg": 24.936975599973348
  },
  "output_token_throughput_per_user": {
    "unit": "tokens/sec/user",
    "avg": 25.741831364032702,
    "p1": 24.039799989221,
    "p5": 25.043063198878766,
    "p10": 25.452890820482125,
    "p25": 25.555996719383945,
    "p50": 25.73142106034789,
    "p75": 26.12037094439362,
    "p90": 26.242530344885495,
    "p95": 26.41151170935196,
    "p99": 26.51595651620688,
    "min": 23.67853560985299,
    "max": 26.529174938614617,
    "std": 0.5245971103601721
  },
  "output_sequence_length": {
    "unit": "tokens",
    "avg": 505.7,
    "p1": 476.67,
    "p5": 495.7,
    "p10": 499.0,
    "p25": 505.0,
    "p50": 506.0,
    "p75": 511.25,
    "p90": 512.0,
    "p95": 512.0,
    "p99": 512.0,
    "min": 470.0,
    "max": 512.0,
    "std": 7.971407236701267
  },
  "input_sequence_length": {
    "unit": "tokens",
    "avg": 1024.0,
    "p1": 1024.0,
    "p5": 1024.0,
    "p10": 1024.0,
    "p25": 1024.0,
    "p50": 1024.0,
    "p75": 1024.0,
    "p90": 1024.0,
    "p95": 1024.0,
    "p99": 1024.0,
    "min": 1024.0,
    "max": 1024.0,
    "std": 0.0
  },
  "output_token_count": {
    "unit": "tokens",
    "avg": 505.7,
    "p1": 476.67,
    "p5": 495.7,
    "p10": 499.0,
    "p25": 505.0,
    "p50": 506.0,
    "p75": 511.25,
    "p90": 512.0,
    "p95": 512.0,
    "p99": 512.0,
    "min": 470.0,
    "max": 512.0,
    "std": 7.971407236701267
  },
  "inter_chunk_latency": {
    "unit": "ms",
    "avg": 38.7454364434565,
    "p1": 37.30587866,
    "p5": 37.5214532,
    "p10": 37.6284048,
    "p25": 37.8546005,
    "p50": 38.512831,
    "p75": 38.687591499999996,
    "p90": 38.8524286,
    "p95": 39.058280700000005,
    "p99": 41.54348796,
    "min": 34.056419999999996,
    "max": 154.90585299999998,
    "std": 4.673467627931288
  },
  "total_output_tokens": {
    "unit": "tokens",
    "avg": 15171.0
  },
  "benchmark_duration": {
    "unit": "sec",
    "avg": 608.3736954860001
  },
  "total_isl": {
    "unit": "tokens",
    "avg": 30720.0
  },
  "total_osl": {
    "unit": "tokens",
    "avg": 15171.0
  },
  "telemetry_data": {
    "summary": {
      "endpoints_configured": [],
      "endpoints_successful": [],
      "start_time": "2026-05-04T23:53:19.433960",
      "end_time": "2026-05-05T00:03:29.814290"
    },
    "endpoints": {},
    "error_summary": []
  },
  "input_config": {
    "endpoint": {
      "model_names": [
        "Qwen/Qwen2.5-7B-Instruct"
      ],
      "type": "chat",
      "streaming": true,
      "urls": [
        "http://127.0.0.1:8000"
      ]
    },
    "input": {
      "extra": [
        [
          "ignore_eos",
          true
        ]
      ],
      "prompt": {
        "input_tokens": {
          "mean": 1024
        },
        "output_tokens": {
          "mean": 512
        }
      }
    },
    "output": {
      "artifact_directory": "/scratch/matregnago/cmp223/results/N4_poti_PP_long_r1_780638/poti1"
    },
    "loadgen": {
      "concurrency": 1,
      "arrival_pattern": "concurrency_burst",
      "request_count": 30,
      "warmup_request_count": 3
    },
    "cli_command": "aiperf profile --model 'Qwen/Qwen2.5-7B-Instruct' --endpoint-type 'chat' --url 'http://127.0.0.1:8000' --streaming --request-count 30 --warmup-request-count 3 --prompt-input-tokens-mean 1024 --prompt-output-tokens-mean 512 --extra-inputs 'ignore_eos:true' --output-artifact-dir '/scratch/matregnago/cmp223/results/N4_poti_PP_long_r1_780638/poti1'",
    "benchmark_id": "25685683-6d9c-4b70-b1df-04798979dacb"
  },
  "was_cancelled": false,
  "error_summary": [],
  "start_time": "2026-05-04T23:53:19.433960",
  "end_time": "2026-05-05T00:03:27.810897",
  "http_req_data_received": {
    "unit": "KB",
    "avg": 128.56412760416666,
    "p1": 128.297880859375,
    "p5": 128.33876953125,
    "p10": 128.39423828125,
    "p25": 128.495361328125,
    "p50": 128.56787109375,
    "p75": 128.6513671875,
    "p90": 128.71015625,
    "p95": 128.74306640625,
    "p99": 128.772021484375,
    "min": 128.2958984375,
    "max": 128.7734375,
    "std": 0.12320032525508162
  },
  "http_req_data_sent": {
    "unit": "KB",
    "avg": 4.498697916666667,
    "p1": 4.2631640625,
    "p5": 4.34169921875,
    "p10": 4.3498046875,
    "p25": 4.396240234375,
    "p50": 4.498046875,
    "p75": 4.580322265625,
    "p90": 4.63896484375,
    "p95": 4.730224609374999,
    "p99": 4.824228515625,
    "min": 4.2314453125,
    "max": 4.8330078125,
    "std": 0.13478598817069454
  },
  "http_req_blocked": {
    "unit": "ms",
    "avg": 0.0,
    "p1": 0.0,
    "p5": 0.0,
    "p10": 0.0,
    "p25": 0.0,
    "p50": 0.0,
    "p75": 0.0,
    "p90": 0.0,
    "p95": 0.0,
    "p99": 0.0,
    "min": 0.0,
    "max": 0.0,
    "std": 0.0
  },
  "http_req_chunks_sent": {
    "unit": "count",
    "avg": 1.0,
    "p1": 1.0,
    "p5": 1.0,
    "p10": 1.0,
    "p25": 1.0,
    "p50": 1.0,
    "p75": 1.0,
    "p90": 1.0,
    "p95": 1.0,
    "p99": 1.0,
    "min": 1.0,
    "max": 1.0,
    "std": 0.0
  },
  "http_req_dns_lookup": {
    "unit": "ms",
    "avg": 0.0,
    "p1": 0.0,
    "p5": 0.0,
    "p10": 0.0,
    "p25": 0.0,
    "p50": 0.0,
    "p75": 0.0,
    "p90": 0.0,
    "p95": 0.0,
    "p99": 0.0,
    "min": 0.0,
    "max": 0.0,
    "std": 0.0
  },
  "http_req_connecting": {
    "unit": "ms",
    "avg": 0.0,
    "p1": 0.0,
    "p5": 0.0,
    "p10": 0.0,
    "p25": 0.0,
    "p50": 0.0,
    "p75": 0.0,
    "p90": 0.0,
    "p95": 0.0,
    "p99": 0.0,
    "min": 0.0,
    "max": 0.0,
    "std": 0.0
  },
  "http_req_receiving": {
    "unit": "ms",
    "avg": 19610.344873433332,
    "p1": 19264.76568457,
    "p5": 19273.88340875,
    "p10": 19284.0231908,
    "p25": 19338.2674605,
    "p50": 19737.3395765,
    "p75": 19762.52419375,
    "p90": 19772.932076099998,
    "p95": 19798.94060685,
    "p99": 19852.19709049,
    "min": 19261.820841,
    "max": 19870.667486,
    "std": 213.94083383274304
  },
  "http_req_waiting": {
    "unit": "ms",
    "avg": 664.4073712666666,
    "p1": 660.98474586,
    "p5": 661.1921790499999,
    "p10": 661.6509992,
    "p25": 663.33355425,
    "p50": 664.671382,