{
  "schema_version": "1.0",
  "aiperf_version": "0.7.0",
  "benchmark_id": "5193a70e-e6b8-4136-b1c1-b336707f1ba7",
  "request_throughput": {
    "unit": "requests/sec",
    "avg": 0.04026195800108035
  },
  "request_latency": {
    "unit": "ms",
    "avg": 24833.9229647,
    "p1": 24715.7925757,
    "p5": 24725.73867815,
    "p10": 24733.341554299997,
    "p25": 24785.50865725,
    "p50": 24812.260712,
    "p75": 24876.55416325,
    "p90": 24952.3529444,
    "p95": 24967.074707699998,
    "p99": 24986.492122919997,
    "min": 24711.803646,
    "max": 24992.640051,
    "std": 75.67683412936553
  },
  "request_count": {
    "unit": "requests",
    "avg": 30.0
  },
  "time_to_first_token": {
    "unit": "ms",
    "avg": 5648.875453966666,
    "p1": 5646.31956797,
    "p5": 5646.705945149999,
    "p10": 5646.7811439,
    "p25": 5647.00745525,
    "p50": 5647.27005,
    "p75": 5647.61325875,
    "p90": 5648.0581153,
    "p95": 5652.35064105,
    "p99": 5678.17546969,
    "min": 5646.168451,
    "max": 5687.385445999999,
    "std": 7.320081024668654
  },
  "time_to_second_token": {
    "unit": "ms",
    "avg": 37.616980999999996,
    "p1": 36.93180503,
    "p5": 36.981486,
    "p10": 37.0632064,
    "p25": 37.24831375,
    "p50": 37.4197765,
    "p75": 37.527801,
    "p90": 37.7523669,
    "p95": 38.430306599999994,
    "p99": 41.836439690000006,
    "min": 36.916548999999996,
    "max": 43.00141,
    "std": 1.0635337748999167
  },
  "inter_token_latency": {
    "unit": "ms",
    "avg": 38.09776339316123,
    "p1": 37.37808812448141,
    "p5": 37.48686898796477,
    "p10": 37.49440890293542,
    "p25": 37.72810014128286,
    "p50": 37.98940636040389,
    "p75": 38.24892703947796,
    "p90": 38.45496505814371,
    "p95": 38.8189286981631,
    "p99": 40.654969245120476,
    "min": 37.33534609197651,
    "max": 41.30322645474138,
    "std": 0.6983484399844587
  },
  "output_token_throughput": {
    "unit": "tokens/sec",
    "avg": 20.321552268411956
  },
  "output_token_throughput_per_user": {
    "unit": "tokens/sec/user",
    "avg": 26.256607856491847,
    "p1": 24.612922436308132,
    "p5": 25.761925082497342,
    "p10": 26.004451338767325,
    "p25": 26.144524258591677,
    "p50": 26.32313562374745,
    "p75": 26.505459711848214,
    "p90": 26.670643163798474,
    "p95": 26.67600794302465,
    "p99": 26.753727819401124,
    "min": 24.21118362498302,
    "max": 26.78427026058567,
    "std": 0.4557021974227094
  },
  "output_sequence_length": {
    "unit": "tokens",
    "avg": 504.73333333333335,
    "p1": 471.96,
    "p5": 493.95,
    "p10": 500.0,
    "p25": 504.0,
    "p50": 506.0,
    "p75": 511.25,
    "p90": 512.0,
    "p95": 512.0,
    "p99": 512.0,
    "min": 465.0,
    "max": 512.0,
    "std": 8.891694001832395
  },
  "input_sequence_length": {
    "unit": "tokens",
    "avg": 1024.0,
    "p1": 1024.0,
    "p5": 1024.0,
    "p10": 1024.0,
    "p25": 1024.0,
    "p50": 1024.0,
    "p75": 1024.0,
    "p90": 1024.0,
    "p95": 1024.0,
    "p99": 1024.0,
    "min": 1024.0,
    "max": 1024.0,
    "std": 0.0
  },
  "output_token_count": {
    "unit": "tokens",
    "avg": 504.73333333333335,
    "p1": 471.96,
    "p5": 493.95,
    "p10": 500.0,
    "p25": 504.0,
    "p50": 506.0,
    "p75": 511.25,
    "p90": 512.0,
    "p95": 512.0,
    "p99": 512.0,
    "min": 465.0,
    "max": 512.0,
    "std": 8.891694001832395
  },
  "inter_chunk_latency": {
    "unit": "ms",
    "avg": 37.970142850112154,
    "p1": 36.964546299999995,
    "p5": 37.1055172,
    "p10": 37.1773346,
    "p25": 37.303484,
    "p50": 37.4470475,
    "p75": 37.61353475,
    "p90": 37.8157649,
    "p95": 38.0027197,
    "p99": 42.93900014,
    "min": 33.173049999999996,
    "max": 1609.7243819999999,
    "std": 13.444550308269264
  },
  "total_output_tokens": {
    "unit": "tokens",
    "avg": 15142.0
  },
  "benchmark_duration": {
    "unit": "sec",
    "avg": 745.1202447530001
  },
  "total_isl": {
    "unit": "tokens",
    "avg": 30720.0
  },
  "total_osl": {
    "unit": "tokens",
    "avg": 15142.0
  },
  "telemetry_data": {
    "summary": {
      "endpoints_configured": [],
      "endpoints_successful": [],
      "start_time": "2026-05-04T23:13:57.957913",
      "end_time": "2026-05-04T23:26:25.084048"
    },
    "endpoints": {},
    "error_summary": []
  },
  "input_config": {
    "endpoint": {
      "model_names": [
        "Qwen/Qwen2.5-7B-Instruct"
      ],
      "type": "chat",
      "streaming": true,
      "urls": [
        "http://127.0.0.1:8000"
      ]
    },
    "input": {
      "extra": [
        [
          "ignore_eos",
          true
        ]
      ],
      "prompt": {
        "input_tokens": {
          "mean": 1024
        },
        "output_tokens": {
          "mean": 512
        }
      }
    },
    "output": {
      "artifact_directory": "/scratch/matregnago/cmp223/results/N4_poti_TP_long_r1_780632/poti1"
    },
    "loadgen": {
      "concurrency": 1,
      "arrival_pattern": "concurrency_burst",
      "request_count": 30,
      "warmup_request_count": 3
    },
    "cli_command": "aiperf profile --model 'Qwen/Qwen2.5-7B-Instruct' --endpoint-type 'chat' --url 'http://127.0.0.1:8000' --streaming --request-count 30 --warmup-request-count 3 --prompt-input-tokens-mean 1024 --prompt-output-tokens-mean 512 --extra-inputs 'ignore_eos:true' --output-artifact-dir '/scratch/matregnago/cmp223/results/N4_poti_TP_long_r1_780632/poti1'",
    "benchmark_id": "5193a70e-e6b8-4136-b1c1-b336707f1ba7"
  },
  "was_cancelled": false,
  "error_summary": [],
  "start_time": "2026-05-04T23:13:57.957913",
  "end_time": "2026-05-04T23:26:23.080479",
  "http_req_dns_lookup": {
    "unit": "ms",
    "avg": 0.0,
    "p1": 0.0,
    "p5": 0.0,
    "p10": 0.0,
    "p25": 0.0,
    "p50": 0.0,
    "p75": 0.0,
    "p90": 0.0,
    "p95": 0.0,
    "p99": 0.0,
    "min": 0.0,
    "max": 0.0,
    "std": 0.0
  },
  "http_req_chunks_sent": {
    "unit": "count",
    "avg": 1.0,
    "p1": 1.0,
    "p5": 1.0,
    "p10": 1.0,
    "p25": 1.0,
    "p50": 1.0,
    "p75": 1.0,
    "p90": 1.0,
    "p95": 1.0,
    "p99": 1.0,
    "min": 1.0,
    "max": 1.0,
    "std": 0.0
  },
  "http_req_receiving": {
    "unit": "ms",
    "avg": 19185.0540571,
    "p1": 19068.962837119998,
    "p5": 19078.68769945,
    "p10": 19085.794262299998,
    "p25": 19139.01668975,
    "p50": 19162.355208999998,
    "p75": 19229.43191675,
    "p90": 19297.7453052,
    "p95": 19320.067606049997,
    "p99": 19339.64087936,
    "min": 19065.120125999998,
    "max": 19345.856512,
    "std": 74.09655051216532
  },
  "http_req_sending": {
    "unit": "ms",
    "avg": 0.0892752,
    "p1": 0.07524194,
    "p5": 0.07734524999999999,
    "p10": 0.080382,
    "p25": 0.081343,
    "p50": 0.08306949999999999,
    "p75": 0.08518825,
    "p90": 0.1237373,
    "p95": 0.12800939999999997,
    "p99": 0.13538392000000002,
    "min": 0.07513,
    "max": 0.137255,
    "std": 0.01633181636234419
  },
  "http_req_waiting": {
    "unit": "ms",
    "avg": 5648.738170833332,
    "p1": 5646.191475369999,
    "p5": 5646.57107655,
    "p10": 5646.653388899999,
    "p25": 5646.8308705,
    "p50": 5647.139249,
    "p75": 5647.48822475,
    "p90": 5647.9294684999995,
    "p95": 5652.2204732499995,
    "p99": 5678.0503003799995,
    "min": 5646.041849,
    "max": 5687.261563999999,
    "std": 7.323074092529053
  },
  "http_req_blocked": {
    "unit": "ms",
    "avg": 0.0,
    "p1": 0.0,
    "p5": 0.0,
    "p10": 0.0,
    "p25": 0.0,
    "p50": 0.0,
    "p75": 0.0,
    "p90": 0.0,
    "p95": 0.0,
    "p99": 0.0,
    "min": 0.0,
    "max": 0.0,
    "std": 0.0
  },
  "http_req_connecting": {
    "unit": "ms",
    "avg": 0.0,
    "p1": 0.0,
    "p5": 0.0,
    "p10": 0.0,
    "p25": 0.0,
    "p50": 0.0,
    "p75": 0.0,
    "p90": 0.0,
    "p95": 0.0,
    "p99": 0.0,
    "min": 0.0,
    "max": 0.0,
    "std": 0.0
  },
  "time_to_first_output_token": {
    "unit": "ms",
    "avg": 5648.875453966666,
    "p1": 5646.31956797,
    "p5": 5646.705945149999,