{
  "schema_version": "1.0",
  "aiperf_version": "0.7.0",
  "benchmark_id": "b9ae8a42-d3be-421f-a80f-58570af6e2c0",
  "request_throughput": {
    "unit": "requests/sec",
    "avg": 0.08311106191966823
  },
  "request_latency": {
    "unit": "ms",
    "avg": 12025.8889821,
    "p1": 11952.78226839,
    "p5": 11982.597034549999,
    "p10": 11987.685123399999,
    "p25": 12006.210740499999,
    "p50": 12022.2478515,
    "p75": 12047.224725,
    "p90": 12076.790754299998,
    "p95": 12081.5624555,
    "p99": 12117.164514969998,
    "min": 11941.370191,
    "max": 12131.656455,
    "std": 36.532088649065784
  },
  "request_count": {
    "unit": "requests",
    "avg": 30.0
  },
  "time_to_first_token": {
    "unit": "ms",
    "avg": 1372.6486298,
    "p1": 1371.34890056,
    "p5": 1371.7908077999998,
    "p10": 1371.9360687,
    "p25": 1372.2441737499998,
    "p50": 1372.6064079999999,
    "p75": 1372.9332224999998,
    "p90": 1373.290123,
    "p95": 1373.42111215,
    "p99": 1375.18634043,
    "min": 1371.207304,
    "max": 1375.8661969999998,
    "std": 0.7933320913981902
  },
  "time_to_second_token": {
    "unit": "ms",
    "avg": 20.871499233333335,
    "p1": 20.4093052,
    "p5": 20.5625315,
    "p10": 20.5907878,
    "p25": 20.7381125,
    "p50": 20.826473999999997,
    "p75": 20.960662749999997,
    "p90": 21.1009367,
    "p95": 21.382783099999997,
    "p99": 21.68985313,
    "min": 20.349861,
    "max": 21.781059,
    "std": 0.27394483393811037
  },
  "inter_token_latency": {
    "unit": "ms",
    "avg": 21.085357727402737,
    "p1": 20.80567322260274,
    "p5": 20.824109736105672,
    "p10": 20.850377373385516,
    "p25": 20.930464828740156,
    "p50": 21.039200441548793,
    "p75": 21.169540770950686,
    "p90": 21.357147725848904,
    "p95": 21.594581850303644,
    "p99": 21.73507339980743,
    "min": 20.804567377690802,
    "max": 21.745780402040815,
    "std": 0.23166017898543725
  },
  "output_token_throughput": {
    "unit": "tokens/sec",
    "avg": 42.079130649928025
  },
  "output_token_throughput_per_user": {
    "unit": "tokens/sec/user",
    "avg": 47.4319184699632,
    "p1": 46.008613642548504,
    "p5": 46.30949914470688,
    "p10": 46.82284036801405,
    "p25": 47.23770870555154,
    "p50": 47.530359020826424,
    "p75": 47.77725096760469,
    "p90": 47.960763240609054,
    "p95": 48.021294060809296,
    "p99": 48.06381395193575,
    "min": 45.985932972364196,
    "max": 48.06636840102342,
    "std": 0.5135991463703201
  },
  "output_sequence_length": {
    "unit": "tokens",
    "avg": 506.3,
    "p1": 491.29,
    "p5": 493.8,
    "p10": 501.4,
    "p25": 505.0,
    "p50": 506.0,
    "p75": 511.25,
    "p90": 512.0,
    "p95": 512.0,
    "p99": 512.0,
    "min": 491.0,
    "max": 512.0,
    "std": 5.410791685757886
  },
  "input_sequence_length": {
    "unit": "tokens",
    "avg": 1024.0,
    "p1": 1024.0,
    "p5": 1024.0,
    "p10": 1024.0,
    "p25": 1024.0,
    "p50": 1024.0,
    "p75": 1024.0,
    "p90": 1024.0,
    "p95": 1024.0,
    "p99": 1024.0,
    "min": 1024.0,
    "max": 1024.0,
    "std": 0.0
  },
  "output_token_count": {
    "unit": "tokens",
    "avg": 506.3,
    "p1": 491.29,
    "p5": 493.8,
    "p10": 501.4,
    "p25": 505.0,
    "p50": 506.0,
    "p75": 511.25,
    "p90": 512.0,
    "p95": 512.0,
    "p99": 512.0,
    "min": 491.0,
    "max": 512.0,
    "std": 5.410791685757886
  },
  "inter_chunk_latency": {
    "unit": "ms",
    "avg": 21.02336604190238,
    "p1": 19.85630687,
    "p5": 20.59039485,
    "p10": 20.6503347,
    "p25": 20.7343525,
    "p50": 20.829137,
    "p75": 20.946574,
    "p90": 21.084337899999998,
    "p95": 21.238726699999997,
    "p99": 24.58283182999999,
    "min": 16.128963,
    "max": 83.136939,
    "std": 2.1212204524247342
  },
  "total_output_tokens": {
    "unit": "tokens",
    "avg": 15189.0
  },
  "benchmark_duration": {
    "unit": "sec",
    "avg": 360.96278049
  },
  "total_isl": {
    "unit": "tokens",
    "avg": 30720.0
  },
  "total_osl": {
    "unit": "tokens",
    "avg": 15189.0
  },
  "telemetry_data": {
    "summary": {
      "endpoints_configured": [],
      "endpoints_successful": [],
      "start_time": "2026-05-05T17:58:16.791853",
      "end_time": "2026-05-05T18:04:19.762954"
    },
    "endpoints": {},
    "error_summary": []
  },
  "input_config": {
    "endpoint": {
      "model_names": [
        "Qwen/Qwen2.5-7B-Instruct"
      ],
      "type": "chat",
      "streaming": true,
      "urls": [
        "http://127.0.0.1:8000"
      ]
    },
    "input": {
      "extra": [
        [
          "ignore_eos",
          true
        ]
      ],
      "prompt": {
        "input_tokens": {
          "mean": 1024
        },
        "output_tokens": {
          "mean": 512
        }
      }
    },
    "output": {
      "artifact_directory": "/scratch/matregnago/cmp223/results/N2_tupi_PP_long_r1_781237/tupi3"
    },
    "loadgen": {
      "concurrency": 1,
      "arrival_pattern": "concurrency_burst",
      "request_count": 30,
      "warmup_request_count": 3
    },
    "cli_command": "aiperf profile --model 'Qwen/Qwen2.5-7B-Instruct' --endpoint-type 'chat' --url 'http://127.0.0.1:8000' --streaming --request-count 30 --warmup-request-count 3 --prompt-input-tokens-mean 1024 --prompt-output-tokens-mean 512 --extra-inputs 'ignore_eos:true' --output-artifact-dir '/scratch/matregnago/cmp223/results/N2_tupi_PP_long_r1_781237/tupi3'",
    "benchmark_id": "b9ae8a42-d3be-421f-a80f-58570af6e2c0"
  },
  "was_cancelled": false,
  "error_summary": [],
  "start_time": "2026-05-05T17:58:16.791853",
  "end_time": "2026-05-05T18:04:17.758678",
  "http_req_connection_reused": {
    "unit": "ratio",
    "avg": 1.0,
    "p1": 1.0,
    "p5": 1.0,
    "p10": 1.0,
    "p25": 1.0,
    "p50": 1.0,
    "p75": 1.0,
    "p90": 1.0,
    "p95": 1.0,
    "p99": 1.0,
    "min": 1.0,
    "max": 1.0,
    "std": 0.0
  },
  "http_req_chunks_received": {
    "unit": "count",
    "avg": 512.0,
    "p1": 512.0,
    "p5": 512.0,
    "p10": 512.0,
    "p25": 512.0,
    "p50": 512.0,
    "p75": 512.0,
    "p90": 512.0,
    "p95": 512.0,
    "p99": 512.0,
    "min": 512.0,
    "max": 512.0,
    "std": 0.0
  },
  "http_req_blocked": {
    "unit": "ms",
    "avg": 0.0,
    "p1": 0.0,
    "p5": 0.0,
    "p10": 0.0,
    "p25": 0.0,
    "p50": 0.0,
    "p75": 0.0,
    "p90": 0.0,
    "p95": 0.0,
    "p99": 0.0,
    "min": 0.0,
    "max": 0.0,
    "std": 0.0
  },
  "http_req_data_received": {
    "unit": "KB",
    "avg": 128.5412109375,
    "p1": 128.21982421875,
    "p5": 128.32265625,
    "p10": 128.41865234375,
    "p25": 128.455322265625,
    "p50": 128.5439453125,
    "p75": 128.62939453125,
    "p90": 128.72822265625,
    "p95": 128.737060546875,
    "p99": 128.780859375,
    "min": 128.1943359375,
    "max": 128.7978515625,
    "std": 0.13336173390866773
  },
  "time_to_first_output_token": {
    "unit": "ms",
    "avg": 1372.6486298,
    "p1": 1371.34890056,
    "p5": 1371.7908077999998,
    "p10": 1371.9360687,
    "p25": 1372.2441737499998,
    "p50": 1372.6064079999999,
    "p75": 1372.9332224999998,
    "p90": 1373.290123,
    "p95": 1373.42111215,
    "p99": 1375.18634043,
    "min": 1371.207304,
    "max": 1375.8661969999998,
    "std": 0.7933320913981902
  },
  "http_req_connecting": {
    "unit": "ms",
    "avg": 0.0,
    "p1": 0.0,
    "p5": 0.0,
    "p10": 0.0,
    "p25": 0.0,
    "p50": 0.0,
    "p75": 0.0,
    "p90": 0.0,
    "p95": 0.0,
    "p99": 0.0,
    "min": 0.0,
    "max": 0.0,
    "std": 0.0
  },
  "http_req_dns_lookup": {
    "unit": "ms",
    "avg": 0.0,
    "p1": 0.0,
    "p5": 0.0,
    "p10": 0.0,
    "p25": 0.0,
    "p50": 0.0,
    "p75": 0.0,
    "p90": 0.0,
    "p95": 0.0,
    "p99": 0.0,
    "min": 0.0,
    "max": 0.0,
    "std": 0.0
  },
  "http_req_receiving": {
    "unit": "ms",
    "avg": 10654.6610041,
    "p1": 10609.432245979999,
    "p5": 10612.330975649998,
    "p10": 10615.3337392,
    "p25": 10633.503911,
    "p50": 10648.658739999999,
    "p75": 10674.600591249999,