type,experiment,machine,run,filename,extension,relative_path,absolute_path,size_bytes
concurrency,N1_tupi_none_long_r1_795502,tupi6,concurrency_001,aiperf.log,.log,concurrency/N1_tupi_none_long_r1_795502/tupi6/concurrency_001/logs/aiperf.log,/home/rafael/programacao/comp-sys-perf-analysis/data/data_compsys/final/concurrency/N1_tupi_none_long_r1_795502/tupi6/concurrency_001/logs/aiperf.log,11568
concurrency,N1_tupi_none_long_r1_795502,tupi6,concurrency_001,inputs.json,.json,concurrency/N1_tupi_none_long_r1_795502/tupi6/concurrency_001/inputs.json,/home/rafael/programacao/comp-sys-perf-analysis/data/data_compsys/final/concurrency/N1_tupi_none_long_r1_795502/tupi6/concurrency_001/inputs.json,485741
concurrency,N1_tupi_none_long_r1_795502,tupi6,concurrency_001,profile_export.jsonl,.jsonl,concurrency/N1_tupi_none_long_r1_795502/tupi6/concurrency_001/profile_export.jsonl,/home/rafael/programacao/comp-sys-perf-analysis/data/data_compsys/final/concurrency/N1_tupi_none_long_r1_795502/tupi6/concurrency_001/profile_export.jsonl,239729
concurrency,N1_tupi_none_long_r1_795502,tupi6,concurrency_001,profile_export_aiperf.csv,.csv,concurrency/N1_tupi_none_long_r1_795502/tupi6/concurrency_001/profile_export_aiperf.csv,/home/rafael/programacao/comp-sys-perf-analysis/data/data_compsys/final/concurrency/N1_tupi_none_long_r1_795502/tupi6/concurrency_001/profile_export_aiperf.csv,3565
concurrency,N1_tupi_none_long_r1_795502,tupi6,concurrency_001,profile_export_aiperf.json,.json,concurrency/N1_tupi_none_long_r1_795502/tupi6/concurrency_001/profile_export_aiperf.json,/home/rafael/programacao/comp-sys-perf-analysis/data/data_compsys/final/concurrency/N1_tupi_none_long_r1_795502/tupi6/concurrency_001/profile_export_aiperf.json,11678
concurrency,N1_tupi_none_long_r1_795502,tupi6,concurrency_001,server_metrics_export.csv,.csv,concurrency/N1_tupi_none_long_r1_795502/tupi6/concurrency_001/server_metrics_export.csv,/home/rafael/programacao/comp-sys-perf-analysis/data/data_compsys/final/concurrency/N1_tupi_none_long_r1_795502/tupi6/concurrency_001/server_metrics_export.csv,19559
concurrency,N1_tupi_none_long_r1_795502,tupi6,concurrency_001,server_metrics_export.json,.json,concurrency/N1_tupi_none_long_r1_795502/tupi6/concurrency_001/server_metrics_export.json,/home/rafael/programacao/comp-sys-perf-analysis/data/data_compsys/final/concurrency/N1_tupi_none_long_r1_795502/tupi6/concurrency_001/server_metrics_export.json,51636
concurrency,N1_tupi_none_long_r1_795502,tupi6,concurrency_002,aiperf.log,.log,concurrency/N1_tupi_none_long_r1_795502/tupi6/concurrency_002/logs/aiperf.log,/home/rafael/programacao/comp-sys-perf-analysis/data/data_compsys/final/concurrency/N1_tupi_none_long_r1_795502/tupi6/concurrency_002/logs/aiperf.log,11663
concurrency,N1_tupi_none_long_r1_795502,tupi6,concurrency_002,inputs.json,.json,concurrency/N1_tupi_none_long_r1_795502/tupi6/concurrency_002/inputs.json,/home/rafael/programacao/comp-sys-perf-analysis/data/data_compsys/final/concurrency/N1_tupi_none_long_r1_795502/tupi6/concurrency_002/inputs.json,483222
concurrency,N1_tupi_none_long_r1_795502,tupi6,concurrency_002,profile_export.jsonl,.jsonl,concurrency/N1_tupi_none_long_r1_795502/tupi6/concurrency_002/profile_export.jsonl,/home/rafael/programacao/comp-sys-perf-analysis/data/data_compsys/final/concurrency/N1_tupi_none_long_r1_795502/tupi6/concurrency_002/profile_export.jsonl,239820
concurrency,N1_tupi_none_long_r1_795502,tupi6,concurrency_002,profile_export_aiperf.csv,.csv,concurrency/N1_tupi_none_long_r1_795502/tupi6/concurrency_002/profile_export_aiperf.csv,/home/rafael/programacao/comp-sys-perf-analysis/data/data_compsys/final/concurrency/N1_tupi_none_long_r1_795502/tupi6/concurrency_002/profile_export_aiperf.csv,3577
concurrency,N1_tupi_none_long_r1_795502,tupi6,concurrency_002,profile_export_aiperf.json,.json,concurrency/N1_tupi_none_long_r1_795502/tupi6/concurrency_002/profile_export_aiperf.json,/home/rafael/programacao/comp-sys-perf-analysis/data/data_compsys/final/concurrency/N1_tupi_none_long_r1_795502/tupi6/concurrency_002/profile_export_aiperf.json,11739
concurrency,N1_tupi_none_long_r1_795502,tupi6,concurrency_002,server_metrics_export.csv,.csv,concurrency/N1_tupi_none_long_r1_795502/tupi6/concurrency_002/server_metrics_export.csv,/home/rafael/programacao/comp-sys-perf-analysis/data/data_compsys/final/concurrency/N1_tupi_none_long_r1_795502/tupi6/concurrency_002/server_metrics_export.csv,19547
concurrency,N1_tupi_none_long_r1_795502,tupi6,concurrency_002,server_metrics_export.json,.json,concurrency/N1_tupi_none_long_r1_795502/tupi6/concurrency_002/server_metrics_export.json,/home/rafael/programacao/comp-sys-perf-analysis/data/data_compsys/final/concurrency/N1_tupi_none_long_r1_795502/tupi6/concurrency_002/server_metrics_export.json,51519
concurrency,N1_tupi_none_long_r1_795502,tupi6,concurrency_004,aiperf.log,.log,concurrency/N1_tupi_none_long_r1_795502/tupi6/concurrency_004/logs/aiperf.log,/home/rafael/programacao/comp-sys-perf-analysis/data/data_compsys/final/concurrency/N1_tupi_none_long_r1_795502/tupi6/concurrency_004/logs/aiperf.log,11851
concurrency,N1_tupi_none_long_r1_795502,tupi6,concurrency_004,inputs.json,.json,concurrency/N1_tupi_none_long_r1_795502/tupi6/concurrency_004/inputs.json,/home/rafael/programacao/comp-sys-perf-analysis/data/data_compsys/final/concurrency/N1_tupi_none_long_r1_795502/tupi6/concurrency_004/inputs.json,483426
concurrency,N1_tupi_none_long_r1_795502,tupi6,concurrency_004,profile_export.jsonl,.jsonl,concurrency/N1_tupi_none_long_r1_795502/tupi6/concurrency_004/profile_export.jsonl,/home/rafael/programacao/comp-sys-perf-analysis/data/data_compsys/final/concurrency/N1_tupi_none_long_r1_795502/tupi6/concurrency_004/profile_export.jsonl,321653
concurrency,N1_tupi_none_long_r1_795502,tupi6,concurrency_004,profile_export_aiperf.csv,.csv,concurrency/N1_tupi_none_long_r1_795502/tupi6/concurrency_004/profile_export_aiperf.csv,/home/rafael/programacao/comp-sys-perf-analysis/data/data_compsys/final/concurrency/N1_tupi_none_long_r1_795502/tupi6/concurrency_004/profile_export_aiperf.csv,3580
concurrency,N1_tupi_none_long_r1_795502,tupi6,concurrency_004,profile_export_aiperf.json,.json,concurrency/N1_tupi_none_long_r1_795502/tupi6/concurrency_004/profile_export_aiperf.json,/home/rafael/programacao/comp-sys-perf-analysis/data/data_compsys/final/concurrency/N1_tupi_none_long_r1_795502/tupi6/concurrency_004/profile_export_aiperf.json,11607
concurrency,N1_tupi_none_long_r1_795502,tupi6,concurrency_004,server_metrics_export.csv,.csv,concurrency/N1_tupi_none_long_r1_795502/tupi6/concurrency_004/server_metrics_export.csv,/home/rafael/programacao/comp-sys-perf-analysis/data/data_compsys/final/concurrency/N1_tupi_none_long_r1_795502/tupi6/concurrency_004/server_metrics_export.csv,19542
concurrency,N1_tupi_none_long_r1_795502,tupi6,concurrency_004,server_metrics_export.json,.json,concurrency/N1_tupi_none_long_r1_795502/tupi6/concurrency_004/server_metrics_export.json,/home/rafael/programacao/comp-sys-perf-analysis/data/data_compsys/final/concurrency/N1_tupi_none_long_r1_795502/tupi6/concurrency_004/server_metrics_export.json,51522
concurrency,N1_tupi_none_long_r1_795502,tupi6,concurrency_008,aiperf.log,.log,concurrency/N1_tupi_none_long_r1_795502/tupi6/concurrency_008/logs/aiperf.log,/home/rafael/programacao/comp-sys-perf-analysis/data/data_compsys/final/concurrency/N1_tupi_none_long_r1_795502/tupi6/concurrency_008/logs/aiperf.log,13952
concurrency,N1_tupi_none_long_r1_795502,tupi6,concurrency_008,inputs.json,.json,concurrency/N1_tupi_none_long_r1_795502/tupi6/concurrency_008/inputs.json,/home/rafael/programacao/comp-sys-perf-analysis/data/data_compsys/final/concurrency/N1_tupi_none_long_r1_795502/tupi6/concurrency_008/inputs.json,488301
concurrency,N1_tupi_none_long_r1_795502,tupi6,concurrency_008,profile_export.jsonl,.jsonl,concurrency/N1_tupi_none_long_r1_795502/tupi6/concurrency_008/profile_export.jsonl,/home/rafael/programacao/comp-sys-perf-analysis/data/data_compsys/final/concurrency/N1_tupi_none_long_r1_795502/tupi6/concurrency_008/profile_export.jsonl,645794
concurrency,N1_tupi_none_long_r1_795502,tupi6,concurrency_008,profile_export_aiperf.csv,.csv,concurrency/N1_tupi_none_long_r1_795502/tupi6/concurrency_008/profile_export_aiperf.csv,/home/rafael/programacao/comp-sys-perf-analysis/data/data_compsys/final/concurrency/N1_tupi_none_long_r1_795502/tupi6/concurrency_008/profile_export_aiperf.csv,3602
concurrency,N1_tupi_none_long_r1_795502,tupi6,concurrency_008,profile_export_aiperf.json,.json,concurrency/N1_tupi_none_long_r1_795502/tupi6/concurrency_008/profile_export_aiperf.json,/home/rafael/programacao/comp-sys-perf-analysis/data/data_compsys/final/concurrency/N1_tupi_none_long_r1_795502/tupi6/concurrency_008/profile_export_aiperf.json,11618
concurrency,N1_tupi_none_long_r1_795502,tupi6,concurrency_008,server_metrics_export.csv,.csv,concurrency/N1_tupi_none_long_r1_795502/tupi6/concurrency_008/server_metrics_export.csv,/home/rafael/programacao/comp-sys-perf-analysis/data/data_compsys/final/concurrency/N1_tupi_none_long_r1_795502/tupi6/concurrency_008/server_metrics_export.csv,19565
concurrency,N1_tupi_none_long_r1_795502,tupi6,concurrency_008,server_metrics_export.json,.json,concurrency/N1_tupi_none_long_r1_795502/tupi6/concurrency_008/server_metrics_export.json,/home/rafael/programacao/comp-sys-perf-analysis/data/data_compsys/final/concurrency/N1_tupi_none_long_r1_795502/tupi6/concurrency_008/server_metrics_export.json,51651
concurrency,N1_tupi_none_long_r1_795502,tupi6,concurrency_016,aiperf.log,.log,concurrency/N1_tupi_none_long_r1_795502/tupi6/concurrency_016/logs/aiperf.log,/home/rafael/programacao/comp-sys-perf-analysis/data/data_compsys/final/concurrency/N1_tupi_none_long_r1_795502/tupi6/concurrency_016/logs/aiperf.log,18312
concurrency,N1_tupi_none_long_r1_795502,tupi6,concurrency_016,inputs.json,.json,concurrency/N1_tupi_none_long_r1_795502/tupi6/concurrency_016/inputs.json,/home/rafael/programacao/comp-sys-perf-analysis/data/data_compsys/final/concurrency/N1_tupi_none_long_r1_795502/tupi6/concurrency_016/inputs.json,485153
concurrency,N1_tupi_none_long_r1_795502,tupi6,concurrency_016,profile_export.jsonl,.jsonl,concurrency/N1_tupi_none_long_r1_795502/tupi6/concurrency_016/profile_export.jsonl,/home/rafael/programacao/comp-sys-perf-analysis/data/data_compsys/final/concurrency/N1_tupi_none_long_r1_795502/tupi6/concurrency_016/profile_export.jsonl,1298296
concurrency,N1_tupi_none_long_r1_795502,tupi6,concurrency_016,profile_export_aiperf.csv,.csv,concurrency/N1_tupi_none_long_r1_795502/tupi6/concurrency_016/profile_export_aiperf.csv,/home/rafael/programacao/comp-sys-perf-analysis/data/data_compsys/final/concurrency/N1_tupi_none_long_r1_795502/tupi6/concurrency_016/profile_export_aiperf.csv,3648
concurrency,N1_tupi_none_long_r1_795502,tupi6,concurrency_016,profile_export_aiperf.json,.json,concurrency/N1_tupi_none_long_r1_795502/tupi6/concurrency_016/profile_export_aiperf.json,/home/rafael/programacao/comp-sys-perf-analysis/data/data_compsys/final/concurrency/N1_tupi_none_long_r1_795502/tupi6/concurrency_016/profile_export_aiperf.json,11561
concurrency,N1_tupi_none_long_r1_795502,tupi6,concurrency_016,server_metrics_export.csv,.csv,concurrency/N1_tupi_none_long_r1_795502/tupi6/concurrency_016/server_metrics_export.csv,/home/rafael/programacao/comp-sys-perf-analysis/data/data_compsys/final/concurrency/N1_tupi_none_long_r1_795502/tupi6/concurrency_016/server_metrics_export.csv,19788
concurrency,N1_tupi_none_long_r1_795502,tupi6,concurrency_016,server_metrics_export.json,.json,concurrency/N1_tupi_none_long_r1_795502/tupi6/concurrency_016/server_metrics_export.json,/home/rafael/programacao/comp-sys-perf-analysis/data/data_compsys/final/concurrency/N1_tupi_none_long_r1_795502/tupi6/concurrency_016/server_metrics_export.json,51826
concurrency,N1_tupi_none_long_r1_795502,tupi6,concurrency_032,aiperf.log,.log,concurrency/N1_tupi_none_long_r1_795502/tupi6/concurrency_032/logs/aiperf.log,/home/rafael/programacao/comp-sys-perf-analysis/data/data_compsys/final/concurrency/N1_tupi_none_long_r1_795502/tupi6/concurrency_032/logs/aiperf.log,20971
concurrency,N1_tupi_none_long_r1_795502,tupi6,concurrency_032,inputs.json,.json,concurrency/N1_tupi_none_long_r1_795502/tupi6/concurrency_032/inputs.json,/home/rafael/programacao/comp-sys-perf-analysis/data/data_compsys/final/concurrency/N1_tupi_none_long_r1_795502/tupi6/concurrency_032/inputs.json,482338
concurrency,N1_tupi_none_long_r1_795502,tupi6,concurrency_032,profile_export.jsonl,.jsonl,concurrency/N1_tupi_none_long_r1_795502/tupi6/concurrency_032/profile_export.jsonl,/home/rafael/programacao/comp-sys-perf-analysis/data/data_compsys/final/concurrency/N1_tupi_none_long_r1_795502/tupi6/concurrency_032/profile_export.jsonl,2652767
concurrency,N1_tupi_none_long_r1_795502,tupi6,concurrency_032,profile_export_aiperf.csv,.csv,concurrency/N1_tupi_none_long_r1_795502/tupi6/concurrency_032/profile_export_aiperf.csv,/home/rafael/programacao/comp-sys-perf-analysis/data/data_compsys/final/concurrency/N1_tupi_none_long_r1_795502/tupi6/concurrency_032/profile_export_aiperf.csv,3677
concurrency,N1_tupi_none_long_r1_795502,tupi6,concurrency_032,profile_export_aiperf.json,.json,concurrency/N1_tupi_none_long_r1_795502/tupi6/concurrency_032/profile_export_aiperf.json,/home/rafael/programacao/comp-sys-perf-analysis/data/data_compsys/final/concurrency/N1_tupi_none_long_r1_795502/tupi6/concurrency_032/profile_export_aiperf.json,11795
concurrency,N1_tupi_none_long_r1_795502,tupi6,concurrency_032,server_metrics_export.csv,.csv,concurrency/N1_tupi_none_long_r1_795502/tupi6/concurrency_032/server_metrics_export.csv,/home/rafael/programacao/comp-sys-perf-analysis/data/data_compsys/final/concurrency/N1_tupi_none_long_r1_795502/tupi6/concurrency_032/server_metrics_export.csv,19830
concurrency,N1_tupi_none_long_r1_795502,tupi6,concurrency_032,server_metrics_export.json,.json,concurrency/N1_tupi_none_long_r1_795502/tupi6/concurrency_032/server_metrics_export.json,/home/rafael/programacao/comp-sys-perf-analysis/data/data_compsys/final/concurrency/N1_tupi_none_long_r1_795502/tupi6/concurrency_032/server_metrics_export.json,51893
concurrency,N1_tupi_none_long_r1_795502,tupi6,,network_telemetry.csv,.csv,concurrency/N1_tupi_none_long_r1_795502/tupi6/network_telemetry.csv,/home/rafael/programacao/comp-sys-perf-analysis/data/data_compsys/final/concurrency/N1_tupi_none_long_r1_795502/tupi6/network_telemetry.csv,128588
concurrency,N1_tupi_none_long_r1_795502,tupi6,,node.log,.log,concurrency/N1_tupi_none_long_r1_795502/tupi6/node.log,/home/rafael/programacao/comp-sys-perf-analysis/data/data_compsys/final/concurrency/N1_tupi_none_long_r1_795502/tupi6/node.log,152768
concurrency,N1_tupi_none_long_r1_795502,tupi6,,telemetry.csv,.csv,concurrency/N1_tupi_none_long_r1_795502/tupi6/telemetry.csv,/home/rafael/programacao/comp-sys-perf-analysis/data/data_compsys/final/concurrency/N1_tupi_none_long_r1_795502/tupi6/telemetry.csv,778813
concurrency,N1_tupi_none_long_r1_795502,tupi6,,vllm_server.log,.log,concurrency/N1_tupi_none_long_r1_795502/tupi6/vllm_server.log,/home/rafael/programacao/comp-sys-perf-analysis/data/data_compsys/final/concurrency/N1_tupi_none_long_r1_795502/tupi6/vllm_server.log,347267
concurrency,N1_tupi_none_long_r1_795502,,,795502.err,.err,concurrency/N1_tupi_none_long_r1_795502/795502.err,/home/rafael/programacao/comp-sys-perf-analysis/data/data_compsys/final/concurrency/N1_tupi_none_long_r1_795502/795502.err,5047
concurrency,N1_tupi_none_long_r1_795502,,,795502.out,.out,concurrency/N1_tupi_none_long_r1_795502/795502.out,/home/rafael/programacao/comp-sys-perf-analysis/data/data_compsys/final/concurrency/N1_tupi_none_long_r1_795502/795502.out,578
concurrency,N1_tupi_none_short_r1_795503,tupi5,concurrency_001,aiperf.log,.log,concurrency/N1_tupi_none_short_r1_795503/tupi5/concurrency_001/logs/aiperf.log,/home/rafael/programacao/comp-sys-perf-analysis/data/data_compsys/final/concurrency/N1_tupi_none_short_r1_795503/tupi5/concurrency_001/logs/aiperf.log,11568
concurrency,N1_tupi_none_short_r1_795503,tupi5,concurrency_001,inputs.json,.json,concurrency/N1_tupi_none_short_r1_795503/tupi5/concurrency_001/inputs.json,/home/rafael/programacao/comp-sys-perf-analysis/data/data_compsys/final/concurrency/N1_tupi_none_short_r1_795503/tupi5/concurrency_001/inputs.json,94014
concurrency,N1_tupi_none_short_r1_795503,tupi5,concurrency_001,profile_export.jsonl,.jsonl,concurrency/N1_tupi_none_short_r1_795503/tupi5/concurrency_001/profile_export.jsonl,/home/rafael/programacao/comp-sys-perf-analysis/data/data_compsys/final/concurrency/N1_tupi_none_short_r1_795503/tupi5/concurrency_001/profile_export.jsonl,104675
concurrency,N1_tupi_none_short_r1_795503,tupi5,concurrency_001,profile_export_aiperf.csv,.csv,concurrency/N1_tupi_none_short_r1_795503/tupi5/concurrency_001/profile_export_aiperf.csv,/home/rafael/programacao/comp-sys-perf-analysis/data/data_compsys/final/concurrency/N1_tupi_none_short_r1_795503/tupi5/concurrency_001/profile_export_aiperf.csv,3481
concurrency,N1_tupi_none_short_r1_795503,tupi5,concurrency_001,profile_export_aiperf.json,.json,concurrency/N1_tupi_none_short_r1_795503/tupi5/concurrency_001/profile_export_aiperf.json,/home/rafael/programacao/comp-sys-perf-analysis/data/data_compsys/final/concurrency/N1_tupi_none_short_r1_795503/tupi5/concurrency_001/profile_export_aiperf.json,11599
concurrency,N1_tupi_none_short_r1_795503,tupi5,concurrency_001,server_metrics_export.csv,.csv,concurrency/N1_tupi_none_short_r1_795503/tupi5/concurrency_001/server_metrics_export.csv,/home/rafael/programacao/comp-sys-perf-analysis/data/data_compsys/final/concurrency/N1_tupi_none_short_r1_795503/tupi5/concurrency_001/server_metrics_export.csv,19508
concurrency,N1_tupi_none_short_r1_795503,tupi5,concurrency_001,server_metrics_export.json,.json,concurrency/N1_tupi_none_short_r1_795503/tupi5/concurrency_001/server_metrics_export.json,/home/rafael/programacao/comp-sys-perf-analysis/data/data_compsys/final/concurrency/N1_tupi_none_short_r1_795503/tupi5/concurrency_001/server_metrics_export.json,51841
concurrency,N1_tupi_none_short_r1_795503,tupi5,concurrency_002,aiperf.log,.log,concurrency/N1_tupi_none_short_r1_795503/tupi5/concurrency_002/logs/aiperf.log,/home/rafael/programacao/comp-sys-perf-analysis/data/data_compsys/final/concurrency/N1_tupi_none_short_r1_795503/tupi5/concurrency_002/logs/aiperf.log,11663
concurrency,N1_tupi_none_short_r1_795503,tupi5,concurrency_002,inputs.json,.json,concurrency/N1_tupi_none_short_r1_795503/tupi5/concurrency_002/inputs.json,/home/rafael/programacao/comp-sys-perf-analysis/data/data_compsys/final/concurrency/N1_tupi_none_short_r1_795503/tupi5/concurrency_002/inputs.json,94421
concurrency,N1_tupi_none_short_r1_795503,tupi5,concurrency_002,profile_export.jsonl,.jsonl,concurrency/N1_tupi_none_short_r1_795503/tupi5/concurrency_002/profile_export.jsonl,/home/rafael/programacao/comp-sys-perf-analysis/data/data_compsys/final/concurrency/N1_tupi_none_short_r1_795503/tupi5/concurrency_002/profile_export.jsonl,104484
concurrency,N1_tupi_none_short_r1_795503,tupi5,concurrency_002,profile_export_aiperf.csv,.csv,concurrency/N1_tupi_none_short_r1_795503/tupi5/concurrency_002/profile_export_aiperf.csv,/home/rafael/programacao/comp-sys-perf-analysis/data/data_compsys/final/concurrency/N1_tupi_none_short_r1_795503/tupi5/concurrency_002/profile_export_aiperf.csv,3485
concurrency,N1_tupi_none_short_r1_795503,tupi5,concurrency_002,profile_export_aiperf.json,.json,concurrency/N1_tupi_none_short_r1_795503/tupi5/concurrency_002/profile_export_aiperf.json,/home/rafael/programacao/comp-sys-perf-analysis/data/data_compsys/final/concurrency/N1_tupi_none_short_r1_795503/tupi5/concurrency_002/profile_export_aiperf.json,11504
concurrency,N1_tupi_none_short_r1_795503,tupi5,concurrency_002,server_metrics_export.csv,.csv,concurrency/N1_tupi_none_short_r1_795503/tupi5/concurrency_002/server_metrics_export.csv,/home/rafael/programacao/comp-sys-perf-analysis/data/data_compsys/final/concurrency/N1_tupi_none_short_r1_795503/tupi5/concurrency_002/server_metrics_export.csv,19521
concurrency,N1_tupi_none_short_r1_795503,tupi5,concurrency_002,server_metrics_export.json,.json,concurrency/N1_tupi_none_short_r1_795503/tupi5/concurrency_002/server_metrics_export.json,/home/rafael/programacao/comp-sys-perf-analysis/data/data_compsys/final/concurrency/N1_tupi_none_short_r1_795503/tupi5/concurrency_002/server_metrics_export.json,51761
concurrency,N1_tupi_none_short_r1_795503,tupi5,concurrency_004,aiperf.log,.log,concurrency/N1_tupi_none_short_r1_795503/tupi5/concurrency_004/logs/aiperf.log,/home/rafael/programacao/comp-sys-perf-analysis/data/data_compsys/final/concurrency/N1_tupi_none_short_r1_795503/tupi5/concurrency_004/logs/aiperf.log,11853
concurrency,N1_tupi_none_short_r1_795503,tupi5,concurrency_004,inputs.json,.json,concurrency/N1_tupi_none_short_r1_795503/tupi5/concurrency_004/inputs.json,/home/rafael/programacao/comp-sys-perf-analysis/data/data_compsys/final/concurrency/N1_tupi_none_short_r1_795503/tupi5/concurrency_004/inputs.json,94660
concurrency,N1_tupi_none_short_r1_795503,tupi5,concurrency_004,profile_export.jsonl,.jsonl,concurrency/N1_tupi_none_short_r1_795503/tupi5/concurrency_004/profile_export.jsonl,/home/rafael/programacao/comp-sys-perf-analysis/data/data_compsys/final/concurrency/N1_tupi_none_short_r1_795503/tupi5/concurrency_004/profile_export.jsonl,139345
concurrency,N1_tupi_none_short_r1_795503,tupi5,concurrency_004,profile_export_aiperf.csv,.csv,concurrency/N1_tupi_none_short_r1_795503/tupi5/concurrency_004/profile_export_aiperf.csv,/home/rafael/programacao/comp-sys-perf-analysis/data/data_compsys/final/concurrency/N1_tupi_none_short_r1_795503/tupi5/concurrency_004/profile_export_aiperf.csv,3487
concurrency,N1_tupi_none_short_r1_795503,tupi5,concurrency_004,profile_export_aiperf.json,.json,concurrency/N1_tupi_none_short_r1_795503/tupi5/concurrency_004/profile_export_aiperf.json,/home/rafael/programacao/comp-sys-perf-analysis/data/data_compsys/final/concurrency/N1_tupi_none_short_r1_795503/tupi5/concurrency_004/profile_export_aiperf.json,11376
concurrency,N1_tupi_none_short_r1_795503,tupi5,concurrency_004,server_metrics_export.csv,.csv,concurrency/N1_tupi_none_short_r1_795503/tupi5/concurrency_004/server_metrics_export.csv,/home/rafael/programacao/comp-sys-perf-analysis/data/data_compsys/final/concurrency/N1_tupi_none_short_r1_795503/tupi5/concurrency_004/server_metrics_export.csv,19520
concurrency,N1_tupi_none_short_r1_795503,tupi5,concurrency_004,server_metrics_export.json,.json,concurrency/N1_tupi_none_short_r1_795503/tupi5/concurrency_004/server_metrics_export.json,/home/rafael/programacao/comp-sys-perf-analysis/data/data_compsys/final/concurrency/N1_tupi_none_short_r1_795503/tupi5/concurrency_004/server_metrics_export.json,51781
concurrency,N1_tupi_none_short_r1_795503,tupi5,concurrency_008,aiperf.log,.log,concurrency/N1_tupi_none_short_r1_795503/tupi5/concurrency_008/logs/aiperf.log,/home/rafael/programacao/comp-sys-perf-analysis/data/data_compsys/final/concurrency/N1_tupi_none_short_r1_795503/tupi5/concurrency_008/logs/aiperf.log,14090
concurrency,N1_tupi_none_short_r1_795503,tupi5,concurrency_008,inputs.json,.json,concurrency/N1_tupi_none_short_r1_795503/tupi5/concurrency_008/inputs.json,/home/rafael/programacao/comp-sys-perf-analysis/data/data_compsys/final/concurrency/N1_tupi_none_short_r1_795503/tupi5/concurrency_008/inputs.json,94169
concurrency,N1_tupi_none_short_r1_795503,tupi5,concurrency_008,profile_export.jsonl,.jsonl,concurrency/N1_tupi_none_short_r1_795503/tupi5/concurrency_008/profile_export.jsonl,/home/rafael/programacao/comp-sys-perf-analysis/data/data_compsys/final/concurrency/N1_tupi_none_short_r1_795503/tupi5/concurrency_008/profile_export.jsonl,278250
concurrency,N1_tupi_none_short_r1_795503,tupi5,concurrency_008,profile_export_aiperf.csv,.csv,concurrency/N1_tupi_none_short_r1_795503/tupi5/concurrency_008/profile_export_aiperf.csv,/home/rafael/programacao/comp-sys-perf-analysis/data/data_compsys/final/concurrency/N1_tupi_none_short_r1_795503/tupi5/concurrency_008/profile_export_aiperf.csv,3527
concurrency,N1_tupi_none_short_r1_795503,tupi5,concurrency_008,profile_export_aiperf.json,.json,concurrency/N1_tupi_none_short_r1_795503/tupi5/concurrency_008/profile_export_aiperf.json,/home/rafael/programacao/comp-sys-perf-analysis/data/data_compsys/final/concurrency/N1_tupi_none_short_r1_795503/tupi5/concurrency_008/profile_export_aiperf.json,11439
concurrency,N1_tupi_none_short_r1_795503,tupi5,concurrency_008,server_metrics_export.csv,.csv,concurrency/N1_tupi_none_short_r1_795503/tupi5/concurrency_008/server_metrics_export.csv,/home/rafael/programacao/comp-sys-perf-analysis/data/data_compsys/final/concurrency/N1_tupi_none_short_r1_795503/tupi5/concurrency_008/server_metrics_export.csv,19561
concurrency,N1_tupi_none_short_r1_795503,tupi5,concurrency_008,server_metrics_export.json,.json,concurrency/N1_tupi_none_short_r1_795503/tupi5/concurrency_008/server_metrics_export.json,/home/rafael/programacao/comp-sys-perf-analysis/data/data_compsys/final/concurrency/N1_tupi_none_short_r1_795503/tupi5/concurrency_008/server_metrics_export.json,51812
concurrency,N1_tupi_none_short_r1_795503,tupi5,concurrency_016,aiperf.log,.log,concurrency/N1_tupi_none_short_r1_795503/tupi5/concurrency_016/logs/aiperf.log,/home/rafael/programacao/comp-sys-perf-analysis/data/data_compsys/final/concurrency/N1_tupi_none_short_r1_795503/tupi5/concurrency_016/logs/aiperf.log,18175
concurrency,N1_tupi_none_short_r1_795503,tupi5,concurrency_016,inputs.json,.json,concurrency/N1_tupi_none_short_r1_795503/tupi5/concurrency_016/inputs.json,/home/rafael/programacao/comp-sys-perf-analysis/data/data_compsys/final/concurrency/N1_tupi_none_short_r1_795503/tupi5/concurrency_016/inputs.json,94533
concurrency,N1_tupi_none_short_r1_795503,tupi5,concurrency_016,profile_export.jsonl,.jsonl,concurrency/N1_tupi_none_short_r1_795503/tupi5/concurrency_016/profile_export.jsonl,/home/rafael/programacao/comp-sys-perf-analysis/data/data_compsys/final/concurrency/N1_tupi_none_short_r1_795503/tupi5/concurrency_016/profile_export.jsonl,558787
concurrency,N1_tupi_none_short_r1_795503,tupi5,concurrency_016,profile_export_aiperf.csv,.csv,concurrency/N1_tupi_none_short_r1_795503/tupi5/concurrency_016/profile_export_aiperf.csv,/home/rafael/programacao/comp-sys-perf-analysis/data/data_compsys/final/concurrency/N1_tupi_none_short_r1_795503/tupi5/concurrency_016/profile_export_aiperf.csv,3535
concurrency,N1_tupi_none_short_r1_795503,tupi5,concurrency_016,profile_export_aiperf.json,.json,concurrency/N1_tupi_none_short_r1_795503/tupi5/concurrency_016/profile_export_aiperf.json,/home/rafael/programacao/comp-sys-perf-analysis/data/data_compsys/final/concurrency/N1_tupi_none_short_r1_795503/tupi5/concurrency_016/profile_export_aiperf.json,11482
concurrency,N1_tupi_none_short_r1_795503,tupi5,concurrency_016,server_metrics_export.csv,.csv,concurrency/N1_tupi_none_short_r1_795503/tupi5/concurrency_016/server_metrics_export.csv,/home/rafael/programacao/comp-sys-perf-analysis/data/data_compsys/final/concurrency/N1_tupi_none_short_r1_795503/tupi5/concurrency_016/server_metrics_export.csv,19777
concurrency,N1_tupi_none_short_r1_795503,tupi5,concurrency_016,server_metrics_export.json,.json,concurrency/N1_tupi_none_short_r1_795503/tupi5/concurrency_016/server_metrics_export.json,/home/rafael/programacao/comp-sys-perf-analysis/data/data_compsys/final/concurrency/N1_tupi_none_short_r1_795503/tupi5/concurrency_016/server_metrics_export.json,51910
concurrency,N1_tupi_none_short_r1_795503,tupi5,concurrency_032,aiperf.log,.log,concurrency/N1_tupi_none_short_r1_795503/tupi5/concurrency_032/logs/aiperf.log,/home/rafael/programacao/comp-sys-perf-analysis/data/data_compsys/final/concurrency/N1_tupi_none_short_r1_795503/tupi5/concurrency_032/logs/aiperf.log,20560
concurrency,N1_tupi_none_short_r1_795503,tupi5,concurrency_032,inputs.json,.json,concurrency/N1_tupi_none_short_r1_795503/tupi5/concurrency_032/inputs.json,/home/rafael/programacao/comp-sys-perf-analysis/data/data_compsys/final/concurrency/N1_tupi_none_short_r1_795503/tupi5/concurrency_032/inputs.json,94330
concurrency,N1_tupi_none_short_r1_795503,tupi5,concurrency_032,profile_export.jsonl,.jsonl,concurrency/N1_tupi_none_short_r1_795503/tupi5/concurrency_032/profile_export.jsonl,/home/rafael/programacao/comp-sys-perf-analysis/data/data_compsys/final/concurrency/N1_tupi_none_short_r1_795503/tupi5/concurrency_032/profile_export.jsonl,1123106
concurrency,N1_tupi_none_short_r1_795503,tupi5,concurrency_032,profile_export_aiperf.csv,.csv,concurrency/N1_tupi_none_short_r1_795503/tupi5/concurrency_032/profile_export_aiperf.csv,/home/rafael/programacao/comp-sys-perf-analysis/data/data_compsys/final/concurrency/N1_tupi_none_short_r1_795503/tupi5/concurrency_032/profile_export_aiperf.csv,3539
concurrency,N1_tupi_none_short_r1_795503,tupi5,concurrency_032,profile_export_aiperf.json,.json,concurrency/N1_tupi_none_short_r1_795503/tupi5/concurrency_032/profile_export_aiperf.json,/home/rafael/programacao/comp-sys-perf-analysis/data/data_compsys/final/concurrency/N1_tupi_none_short_r1_795503/tupi5/concurrency_032/profile_export_aiperf.json,11654
concurrency,N1_tupi_none_short_r1_795503,tupi5,concurrency_032,server_metrics_export.csv,.csv,concurrency/N1_tupi_none_short_r1_795503/tupi5/concurrency_032/server_metrics_export.csv,/home/rafael/programacao/comp-sys-perf-analysis/data/data_compsys/final/concurrency/N1_tupi_none_short_r1_795503/tupi5/concurrency_032/server_metrics_export.csv,19803
concurrency,N1_tupi_none_short_r1_795503,tupi5,concurrency_032,server_metrics_export.json,.json,concurrency/N1_tupi_none_short_r1_795503/tupi5/concurrency_032/server_metrics_export.json,/home/rafael/programacao/comp-sys-perf-analysis/data/data_compsys/final/concurrency/N1_tupi_none_short_r1_795503/tupi5/concurrency_032/server_metrics_export.json,51900
concurrency,N1_tupi_none_short_r1_795503,tupi5,,network_telemetry.csv,.csv,concurrency/N1_tupi_none_short_r1_795503/tupi5/network_telemetry.csv,/home/rafael/programacao/comp-sys-perf-analysis/data/data_compsys/final/concurrency/N1_tupi_none_short_r1_795503/tupi5/network_telemetry.csv,41480
concurrency,N1_tupi_none_short_r1_795503,tupi5,,node.log,.log,concurrency/N1_tupi_none_short_r1_795503/tupi5/node.log,/home/rafael/programacao/comp-sys-perf-analysis/data/data_compsys/final/concurrency/N1_tupi_none_short_r1_795503/tupi5/node.log,146645
concurrency,N1_tupi_none_short_r1_795503,tupi5,,telemetry.csv,.csv,concurrency/N1_tupi_none_short_r1_795503/tupi5/telemetry.csv,/home/rafael/programacao/comp-sys-perf-analysis/data/data_compsys/final/concurrency/N1_tupi_none_short_r1_795503/tupi5/telemetry.csv,247312
concurrency,N1_tupi_none_short_r1_795503,tupi5,,vllm_server.log,.log,concurrency/N1_tupi_none_short_r1_795503/tupi5/vllm_server.log,/home/rafael/programacao/comp-sys-perf-analysis/data/data_compsys/final/concurrency/N1_tupi_none_short_r1_795503/tupi5/vllm_server.log,155335
concurrency,N1_tupi_none_short_r1_795503,,,795503.err,.err,concurrency/N1_tupi_none_short_r1_795503/795503.err,/home/rafael/programacao/comp-sys-perf-analysis/data/data_compsys/final/concurrency/N1_tupi_none_short_r1_795503/795503.err,5063
concurrency,N1_tupi_none_short_r1_795503,,,795503.out,.out,concurrency/N1_tupi_none_short_r1_795503/795503.out,/home/rafael/programacao/comp-sys-perf-analysis/data/data_compsys/final/concurrency/N1_tupi_none_short_r1_795503/795503.out,581
concurrency,N2_poti_PP_long_r1_795373,poti1,concurrency_001,aiperf.log,.log,concurrency/N2_poti_PP_long_r1_795373/poti1/concurrency_001/logs/aiperf.log,/home/rafael/programacao/comp-sys-perf-analysis/data/data_compsys/final/concurrency/N2_poti_PP_long_r1_795373/poti1/concurrency_001/logs/aiperf.log,11562
concurrency,N2_poti_PP_long_r1_795373,poti1,concurrency_001,inputs.json,.json,concurrency/N2_poti_PP_long_r1_795373/poti1/concurrency_001/inputs.json,/home/rafael/programacao/comp-sys-perf-analysis/data/data_compsys/final/concurrency/N2_poti_PP_long_r1_795373/poti1/concurrency_001/inputs.json,483142
concurrency,N2_poti_PP_long_r1_795373,poti1,concurrency_001,profile_export.jsonl,.jsonl,concurrency/N2_poti_PP_long_r1_795373/poti1/concurrency_001/profile_export.jsonl,/home/rafael/programacao/comp-sys-perf-analysis/data/data_compsys/final/concurrency/N2_poti_PP_long_r1_795373/poti1/concurrency_001/profile_export.jsonl,239677
concurrency,N2_poti_PP_long_r1_795373,poti1,concurrency_001,profile_export_aiperf.csv,.csv,concurrency/N2_poti_PP_long_r1_795373/poti1/concurrency_001/profile_export_aiperf.csv,/home/rafael/programacao/comp-sys-perf-analysis/data/data_compsys/final/concurrency/N2_poti_PP_long_r1_795373/poti1/concurrency_001/profile_export_aiperf.csv,3618
concurrency,N2_poti_PP_long_r1_795373,poti1,concurrency_001,profile_export_aiperf.json,.json,concurrency/N2_poti_PP_long_r1_795373/poti1/concurrency_001/profile_export_aiperf.json,/home/rafael/programacao/comp-sys-perf-analysis/data/data_compsys/final/concurrency/N2_poti_PP_long_r1_795373/poti1/concurrency_001/profile_export_aiperf.json,11688
concurrency,N2_poti_PP_long_r1_795373,poti1,concurrency_001,server_metrics_export.csv,.csv,concurrency/N2_poti_PP_long_r1_795373/poti1/concurrency_001/server_metrics_export.csv,/home/rafael/programacao/comp-sys-perf-analysis/data/data_compsys/final/concurrency/N2_poti_PP_long_r1_795373/poti1/concurrency_001/server_metrics_export.csv,19584
concurrency,N2_poti_PP_long_r1_795373,poti1,concurrency_001,server_metrics_export.json,.json,concurrency/N2_poti_PP_long_r1_795373/poti1/concurrency_001/server_metrics_export.json,/home/rafael/programacao/comp-sys-perf-analysis/data/data_compsys/final/concurrency/N2_poti_PP_long_r1_795373/poti1/concurrency_001/server_metrics_export.json,51622
concurrency,N2_poti_PP_long_r1_795373,poti1,concurrency_002,aiperf.log,.log,concurrency/N2_poti_PP_long_r1_795373/poti1/concurrency_002/logs/aiperf.log,/home/rafael/programacao/comp-sys-perf-analysis/data/data_compsys/final/concurrency/N2_poti_PP_long_r1_795373/poti1/concurrency_002/logs/aiperf.log,11794
concurrency,N2_poti_PP_long_r1_795373,poti1,concurrency_002,inputs.json,.json,concurrency/N2_poti_PP_long_r1_795373/poti1/concurrency_002/inputs.json,/home/rafael/programacao/comp-sys-perf-analysis/data/data_compsys/final/concurrency/N2_poti_PP_long_r1_795373/poti1/concurrency_002/inputs.json,482604
concurrency,N2_poti_PP_long_r1_795373,poti1,concurrency_002,profile_export.jsonl,.jsonl,concurrency/N2_poti_PP_long_r1_795373/poti1/concurrency_002/profile_export.jsonl,/home/rafael/programacao/comp-sys-perf-analysis/data/data_compsys/final/concurrency/N2_poti_PP_long_r1_795373/poti1/concurrency_002/profile_export.jsonl,240207
concurrency,N2_poti_PP_long_r1_795373,poti1,concurrency_002,profile_export_aiperf.csv,.csv,concurrency/N2_poti_PP_long_r1_795373/poti1/concurrency_002/profile_export_aiperf.csv,/home/rafael/programacao/comp-sys-perf-analysis/data/data_compsys/final/concurrency/N2_poti_PP_long_r1_795373/poti1/concurrency_002/profile_export_aiperf.csv,3637
concurrency,N2_poti_PP_long_r1_795373,poti1,concurrency_002,profile_export_aiperf.json,.json,concurrency/N2_poti_PP_long_r1_795373/poti1/concurrency_002/profile_export_aiperf.json,/home/rafael/programacao/comp-sys-perf-analysis/data/data_compsys/final/concurrency/N2_poti_PP_long_r1_795373/poti1/concurrency_002/profile_export_aiperf.json,11871
concurrency,N2_poti_PP_long_r1_795373,poti1,concurrency_002,server_metrics_export.csv,.csv,concurrency/N2_poti_PP_long_r1_795373/poti1/concurrency_002/server_metrics_export.csv,/home/rafael/programacao/comp-sys-perf-analysis/data/data_compsys/final/concurrency/N2_poti_PP_long_r1_795373/poti1/concurrency_002/server_metrics_export.csv,19574
concurrency,N2_poti_PP_long_r1_795373,poti1,concurrency_002,server_metrics_export.json,.json,concurrency/N2_poti_PP_long_r1_795373/poti1/concurrency_002/server_metrics_export.json,/home/rafael/programacao/comp-sys-perf-analysis/data/data_compsys/final/concurrency/N2_poti_PP_long_r1_795373/poti1/concurrency_002/server_metrics_export.json,51587
concurrency,N2_poti_PP_long_r1_795373,poti1,concurrency_004,aiperf.log,.log,concurrency/N2_poti_PP_long_r1_795373/poti1/concurrency_004/logs/aiperf.log,/home/rafael/programacao/comp-sys-perf-analysis/data/data_compsys/final/concurrency/N2_poti_PP_long_r1_795373/poti1/concurrency_004/logs/aiperf.log,11984
concurrency,N2_poti_PP_long_r1_795373,poti1,concurrency_004,inputs.json,.json,concurrency/N2_poti_PP_long_r1_795373/poti1/concurrency_004/inputs.json,/home/rafael/programacao/comp-sys-perf-analysis/data/data_compsys/final/concurrency/N2_poti_PP_long_r1_795373/poti1/concurrency_004/inputs.json,483199
concurrency,N2_poti_PP_long_r1_795373,poti1,concurrency_004,profile_export.jsonl,.jsonl,concurrency/N2_poti_PP_long_r1_795373/poti1/concurrency_004/profile_export.jsonl,/home/rafael/programacao/comp-sys-perf-analysis/data/data_compsys/final/concurrency/N2_poti_PP_long_r1_795373/poti1/concurrency_004/profile_export.jsonl,323876
concurrency,N2_poti_PP_long_r1_795373,poti1,concurrency_004,profile_export_aiperf.csv,.csv,concurrency/N2_poti_PP_long_r1_795373/poti1/concurrency_004/profile_export_aiperf.csv,/home/rafael/programacao/comp-sys-perf-analysis/data/data_compsys/final/concurrency/N2_poti_PP_long_r1_795373/poti1/concurrency_004/profile_export_aiperf.csv,3648
concurrency,N2_poti_PP_long_r1_795373,poti1,concurrency_004,profile_export_aiperf.json,.json,concurrency/N2_poti_PP_long_r1_795373/poti1/concurrency_004/profile_export_aiperf.json,/home/rafael/programacao/comp-sys-perf-analysis/data/data_compsys/final/concurrency/N2_poti_PP_long_r1_795373/poti1/concurrency_004/profile_export_aiperf.json,11618
concurrency,N2_poti_PP_long_r1_795373,poti1,concurrency_004,server_metrics_export.csv,.csv,concurrency/N2_poti_PP_long_r1_795373/poti1/concurrency_004/server_metrics_export.csv,/home/rafael/programacao/comp-sys-perf-analysis/data/data_compsys/final/concurrency/N2_poti_PP_long_r1_795373/poti1/concurrency_004/server_metrics_export.csv,19588
concurrency,N2_poti_PP_long_r1_795373,poti1,concurrency_004,server_metrics_export.json,.json,concurrency/N2_poti_PP_long_r1_795373/poti1/concurrency_004/server_metrics_export.json,/home/rafael/programacao/comp-sys-perf-analysis/data/data_compsys/final/concurrency/N2_poti_PP_long_r1_795373/poti1/concurrency_004/server_metrics_export.json,51676
concurrency,N2_poti_PP_long_r1_795373,poti1,concurrency_008,aiperf.log,.log,concurrency/N2_poti_PP_long_r1_795373/poti1/concurrency_008/logs/aiperf.log,/home/rafael/programacao/comp-sys-perf-analysis/data/data_compsys/final/concurrency/N2_poti_PP_long_r1_795373/poti1/concurrency_008/logs/aiperf.log,13947
concurrency,N2_poti_PP_long_r1_795373,poti1,concurrency_008,inputs.json,.json,concurrency/N2_poti_PP_long_r1_795373/poti1/concurrency_008/inputs.json,/home/rafael/programacao/comp-sys-perf-analysis/data/data_compsys/final/concurrency/N2_poti_PP_long_r1_795373/poti1/concurrency_008/inputs.json,480877
concurrency,N2_poti_PP_long_r1_795373,poti1,concurrency_008,profile_export.jsonl,.jsonl,concurrency/N2_poti_PP_long_r1_795373/poti1/concurrency_008/profile_export.jsonl,/home/rafael/programacao/comp-sys-perf-analysis/data/data_compsys/final/concurrency/N2_poti_PP_long_r1_795373/poti1/concurrency_008/profile_export.jsonl,649302
concurrency,N2_poti_PP_long_r1_795373,poti1,concurrency_008,profile_export_aiperf.csv,.csv,concurrency/N2_poti_PP_long_r1_795373/poti1/concurrency_008/profile_export_aiperf.csv,/home/rafael/programacao/comp-sys-perf-analysis/data/data_compsys/final/concurrency/N2_poti_PP_long_r1_795373/poti1/concurrency_008/profile_export_aiperf.csv,3660
concurrency,N2_poti_PP_long_r1_795373,poti1,concurrency_008,profile_export_aiperf.json,.json,concurrency/N2_poti_PP_long_r1_795373/poti1/concurrency_008/profile_export_aiperf.json,/home/rafael/programacao/comp-sys-perf-analysis/data/data_compsys/final/concurrency/N2_poti_PP_long_r1_795373/poti1/concurrency_008/profile_export_aiperf.json,11652
concurrency,N2_poti_PP_long_r1_795373,poti1,concurrency_008,server_metrics_export.csv,.csv,concurrency/N2_poti_PP_long_r1_795373/poti1/concurrency_008/server_metrics_export.csv,/home/rafael/programacao/comp-sys-perf-analysis/data/data_compsys/final/concurrency/N2_poti_PP_long_r1_795373/poti1/concurrency_008/server_metrics_export.csv,19598
concurrency,N2_poti_PP_long_r1_795373,poti1,concurrency_008,server_metrics_export.json,.json,concurrency/N2_poti_PP_long_r1_795373/poti1/concurrency_008/server_metrics_export.json,/home/rafael/programacao/comp-sys-perf-analysis/data/data_compsys/final/concurrency/N2_poti_PP_long_r1_795373/poti1/concurrency_008/server_metrics_export.json,51724
concurrency,N2_poti_PP_long_r1_795373,poti1,concurrency_016,aiperf.log,.log,concurrency/N2_poti_PP_long_r1_795373/poti1/concurrency_016/logs/aiperf.log,/home/rafael/programacao/comp-sys-perf-analysis/data/data_compsys/final/concurrency/N2_poti_PP_long_r1_795373/poti1/concurrency_016/logs/aiperf.log,18307
concurrency,N2_poti_PP_long_r1_795373,poti1,concurrency_016,inputs.json,.json,concurrency/N2_poti_PP_long_r1_795373/poti1/concurrency_016/inputs.json,/home/rafael/programacao/comp-sys-perf-analysis/data/data_compsys/final/concurrency/N2_poti_PP_long_r1_795373/poti1/concurrency_016/inputs.json,484698
concurrency,N2_poti_PP_long_r1_795373,poti1,concurrency_016,profile_export.jsonl,.jsonl,concurrency/N2_poti_PP_long_r1_795373/poti1/concurrency_016/profile_export.jsonl,/home/rafael/programacao/comp-sys-perf-analysis/data/data_compsys/final/concurrency/N2_poti_PP_long_r1_795373/poti1/concurrency_016/profile_export.jsonl,1303765
concurrency,N2_poti_PP_long_r1_795373,poti1,concurrency_016,profile_export_aiperf.csv,.csv,concurrency/N2_poti_PP_long_r1_795373/poti1/concurrency_016/profile_export_aiperf.csv,/home/rafael/programacao/comp-sys-perf-analysis/data/data_compsys/final/concurrency/N2_poti_PP_long_r1_795373/poti1/concurrency_016/profile_export_aiperf.csv,3680
concurrency,N2_poti_PP_long_r1_795373,poti1,concurrency_016,profile_export_aiperf.json,.json,concurrency/N2_poti_PP_long_r1_795373/poti1/concurrency_016/profile_export_aiperf.json,/home/rafael/programacao/comp-sys-perf-analysis/data/data_compsys/final/concurrency/N2_poti_PP_long_r1_795373/poti1/concurrency_016/profile_export_aiperf.json,11660
concurrency,N2_poti_PP_long_r1_795373,poti1,concurrency_016,server_metrics_export.csv,.csv,concurrency/N2_poti_PP_long_r1_795373/poti1/concurrency_016/server_metrics_export.csv,/home/rafael/programacao/comp-sys-perf-analysis/data/data_compsys/final/concurrency/N2_poti_PP_long_r1_795373/poti1/concurrency_016/server_metrics_export.csv,19769
concurrency,N2_poti_PP_long_r1_795373,poti1,concurrency_016,server_metrics_export.json,.json,concurrency/N2_poti_PP_long_r1_795373/poti1/concurrency_016/server_metrics_export.json,/home/rafael/programacao/comp-sys-perf-analysis/data/data_compsys/final/concurrency/N2_poti_PP_long_r1_795373/poti1/concurrency_016/server_metrics_export.json,51962
concurrency,N2_poti_PP_long_r1_795373,poti1,concurrency_032,aiperf.log,.log,concurrency/N2_poti_PP_long_r1_795373/poti1/concurrency_032/logs/aiperf.log,/home/rafael/programacao/comp-sys-perf-analysis/data/data_compsys/final/concurrency/N2_poti_PP_long_r1_795373/poti1/concurrency_032/logs/aiperf.log,20550
concurrency,N2_poti_PP_long_r1_795373,poti1,concurrency_032,inputs.json,.json,concurrency/N2_poti_PP_long_r1_795373/poti1/concurrency_032/inputs.json,/home/rafael/programacao/comp-sys-perf-analysis/data/data_compsys/final/concurrency/N2_poti_PP_long_r1_795373/poti1/concurrency_032/inputs.json,485192
concurrency,N2_poti_PP_long_r1_795373,poti1,concurrency_032,profile_export.jsonl,.jsonl,concurrency/N2_poti_PP_long_r1_795373/poti1/concurrency_032/profile_export.jsonl,/home/rafael/programacao/comp-sys-perf-analysis/data/data_compsys/final/concurrency/N2_poti_PP_long_r1_795373/poti1/concurrency_032/profile_export.jsonl,2650602
concurrency,N2_poti_PP_long_r1_795373,poti1,concurrency_032,profile_export_aiperf.csv,.csv,concurrency/N2_poti_PP_long_r1_795373/poti1/concurrency_032/profile_export_aiperf.csv,/home/rafael/programacao/comp-sys-perf-analysis/data/data_compsys/final/concurrency/N2_poti_PP_long_r1_795373/poti1/concurrency_032/profile_export_aiperf.csv,3698
concurrency,N2_poti_PP_long_r1_795373,poti1,concurrency_032,profile_export_aiperf.json,.json,concurrency/N2_poti_PP_long_r1_795373/poti1/concurrency_032/profile_export_aiperf.json,/home/rafael/programacao/comp-sys-perf-analysis/data/data_compsys/final/concurrency/N2_poti_PP_long_r1_795373/poti1/concurrency_032/profile_export_aiperf.json,11928
concurrency,N2_poti_PP_long_r1_795373,poti1,concurrency_032,server_metrics_export.csv,.csv,concurrency/N2_poti_PP_long_r1_795373/poti1/concurrency_032/server_metrics_export.csv,/home/rafael/programacao/comp-sys-perf-analysis/data/data_compsys/final/concurrency/N2_poti_PP_long_r1_795373/poti1/concurrency_032/server_metrics_export.csv,19813
concurrency,N2_poti_PP_long_r1_795373,poti1,concurrency_032,server_metrics_export.json,.json,concurrency/N2_poti_PP_long_r1_795373/poti1/concurrency_032/server_metrics_export.json,/home/rafael/programacao/comp-sys-perf-analysis/data/data_compsys/final/concurrency/N2_poti_PP_long_r1_795373/poti1/concurrency_032/server_metrics_export.json,51914
concurrency,N2_poti_PP_long_r1_795373,poti1,,iperf3_server_node1.json,.json,concurrency/N2_poti_PP_long_r1_795373/poti1/network/iperf3_server_node1.json,/home/rafael/programacao/comp-sys-perf-analysis/data/data_compsys/final/concurrency/N2_poti_PP_long_r1_795373/poti1/network/iperf3_server_node1.json,15246
concurrency,N2_poti_PP_long_r1_795373,poti1,,network_telemetry.csv,.csv,concurrency/N2_poti_PP_long_r1_795373/poti1/network_telemetry.csv,/home/rafael/programacao/comp-sys-perf-analysis/data/data_compsys/final/concurrency/N2_poti_PP_long_r1_795373/poti1/network_telemetry.csv,249612
concurrency,N2_poti_PP_long_r1_795373,poti1,,node.log,.log,concurrency/N2_poti_PP_long_r1_795373/poti1/node.log,/home/rafael/programacao/comp-sys-perf-analysis/data/data_compsys/final/concurrency/N2_poti_PP_long_r1_795373/poti1/node.log,160469
concurrency,N2_poti_PP_long_r1_795373,poti1,,telemetry.csv,.csv,concurrency/N2_poti_PP_long_r1_795373/poti1/telemetry.csv,/home/rafael/programacao/comp-sys-perf-analysis/data/data_compsys/final/concurrency/N2_poti_PP_long_r1_795373/poti1/telemetry.csv,1491918
concurrency,N2_poti_PP_long_r1_795373,poti1,,vllm_server.log,.log,concurrency/N2_poti_PP_long_r1_795373/poti1/vllm_server.log,/home/rafael/programacao/comp-sys-perf-analysis/data/data_compsys/final/concurrency/N2_poti_PP_long_r1_795373/poti1/vllm_server.log,639690
concurrency,N2_poti_PP_long_r1_795373,poti4,,iperf3_client.json,.json,concurrency/N2_poti_PP_long_r1_795373/poti4/network/iperf3_client.json,/home/rafael/programacao/comp-sys-perf-analysis/data/data_compsys/final/concurrency/N2_poti_PP_long_r1_795373/poti4/network/iperf3_client.json,21563
concurrency,N2_poti_PP_long_r1_795373,poti4,,network_telemetry.csv,.csv,concurrency/N2_poti_PP_long_r1_795373/poti4/network_telemetry.csv,/home/rafael/programacao/comp-sys-perf-analysis/data/data_compsys/final/concurrency/N2_poti_PP_long_r1_795373/poti4/network_telemetry.csv,255102
concurrency,N2_poti_PP_long_r1_795373,poti4,,node.log,.log,concurrency/N2_poti_PP_long_r1_795373/poti4/node.log,/home/rafael/programacao/comp-sys-perf-analysis/data/data_compsys/final/concurrency/N2_poti_PP_long_r1_795373/poti4/node.log,11482
concurrency,N2_poti_PP_long_r1_795373,poti4,,telemetry.csv,.csv,concurrency/N2_poti_PP_long_r1_795373/poti4/telemetry.csv,/home/rafael/programacao/comp-sys-perf-analysis/data/data_compsys/final/concurrency/N2_poti_PP_long_r1_795373/poti4/telemetry.csv,1538634
concurrency,N2_poti_PP_long_r1_795373,,,795373.err,.err,concurrency/N2_poti_PP_long_r1_795373/795373.err,/home/rafael/programacao/comp-sys-perf-analysis/data/data_compsys/final/concurrency/N2_poti_PP_long_r1_795373/795373.err,7247
concurrency,N2_poti_PP_long_r1_795373,,,795373.out,.out,concurrency/N2_poti_PP_long_r1_795373/795373.out,/home/rafael/programacao/comp-sys-perf-analysis/data/data_compsys/final/concurrency/N2_poti_PP_long_r1_795373/795373.out,762
concurrency,N2_poti_PP_short_r1_795497,poti2,concurrency_001,aiperf.log,.log,concurrency/N2_poti_PP_short_r1_795497/poti2/concurrency_001/logs/aiperf.log,/home/rafael/programacao/comp-sys-perf-analysis/data/data_compsys/final/concurrency/N2_poti_PP_short_r1_795497/poti2/concurrency_001/logs/aiperf.log,11564
concurrency,N2_poti_PP_short_r1_795497,poti2,concurrency_001,inputs.json,.json,concurrency/N2_poti_PP_short_r1_795497/poti2/concurrency_001/inputs.json,/home/rafael/programacao/comp-sys-perf-analysis/data/data_compsys/final/concurrency/N2_poti_PP_short_r1_795497/poti2/concurrency_001/inputs.json,93959
concurrency,N2_poti_PP_short_r1_795497,poti2,concurrency_001,profile_export.jsonl,.jsonl,concurrency/N2_poti_PP_short_r1_795497/poti2/concurrency_001/profile_export.jsonl,/home/rafael/programacao/comp-sys-perf-analysis/data/data_compsys/final/concurrency/N2_poti_PP_short_r1_795497/poti2/concurrency_001/profile_export.jsonl,104387
concurrency,N2_poti_PP_short_r1_795497,poti2,concurrency_001,profile_export_aiperf.csv,.csv,concurrency/N2_poti_PP_short_r1_795497/poti2/concurrency_001/profile_export_aiperf.csv,/home/rafael/programacao/comp-sys-perf-analysis/data/data_compsys/final/concurrency/N2_poti_PP_short_r1_795497/poti2/concurrency_001/profile_export_aiperf.csv,3488
concurrency,N2_poti_PP_short_r1_795497,poti2,concurrency_001,profile_export_aiperf.json,.json,concurrency/N2_poti_PP_short_r1_795497/poti2/concurrency_001/profile_export_aiperf.json,/home/rafael/programacao/comp-sys-perf-analysis/data/data_compsys/final/concurrency/N2_poti_PP_short_r1_795497/poti2/concurrency_001/profile_export_aiperf.json,11450
concurrency,N2_poti_PP_short_r1_795497,poti2,concurrency_001,server_metrics_export.csv,.csv,concurrency/N2_poti_PP_short_r1_795497/poti2/concurrency_001/server_metrics_export.csv,/home/rafael/programacao/comp-sys-perf-analysis/data/data_compsys/final/concurrency/N2_poti_PP_short_r1_795497/poti2/concurrency_001/server_metrics_export.csv,19500
concurrency,N2_poti_PP_short_r1_795497,poti2,concurrency_001,server_metrics_export.json,.json,concurrency/N2_poti_PP_short_r1_795497/poti2/concurrency_001/server_metrics_export.json,/home/rafael/programacao/comp-sys-perf-analysis/data/data_compsys/final/concurrency/N2_poti_PP_short_r1_795497/poti2/concurrency_001/server_metrics_export.json,51802
concurrency,N2_poti_PP_short_r1_795497,poti2,concurrency_002,aiperf.log,.log,concurrency/N2_poti_PP_short_r1_795497/poti2/concurrency_002/logs/aiperf.log,/home/rafael/programacao/comp-sys-perf-analysis/data/data_compsys/final/concurrency/N2_poti_PP_short_r1_795497/poti2/concurrency_002/logs/aiperf.log,11657
concurrency,N2_poti_PP_short_r1_795497,poti2,concurrency_002,inputs.json,.json,concurrency/N2_poti_PP_short_r1_795497/poti2/concurrency_002/inputs.json,/home/rafael/programacao/comp-sys-perf-analysis/data/data_compsys/final/concurrency/N2_poti_PP_short_r1_795497/poti2/concurrency_002/inputs.json,94084
concurrency,N2_poti_PP_short_r1_795497,poti2,concurrency_002,profile_export.jsonl,.jsonl,concurrency/N2_poti_PP_short_r1_795497/poti2/concurrency_002/profile_export.jsonl,/home/rafael/programacao/comp-sys-perf-analysis/data/data_compsys/final/concurrency/N2_poti_PP_short_r1_795497/poti2/concurrency_002/profile_export.jsonl,104582
concurrency,N2_poti_PP_short_r1_795497,poti2,concurrency_002,profile_export_aiperf.csv,.csv,concurrency/N2_poti_PP_short_r1_795497/poti2/concurrency_002/profile_export_aiperf.csv,/home/rafael/programacao/comp-sys-perf-analysis/data/data_compsys/final/concurrency/N2_poti_PP_short_r1_795497/poti2/concurrency_002/profile_export_aiperf.csv,3516
concurrency,N2_poti_PP_short_r1_795497,poti2,concurrency_002,profile_export_aiperf.json,.json,concurrency/N2_poti_PP_short_r1_795497/poti2/concurrency_002/profile_export_aiperf.json,/home/rafael/programacao/comp-sys-perf-analysis/data/data_compsys/final/concurrency/N2_poti_PP_short_r1_795497/poti2/concurrency_002/profile_export_aiperf.json,11480
concurrency,N2_poti_PP_short_r1_795497,poti2,concurrency_002,server_metrics_export.csv,.csv,concurrency/N2_poti_PP_short_r1_795497/poti2/concurrency_002/server_metrics_export.csv,/home/rafael/programacao/comp-sys-perf-analysis/data/data_compsys/final/concurrency/N2_poti_PP_short_r1_795497/poti2/concurrency_002/server_metrics_export.csv,19500
concurrency,N2_poti_PP_short_r1_795497,poti2,concurrency_002,server_metrics_export.json,.json,concurrency/N2_poti_PP_short_r1_795497/poti2/concurrency_002/server_metrics_export.json,/home/rafael/programacao/comp-sys-perf-analysis/data/data_compsys/final/concurrency/N2_poti_PP_short_r1_795497/poti2/concurrency_002/server_metrics_export.json,51785
concurrency,N2_poti_PP_short_r1_795497,poti2,concurrency_004,aiperf.log,.log,concurrency/N2_poti_PP_short_r1_795497/poti2/concurrency_004/logs/aiperf.log,/home/rafael/programacao/comp-sys-perf-analysis/data/data_compsys/final/concurrency/N2_poti_PP_short_r1_795497/poti2/concurrency_004/logs/aiperf.log,11847
concurrency,N2_poti_PP_short_r1_795497,poti2,concurrency_004,inputs.json,.json,concurrency/N2_poti_PP_short_r1_795497/poti2/concurrency_004/inputs.json,/home/rafael/programacao/comp-sys-perf-analysis/data/data_compsys/final/concurrency/N2_poti_PP_short_r1_795497/poti2/concurrency_004/inputs.json,94229
concurrency,N2_poti_PP_short_r1_795497,poti2,concurrency_004,profile_export.jsonl,.jsonl,concurrency/N2_poti_PP_short_r1_795497/poti2/concurrency_004/profile_export.jsonl,/home/rafael/programacao/comp-sys-perf-analysis/data/data_compsys/final/concurrency/N2_poti_PP_short_r1_795497/poti2/concurrency_004/profile_export.jsonl,139769
concurrency,N2_poti_PP_short_r1_795497,poti2,concurrency_004,profile_export_aiperf.csv,.csv,concurrency/N2_poti_PP_short_r1_795497/poti2/concurrency_004/profile_export_aiperf.csv,/home/rafael/programacao/comp-sys-perf-analysis/data/data_compsys/final/concurrency/N2_poti_PP_short_r1_795497/poti2/concurrency_004/profile_export_aiperf.csv,3524
concurrency,N2_poti_PP_short_r1_795497,poti2,concurrency_004,profile_export_aiperf.json,.json,concurrency/N2_poti_PP_short_r1_795497/poti2/concurrency_004/profile_export_aiperf.json,/home/rafael/programacao/comp-sys-perf-analysis/data/data_compsys/final/concurrency/N2_poti_PP_short_r1_795497/poti2/concurrency_004/profile_export_aiperf.json,11469
concurrency,N2_poti_PP_short_r1_795497,poti2,concurrency_004,server_metrics_export.csv,.csv,concurrency/N2_poti_PP_short_r1_795497/poti2/concurrency_004/server_metrics_export.csv,/home/rafael/programacao/comp-sys-perf-analysis/data/data_compsys/final/concurrency/N2_poti_PP_short_r1_795497/poti2/concurrency_004/server_metrics_export.csv,19508
concurrency,N2_poti_PP_short_r1_795497,poti2,concurrency_004,server_metrics_export.json,.json,concurrency/N2_poti_PP_short_r1_795497/poti2/concurrency_004/server_metrics_export.json,/home/rafael/programacao/comp-sys-perf-analysis/data/data_compsys/final/concurrency/N2_poti_PP_short_r1_795497/poti2/concurrency_004/server_metrics_export.json,51757
concurrency,N2_poti_PP_short_r1_795497,poti2,concurrency_008,aiperf.log,.log,concurrency/N2_poti_PP_short_r1_795497/poti2/concurrency_008/logs/aiperf.log,/home/rafael/programacao/comp-sys-perf-analysis/data/data_compsys/final/concurrency/N2_poti_PP_short_r1_795497/poti2/concurrency_008/logs/aiperf.log,13947
concurrency,N2_poti_PP_short_r1_795497,poti2,concurrency_008,inputs.json,.json,concurrency/N2_poti_PP_short_r1_795497/poti2/concurrency_008/inputs.json,/home/rafael/programacao/comp-sys-perf-analysis/data/data_compsys/final/concurrency/N2_poti_PP_short_r1_795497/poti2/concurrency_008/inputs.json,94256
concurrency,N2_poti_PP_short_r1_795497,poti2,concurrency_008,profile_export.jsonl,.jsonl,concurrency/N2_poti_PP_short_r1_795497/poti2/concurrency_008/profile_export.jsonl,/home/rafael/programacao/comp-sys-perf-analysis/data/data_compsys/final/concurrency/N2_poti_PP_short_r1_795497/poti2/concurrency_008/profile_export.jsonl,280705
concurrency,N2_poti_PP_short_r1_795497,poti2,concurrency_008,profile_export_aiperf.csv,.csv,concurrency/N2_poti_PP_short_r1_795497/poti2/concurrency_008/profile_export_aiperf.csv,/home/rafael/programacao/comp-sys-perf-analysis/data/data_compsys/final/concurrency/N2_poti_PP_short_r1_795497/poti2/concurrency_008/profile_export_aiperf.csv,3567
concurrency,N2_poti_PP_short_r1_795497,poti2,concurrency_008,profile_export_aiperf.json,.json,concurrency/N2_poti_PP_short_r1_795497/poti2/concurrency_008/profile_export_aiperf.json,/home/rafael/programacao/comp-sys-perf-analysis/data/data_compsys/final/concurrency/N2_poti_PP_short_r1_795497/poti2/concurrency_008/profile_export_aiperf.json,11591
concurrency,N2_poti_PP_short_r1_795497,poti2,concurrency_008,server_metrics_export.csv,.csv,concurrency/N2_poti_PP_short_r1_795497/poti2/concurrency_008/server_metrics_export.csv,/home/rafael/programacao/comp-sys-perf-analysis/data/data_compsys/final/concurrency/N2_poti_PP_short_r1_795497/poti2/concurrency_008/server_metrics_export.csv,19545
concurrency,N2_poti_PP_short_r1_795497,poti2,concurrency_008,server_metrics_export.json,.json,concurrency/N2_poti_PP_short_r1_795497/poti2/concurrency_008/server_metrics_export.json,/home/rafael/programacao/comp-sys-perf-analysis/data/data_compsys/final/concurrency/N2_poti_PP_short_r1_795497/poti2/concurrency_008/server_metrics_export.json,51720
concurrency,N2_poti_PP_short_r1_795497,poti2,concurrency_016,aiperf.log,.log,concurrency/N2_poti_PP_short_r1_795497/poti2/concurrency_016/logs/aiperf.log,/home/rafael/programacao/comp-sys-perf-analysis/data/data_compsys/final/concurrency/N2_poti_PP_short_r1_795497/poti2/concurrency_016/logs/aiperf.log,18169
concurrency,N2_poti_PP_short_r1_795497,poti2,concurrency_016,inputs.json,.json,concurrency/N2_poti_PP_short_r1_795497/poti2/concurrency_016/inputs.json,/home/rafael/programacao/comp-sys-perf-analysis/data/data_compsys/final/concurrency/N2_poti_PP_short_r1_795497/poti2/concurrency_016/inputs.json,94885
concurrency,N2_poti_PP_short_r1_795497,poti2,concurrency_016,profile_export.jsonl,.jsonl,concurrency/N2_poti_PP_short_r1_795497/poti2/concurrency_016/profile_export.jsonl,/home/rafael/programacao/comp-sys-perf-analysis/data/data_compsys/final/concurrency/N2_poti_PP_short_r1_795497/poti2/concurrency_016/profile_export.jsonl,562224
concurrency,N2_poti_PP_short_r1_795497,poti2,concurrency_016,profile_export_aiperf.csv,.csv,concurrency/N2_poti_PP_short_r1_795497/poti2/concurrency_016/profile_export_aiperf.csv,/home/rafael/programacao/comp-sys-perf-analysis/data/data_compsys/final/concurrency/N2_poti_PP_short_r1_795497/poti2/concurrency_016/profile_export_aiperf.csv,3557
concurrency,N2_poti_PP_short_r1_795497,poti2,concurrency_016,profile_export_aiperf.json,.json,concurrency/N2_poti_PP_short_r1_795497/poti2/concurrency_016/profile_export_aiperf.json,/home/rafael/programacao/comp-sys-perf-analysis/data/data_compsys/final/concurrency/N2_poti_PP_short_r1_795497/poti2/concurrency_016/profile_export_aiperf.json,11566
concurrency,N2_poti_PP_short_r1_795497,poti2,concurrency_016,server_metrics_export.csv,.csv,concurrency/N2_poti_PP_short_r1_795497/poti2/concurrency_016/server_metrics_export.csv,/home/rafael/programacao/comp-sys-perf-analysis/data/data_compsys/final/concurrency/N2_poti_PP_short_r1_795497/poti2/concurrency_016/server_metrics_export.csv,19737
concurrency,N2_poti_PP_short_r1_795497,poti2,concurrency_016,server_metrics_export.json,.json,concurrency/N2_poti_PP_short_r1_795497/poti2/concurrency_016/server_metrics_export.json,/home/rafael/programacao/comp-sys-perf-analysis/data/data_compsys/final/concurrency/N2_poti_PP_short_r1_795497/poti2/concurrency_016/server_metrics_export.json,51958
concurrency,N2_poti_PP_short_r1_795497,poti2,concurrency_032,aiperf.log,.log,concurrency/N2_poti_PP_short_r1_795497/poti2/concurrency_032/logs/aiperf.log,/home/rafael/programacao/comp-sys-perf-analysis/data/data_compsys/final/concurrency/N2_poti_PP_short_r1_795497/poti2/concurrency_032/logs/aiperf.log,20406
concurrency,N2_poti_PP_short_r1_795497,poti2,concurrency_032,inputs.json,.json,concurrency/N2_poti_PP_short_r1_795497/poti2/concurrency_032/inputs.json,/home/rafael/programacao/comp-sys-perf-analysis/data/data_compsys/final/concurrency/N2_poti_PP_short_r1_795497/poti2/concurrency_032/inputs.json,94107
concurrency,N2_poti_PP_short_r1_795497,poti2,concurrency_032,profile_export.jsonl,.jsonl,concurrency/N2_poti_PP_short_r1_795497/poti2/concurrency_032/profile_export.jsonl,/home/rafael/programacao/comp-sys-perf-analysis/data/data_compsys/final/concurrency/N2_poti_PP_short_r1_795497/poti2/concurrency_032/profile_export.jsonl,1131967
concurrency,N2_poti_PP_short_r1_795497,poti2,concurrency_032,profile_export_aiperf.csv,.csv,concurrency/N2_poti_PP_short_r1_795497/poti2/concurrency_032/profile_export_aiperf.csv,/home/rafael/programacao/comp-sys-perf-analysis/data/data_compsys/final/concurrency/N2_poti_PP_short_r1_795497/poti2/concurrency_032/profile_export_aiperf.csv,3569
concurrency,N2_poti_PP_short_r1_795497,poti2,concurrency_032,profile_export_aiperf.json,.json,concurrency/N2_poti_PP_short_r1_795497/poti2/concurrency_032/profile_export_aiperf.json,/home/rafael/programacao/comp-sys-perf-analysis/data/data_compsys/final/concurrency/N2_poti_PP_short_r1_795497/poti2/concurrency_032/profile_export_aiperf.json,11739
concurrency,N2_poti_PP_short_r1_795497,poti2,concurrency_032,server_metrics_export.csv,.csv,concurrency/N2_poti_PP_short_r1_795497/poti2/concurrency_032/server_metrics_export.csv,/home/rafael/programacao/comp-sys-perf-analysis/data/data_compsys/final/concurrency/N2_poti_PP_short_r1_795497/poti2/concurrency_032/server_metrics_export.csv,19745
concurrency,N2_poti_PP_short_r1_795497,poti2,concurrency_032,server_metrics_export.json,.json,concurrency/N2_poti_PP_short_r1_795497/poti2/concurrency_032/server_metrics_export.json,/home/rafael/programacao/comp-sys-perf-analysis/data/data_compsys/final/concurrency/N2_poti_PP_short_r1_795497/poti2/concurrency_032/server_metrics_export.json,51656
concurrency,N2_poti_PP_short_r1_795497,poti2,,iperf3_server_node1.json,.json,concurrency/N2_poti_PP_short_r1_795497/poti2/network/iperf3_server_node1.json,/home/rafael/programacao/comp-sys-perf-analysis/data/data_compsys/final/concurrency/N2_poti_PP_short_r1_795497/poti2/network/iperf3_server_node1.json,15532
concurrency,N2_poti_PP_short_r1_795497,poti2,,network_telemetry.csv,.csv,concurrency/N2_poti_PP_short_r1_795497/poti2/network_telemetry.csv,/home/rafael/programacao/comp-sys-perf-analysis/data/data_compsys/final/concurrency/N2_poti_PP_short_r1_795497/poti2/network_telemetry.csv,73322
concurrency,N2_poti_PP_short_r1_795497,poti2,,node.log,.log,concurrency/N2_poti_PP_short_r1_795497/poti2/node.log,/home/rafael/programacao/comp-sys-perf-analysis/data/data_compsys/final/concurrency/N2_poti_PP_short_r1_795497/poti2/node.log,149598
concurrency,N2_poti_PP_short_r1_795497,poti2,,telemetry.csv,.csv,concurrency/N2_poti_PP_short_r1_795497/poti2/telemetry.csv,/home/rafael/programacao/comp-sys-perf-analysis/data/data_compsys/final/concurrency/N2_poti_PP_short_r1_795497/poti2/telemetry.csv,433508
concurrency,N2_poti_PP_short_r1_795497,poti2,,vllm_server.log,.log,concurrency/N2_poti_PP_short_r1_795497/poti2/vllm_server.log,/home/rafael/programacao/comp-sys-perf-analysis/data/data_compsys/final/concurrency/N2_poti_PP_short_r1_795497/poti2/vllm_server.log,238947
concurrency,N2_poti_PP_short_r1_795497,poti4,,iperf3_client.json,.json,concurrency/N2_poti_PP_short_r1_795497/poti4/network/iperf3_client.json,/home/rafael/programacao/comp-sys-perf-analysis/data/data_compsys/final/concurrency/N2_poti_PP_short_r1_795497/poti4/network/iperf3_client.json,21501
concurrency,N2_poti_PP_short_r1_795497,poti4,,network_telemetry.csv,.csv,concurrency/N2_poti_PP_short_r1_795497/poti4/network_telemetry.csv,/home/rafael/programacao/comp-sys-perf-analysis/data/data_compsys/final/concurrency/N2_poti_PP_short_r1_795497/poti4/network_telemetry.csv,78812
concurrency,N2_poti_PP_short_r1_795497,poti4,,node.log,.log,concurrency/N2_poti_PP_short_r1_795497/poti4/node.log,/home/rafael/programacao/comp-sys-perf-analysis/data/data_compsys/final/concurrency/N2_poti_PP_short_r1_795497/poti4/node.log,18930
concurrency,N2_poti_PP_short_r1_795497,poti4,,telemetry.csv,.csv,concurrency/N2_poti_PP_short_r1_795497/poti4/telemetry.csv,/home/rafael/programacao/comp-sys-perf-analysis/data/data_compsys/final/concurrency/N2_poti_PP_short_r1_795497/poti4/telemetry.csv,464705
concurrency,N2_poti_PP_short_r1_795497,,,795497.err,.err,concurrency/N2_poti_PP_short_r1_795497/795497.err,/home/rafael/programacao/comp-sys-perf-analysis/data/data_compsys/final/concurrency/N2_poti_PP_short_r1_795497/795497.err,7274
concurrency,N2_poti_PP_short_r1_795497,,,795497.out,.out,concurrency/N2_poti_PP_short_r1_795497/795497.out,/home/rafael/programacao/comp-sys-perf-analysis/data/data_compsys/final/concurrency/N2_poti_PP_short_r1_795497/795497.out,767
concurrency,N2_poti_TP_long_r1_796179,poti4,concurrency_001,aiperf.log,.log,concurrency/N2_poti_TP_long_r1_796179/poti4/concurrency_001/logs/aiperf.log,/home/rafael/programacao/comp-sys-perf-analysis/data/data_compsys/final/concurrency/N2_poti_TP_long_r1_796179/poti4/concurrency_001/logs/aiperf.log,11562
concurrency,N2_poti_TP_long_r1_796179,poti4,concurrency_001,inputs.json,.json,concurrency/N2_poti_TP_long_r1_796179/poti4/concurrency_001/inputs.json,/home/rafael/programacao/comp-sys-perf-analysis/data/data_compsys/final/concurrency/N2_poti_TP_long_r1_796179/poti4/concurrency_001/inputs.json,481491
concurrency,N2_poti_TP_long_r1_796179,poti4,concurrency_001,profile_export.jsonl,.jsonl,concurrency/N2_poti_TP_long_r1_796179/poti4/concurrency_001/profile_export.jsonl,/home/rafael/programacao/comp-sys-perf-analysis/data/data_compsys/final/concurrency/N2_poti_TP_long_r1_796179/poti4/concurrency_001/profile_export.jsonl,261030
concurrency,N2_poti_TP_long_r1_796179,poti4,concurrency_001,profile_export_aiperf.csv,.csv,concurrency/N2_poti_TP_long_r1_796179/poti4/concurrency_001/profile_export_aiperf.csv,/home/rafael/programacao/comp-sys-perf-analysis/data/data_compsys/final/concurrency/N2_poti_TP_long_r1_796179/poti4/concurrency_001/profile_export_aiperf.csv,3644
concurrency,N2_poti_TP_long_r1_796179,poti4,concurrency_001,profile_export_aiperf.json,.json,concurrency/N2_poti_TP_long_r1_796179/poti4/concurrency_001/profile_export_aiperf.json,/home/rafael/programacao/comp-sys-perf-analysis/data/data_compsys/final/concurrency/N2_poti_TP_long_r1_796179/poti4/concurrency_001/profile_export_aiperf.json,11693
concurrency,N2_poti_TP_long_r1_796179,poti4,concurrency_001,server_metrics_export.csv,.csv,concurrency/N2_poti_TP_long_r1_796179/poti4/concurrency_001/server_metrics_export.csv,/home/rafael/programacao/comp-sys-perf-analysis/data/data_compsys/final/concurrency/N2_poti_TP_long_r1_796179/poti4/concurrency_001/server_metrics_export.csv,19577
concurrency,N2_poti_TP_long_r1_796179,poti4,concurrency_001,server_metrics_export.json,.json,concurrency/N2_poti_TP_long_r1_796179/poti4/concurrency_001/server_metrics_export.json,/home/rafael/programacao/comp-sys-perf-analysis/data/data_compsys/final/concurrency/N2_poti_TP_long_r1_796179/poti4/concurrency_001/server_metrics_export.json,51590
concurrency,N2_poti_TP_long_r1_796179,poti4,concurrency_002,aiperf.log,.log,concurrency/N2_poti_TP_long_r1_796179/poti4/concurrency_002/logs/aiperf.log,/home/rafael/programacao/comp-sys-perf-analysis/data/data_compsys/final/concurrency/N2_poti_TP_long_r1_796179/poti4/concurrency_002/logs/aiperf.log,11657
concurrency,N2_poti_TP_long_r1_796179,poti4,concurrency_002,inputs.json,.json,concurrency/N2_poti_TP_long_r1_796179/poti4/concurrency_002/inputs.json,/home/rafael/programacao/comp-sys-perf-analysis/data/data_compsys/final/concurrency/N2_poti_TP_long_r1_796179/poti4/concurrency_002/inputs.json,485238
concurrency,N2_poti_TP_long_r1_796179,poti4,concurrency_002,profile_export.jsonl,.jsonl,concurrency/N2_poti_TP_long_r1_796179/poti4/concurrency_002/profile_export.jsonl,/home/rafael/programacao/comp-sys-perf-analysis/data/data_compsys/final/concurrency/N2_poti_TP_long_r1_796179/poti4/concurrency_002/profile_export.jsonl,241256
concurrency,N2_poti_TP_long_r1_796179,poti4,concurrency_002,profile_export_aiperf.csv,.csv,concurrency/N2_poti_TP_long_r1_796179/poti4/concurrency_002/profile_export_aiperf.csv,/home/rafael/programacao/comp-sys-perf-analysis/data/data_compsys/final/concurrency/N2_poti_TP_long_r1_796179/poti4/concurrency_002/profile_export_aiperf.csv,3680
concurrency,N2_poti_TP_long_r1_796179,poti4,concurrency_002,profile_export_aiperf.json,.json,concurrency/N2_poti_TP_long_r1_796179/poti4/concurrency_002/profile_export_aiperf.json,/home/rafael/programacao/comp-sys-perf-analysis/data/data_compsys/final/concurrency/N2_poti_TP_long_r1_796179/poti4/concurrency_002/profile_export_aiperf.json,11883
concurrency,N2_poti_TP_long_r1_796179,poti4,concurrency_002,server_metrics_export.csv,.csv,concurrency/N2_poti_TP_long_r1_796179/poti4/concurrency_002/server_metrics_export.csv,/home/rafael/programacao/comp-sys-perf-analysis/data/data_compsys/final/concurrency/N2_poti_TP_long_r1_796179/poti4/concurrency_002/server_metrics_export.csv,19558
concurrency,N2_poti_TP_long_r1_796179,poti4,concurrency_002,server_metrics_export.json,.json,concurrency/N2_poti_TP_long_r1_796179/poti4/concurrency_002/server_metrics_export.json,/home/rafael/programacao/comp-sys-perf-analysis/data/data_compsys/final/concurrency/N2_poti_TP_long_r1_796179/poti4/concurrency_002/server_metrics_export.json,51449
concurrency,N2_poti_TP_long_r1_796179,poti4,concurrency_004,aiperf.log,.log,concurrency/N2_poti_TP_long_r1_796179/poti4/concurrency_004/logs/aiperf.log,/home/rafael/programacao/comp-sys-perf-analysis/data/data_compsys/final/concurrency/N2_poti_TP_long_r1_796179/poti4/concurrency_004/logs/aiperf.log,12121
concurrency,N2_poti_TP_long_r1_796179,poti4,concurrency_004,inputs.json,.json,concurrency/N2_poti_TP_long_r1_796179/poti4/concurrency_004/inputs.json,/home/rafael/programacao/comp-sys-perf-analysis/data/data_compsys/final/concurrency/N2_poti_TP_long_r1_796179/poti4/concurrency_004/inputs.json,485039
concurrency,N2_poti_TP_long_r1_796179,poti4,concurrency_004,profile_export.jsonl,.jsonl,concurrency/N2_poti_TP_long_r1_796179/poti4/concurrency_004/profile_export.jsonl,/home/rafael/programacao/comp-sys-perf-analysis/data/data_compsys/final/concurrency/N2_poti_TP_long_r1_796179/poti4/concurrency_004/profile_export.jsonl,333473
concurrency,N2_poti_TP_long_r1_796179,poti4,concurrency_004,profile_export_aiperf.csv,.csv,concurrency/N2_poti_TP_long_r1_796179/poti4/concurrency_004/profile_export_aiperf.csv,/home/rafael/programacao/comp-sys-perf-analysis/data/data_compsys/final/concurrency/N2_poti_TP_long_r1_796179/poti4/concurrency_004/profile_export_aiperf.csv,3698
concurrency,N2_poti_TP_long_r1_796179,poti4,concurrency_004,profile_export_aiperf.json,.json,concurrency/N2_poti_TP_long_r1_796179/poti4/concurrency_004/profile_export_aiperf.json,/home/rafael/programacao/comp-sys-perf-analysis/data/data_compsys/final/concurrency/N2_poti_TP_long_r1_796179/poti4/concurrency_004/profile_export_aiperf.json,11628
concurrency,N2_poti_TP_long_r1_796179,poti4,concurrency_004,server_metrics_export.csv,.csv,concurrency/N2_poti_TP_long_r1_796179/poti4/concurrency_004/server_metrics_export.csv,/home/rafael/programacao/comp-sys-perf-analysis/data/data_compsys/final/concurrency/N2_poti_TP_long_r1_796179/poti4/concurrency_004/server_metrics_export.csv,19563
concurrency,N2_poti_TP_long_r1_796179,poti4,concurrency_004,server_metrics_export.json,.json,concurrency/N2_poti_TP_long_r1_796179/poti4/concurrency_004/server_metrics_export.json,/home/rafael/programacao/comp-sys-perf-analysis/data/data_compsys/final/concurrency/N2_poti_TP_long_r1_796179/poti4/concurrency_004/server_metrics_export.json,51620
concurrency,N2_poti_TP_long_r1_796179,poti4,concurrency_008,aiperf.log,.log,concurrency/N2_poti_TP_long_r1_796179/poti4/concurrency_008/logs/aiperf.log,/home/rafael/programacao/comp-sys-perf-analysis/data/data_compsys/final/concurrency/N2_poti_TP_long_r1_796179/poti4/concurrency_008/logs/aiperf.log,13947
concurrency,N2_poti_TP_long_r1_796179,poti4,concurrency_008,inputs.json,.json,concurrency/N2_poti_TP_long_r1_796179/poti4/concurrency_008/inputs.json,/home/rafael/programacao/comp-sys-perf-analysis/data/data_compsys/final/concurrency/N2_poti_TP_long_r1_796179/poti4/concurrency_008/inputs.json,483065
concurrency,N2_poti_TP_long_r1_796179,poti4,concurrency_008,profile_export.jsonl,.jsonl,concurrency/N2_poti_TP_long_r1_796179/poti4/concurrency_008/profile_export.jsonl,/home/rafael/programacao/comp-sys-perf-analysis/data/data_compsys/final/concurrency/N2_poti_TP_long_r1_796179/poti4/concurrency_008/profile_export.jsonl,707930
concurrency,N2_poti_TP_long_r1_796179,poti4,concurrency_008,profile_export_aiperf.csv,.csv,concurrency/N2_poti_TP_long_r1_796179/poti4/concurrency_008/profile_export_aiperf.csv,/home/rafael/programacao/comp-sys-perf-analysis/data/data_compsys/final/concurrency/N2_poti_TP_long_r1_796179/poti4/concurrency_008/profile_export_aiperf.csv,3711
concurrency,N2_poti_TP_long_r1_796179,poti4,concurrency_008,profile_export_aiperf.json,.json,concurrency/N2_poti_TP_long_r1_796179/poti4/concurrency_008/profile_export_aiperf.json,/home/rafael/programacao/comp-sys-perf-analysis/data/data_compsys/final/concurrency/N2_poti_TP_long_r1_796179/poti4/concurrency_008/profile_export_aiperf.json,11651
concurrency,N2_poti_TP_long_r1_796179,poti4,concurrency_008,server_metrics_export.csv,.csv,concurrency/N2_poti_TP_long_r1_796179/poti4/concurrency_008/server_metrics_export.csv,/home/rafael/programacao/comp-sys-perf-analysis/data/data_compsys/final/concurrency/N2_poti_TP_long_r1_796179/poti4/concurrency_008/server_metrics_export.csv,19568
concurrency,N2_poti_TP_long_r1_796179,poti4,concurrency_008,server_metrics_export.json,.json,concurrency/N2_poti_TP_long_r1_796179/poti4/concurrency_008/server_metrics_export.json,/home/rafael/programacao/comp-sys-perf-analysis/data/data_compsys/final/concurrency/N2_poti_TP_long_r1_796179/poti4/concurrency_008/server_metrics_export.json,51482
concurrency,N2_poti_TP_long_r1_796179,poti4,concurrency_016,aiperf.log,.log,concurrency/N2_poti_TP_long_r1_796179/poti4/concurrency_016/logs/aiperf.log,/home/rafael/programacao/comp-sys-perf-analysis/data/data_compsys/final/concurrency/N2_poti_TP_long_r1_796179/poti4/concurrency_016/logs/aiperf.log,18171
concurrency,N2_poti_TP_long_r1_796179,poti4,concurrency_016,inputs.json,.json,concurrency/N2_poti_TP_long_r1_796179/poti4/concurrency_016/inputs.json,/home/rafael/programacao/comp-sys-perf-analysis/data/data_compsys/final/concurrency/N2_poti_TP_long_r1_796179/poti4/concurrency_016/inputs.json,483648
concurrency,N2_poti_TP_long_r1_796179,poti4,concurrency_016,profile_export.jsonl,.jsonl,concurrency/N2_poti_TP_long_r1_796179/poti4/concurrency_016/profile_export.jsonl,/home/rafael/programacao/comp-sys-perf-analysis/data/data_compsys/final/concurrency/N2_poti_TP_long_r1_796179/poti4/concurrency_016/profile_export.jsonl,1421607
concurrency,N2_poti_TP_long_r1_796179,poti4,concurrency_016,profile_export_aiperf.csv,.csv,concurrency/N2_poti_TP_long_r1_796179/poti4/concurrency_016/profile_export_aiperf.csv,/home/rafael/programacao/comp-sys-perf-analysis/data/data_compsys/final/concurrency/N2_poti_TP_long_r1_796179/poti4/concurrency_016/profile_export_aiperf.csv,3776
concurrency,N2_poti_TP_long_r1_796179,poti4,concurrency_016,profile_export_aiperf.json,.json,concurrency/N2_poti_TP_long_r1_796179/poti4/concurrency_016/profile_export_aiperf.json,/home/rafael/programacao/comp-sys-perf-analysis/data/data_compsys/final/concurrency/N2_poti_TP_long_r1_796179/poti4/concurrency_016/profile_export_aiperf.json,11693
concurrency,N2_poti_TP_long_r1_796179,poti4,concurrency_016,server_metrics_export.csv,.csv,concurrency/N2_poti_TP_long_r1_796179/poti4/concurrency_016/server_metrics_export.csv,/home/rafael/programacao/comp-sys-perf-analysis/data/data_compsys/final/concurrency/N2_poti_TP_long_r1_796179/poti4/concurrency_016/server_metrics_export.csv,19740
concurrency,N2_poti_TP_long_r1_796179,poti4,concurrency_016,server_metrics_export.json,.json,concurrency/N2_poti_TP_long_r1_796179/poti4/concurrency_016/server_metrics_export.json,/home/rafael/programacao/comp-sys-perf-analysis/data/data_compsys/final/concurrency/N2_poti_TP_long_r1_796179/poti4/concurrency_016/server_metrics_export.json,51639
concurrency,N2_poti_TP_long_r1_796179,poti4,concurrency_032,aiperf.log,.log,concurrency/N2_poti_TP_long_r1_796179/poti4/concurrency_032/logs/aiperf.log,/home/rafael/programacao/comp-sys-perf-analysis/data/data_compsys/final/concurrency/N2_poti_TP_long_r1_796179/poti4/concurrency_032/logs/aiperf.log,20682
concurrency,N2_poti_TP_long_r1_796179,poti4,concurrency_032,inputs.json,.json,concurrency/N2_poti_TP_long_r1_796179/poti4/concurrency_032/inputs.json,/home/rafael/programacao/comp-sys-perf-analysis/data/data_compsys/final/concurrency/N2_poti_TP_long_r1_796179/poti4/concurrency_032/inputs.json,483157
concurrency,N2_poti_TP_long_r1_796179,poti4,concurrency_032,profile_export.jsonl,.jsonl,concurrency/N2_poti_TP_long_r1_796179/poti4/concurrency_032/profile_export.jsonl,/home/rafael/programacao/comp-sys-perf-analysis/data/data_compsys/final/concurrency/N2_poti_TP_long_r1_796179/poti4/concurrency_032/profile_export.jsonl,2788721
concurrency,N2_poti_TP_long_r1_796179,poti4,concurrency_032,profile_export_aiperf.csv,.csv,concurrency/N2_poti_TP_long_r1_796179/poti4/concurrency_032/profile_export_aiperf.csv,/home/rafael/programacao/comp-sys-perf-analysis/data/data_compsys/final/concurrency/N2_poti_TP_long_r1_796179/poti4/concurrency_032/profile_export_aiperf.csv,3815
concurrency,N2_poti_TP_long_r1_796179,poti4,concurrency_032,profile_export_aiperf.json,.json,concurrency/N2_poti_TP_long_r1_796179/poti4/concurrency_032/profile_export_aiperf.json,/home/rafael/programacao/comp-sys-perf-analysis/data/data_compsys/final/concurrency/N2_poti_TP_long_r1_796179/poti4/concurrency_032/profile_export_aiperf.json,11920
concurrency,N2_poti_TP_long_r1_796179,poti4,concurrency_032,server_metrics_export.csv,.csv,concurrency/N2_poti_TP_long_r1_796179/poti4/concurrency_032/server_metrics_export.csv,/home/rafael/programacao/comp-sys-perf-analysis/data/data_compsys/final/concurrency/N2_poti_TP_long_r1_796179/poti4/concurrency_032/server_metrics_export.csv,19780
concurrency,N2_poti_TP_long_r1_796179,poti4,concurrency_032,server_metrics_export.json,.json,concurrency/N2_poti_TP_long_r1_796179/poti4/concurrency_032/server_metrics_export.json,/home/rafael/programacao/comp-sys-perf-analysis/data/data_compsys/final/concurrency/N2_poti_TP_long_r1_796179/poti4/concurrency_032/server_metrics_export.json,51717
concurrency,N2_poti_TP_long_r1_796179,poti4,,iperf3_server_node1.json,.json,concurrency/N2_poti_TP_long_r1_796179/poti4/network/iperf3_server_node1.json,/home/rafael/programacao/comp-sys-perf-analysis/data/data_compsys/final/concurrency/N2_poti_TP_long_r1_796179/poti4/network/iperf3_server_node1.json,15690
concurrency,N2_poti_TP_long_r1_796179,poti4,,network_telemetry.csv,.csv,concurrency/N2_poti_TP_long_r1_796179/poti4/network_telemetry.csv,/home/rafael/programacao/comp-sys-perf-analysis/data/data_compsys/final/concurrency/N2_poti_TP_long_r1_796179/poti4/network_telemetry.csv,805078
concurrency,N2_poti_TP_long_r1_796179,poti4,,node.log,.log,concurrency/N2_poti_TP_long_r1_796179/poti4/node.log,/home/rafael/programacao/comp-sys-perf-analysis/data/data_compsys/final/concurrency/N2_poti_TP_long_r1_796179/poti4/node.log,160155
concurrency,N2_poti_TP_long_r1_796179,poti4,,telemetry.csv,.csv,concurrency/N2_poti_TP_long_r1_796179/poti4/telemetry.csv,/home/rafael/programacao/comp-sys-perf-analysis/data/data_compsys/final/concurrency/N2_poti_TP_long_r1_796179/poti4/telemetry.csv,4801019
concurrency,N2_poti_TP_long_r1_796179,poti4,,vllm_server.log,.log,concurrency/N2_poti_TP_long_r1_796179/poti4/vllm_server.log,/home/rafael/programacao/comp-sys-perf-analysis/data/data_compsys/final/concurrency/N2_poti_TP_long_r1_796179/poti4/vllm_server.log,1829686
concurrency,N2_poti_TP_long_r1_796179,poti5,,iperf3_client.json,.json,concurrency/N2_poti_TP_long_r1_796179/poti5/network/iperf3_client.json,/home/rafael/programacao/comp-sys-perf-analysis/data/data_compsys/final/concurrency/N2_poti_TP_long_r1_796179/poti5/network/iperf3_client.json,21569
concurrency,N2_poti_TP_long_r1_796179,poti5,,network_telemetry.csv,.csv,concurrency/N2_poti_TP_long_r1_796179/poti5/network_telemetry.csv,/home/rafael/programacao/comp-sys-perf-analysis/data/data_compsys/final/concurrency/N2_poti_TP_long_r1_796179/poti5/network_telemetry.csv,810568
concurrency,N2_poti_TP_long_r1_796179,poti5,,node.log,.log,concurrency/N2_poti_TP_long_r1_796179/poti5/node.log,/home/rafael/programacao/comp-sys-perf-analysis/data/data_compsys/final/concurrency/N2_poti_TP_long_r1_796179/poti5/node.log,147464
concurrency,N2_poti_TP_long_r1_796179,poti5,,telemetry.csv,.csv,concurrency/N2_poti_TP_long_r1_796179/poti5/telemetry.csv,/home/rafael/programacao/comp-sys-perf-analysis/data/data_compsys/final/concurrency/N2_poti_TP_long_r1_796179/poti5/telemetry.csv,4823459
concurrency,N2_poti_TP_long_r1_796179,,,796179.err,.err,concurrency/N2_poti_TP_long_r1_796179/796179.err,/home/rafael/programacao/comp-sys-perf-analysis/data/data_compsys/final/concurrency/N2_poti_TP_long_r1_796179/796179.err,7247
concurrency,N2_poti_TP_long_r1_796179,,,796179.out,.out,concurrency/N2_poti_TP_long_r1_796179/796179.out,/home/rafael/programacao/comp-sys-perf-analysis/data/data_compsys/final/concurrency/N2_poti_TP_long_r1_796179/796179.out,762
concurrency,N2_poti_TP_short_r1_796674,poti4,concurrency_001,aiperf.log,.log,concurrency/N2_poti_TP_short_r1_796674/poti4/concurrency_001/logs/aiperf.log,/home/rafael/programacao/comp-sys-perf-analysis/data/data_compsys/final/concurrency/N2_poti_TP_short_r1_796674/poti4/concurrency_001/logs/aiperf.log,11564
concurrency,N2_poti_TP_short_r1_796674,poti4,concurrency_001,inputs.json,.json,concurrency/N2_poti_TP_short_r1_796674/poti4/concurrency_001/inputs.json,/home/rafael/programacao/comp-sys-perf-analysis/data/data_compsys/final/concurrency/N2_poti_TP_short_r1_796674/poti4/concurrency_001/inputs.json,94267
concurrency,N2_poti_TP_short_r1_796674,poti4,concurrency_001,profile_export.jsonl,.jsonl,concurrency/N2_poti_TP_short_r1_796674/poti4/concurrency_001/profile_export.jsonl,/home/rafael/programacao/comp-sys-perf-analysis/data/data_compsys/final/concurrency/N2_poti_TP_short_r1_796674/poti4/concurrency_001/profile_export.jsonl,109745
concurrency,N2_poti_TP_short_r1_796674,poti4,concurrency_001,profile_export_aiperf.csv,.csv,concurrency/N2_poti_TP_short_r1_796674/poti4/concurrency_001/profile_export_aiperf.csv,/home/rafael/programacao/comp-sys-perf-analysis/data/data_compsys/final/concurrency/N2_poti_TP_short_r1_796674/poti4/concurrency_001/profile_export_aiperf.csv,3513
concurrency,N2_poti_TP_short_r1_796674,poti4,concurrency_001,profile_export_aiperf.json,.json,concurrency/N2_poti_TP_short_r1_796674/poti4/concurrency_001/profile_export_aiperf.json,/home/rafael/programacao/comp-sys-perf-analysis/data/data_compsys/final/concurrency/N2_poti_TP_short_r1_796674/poti4/concurrency_001/profile_export_aiperf.json,11395
concurrency,N2_poti_TP_short_r1_796674,poti4,concurrency_001,server_metrics_export.csv,.csv,concurrency/N2_poti_TP_short_r1_796674/poti4/concurrency_001/server_metrics_export.csv,/home/rafael/programacao/comp-sys-perf-analysis/data/data_compsys/final/concurrency/N2_poti_TP_short_r1_796674/poti4/concurrency_001/server_metrics_export.csv,19496
concurrency,N2_poti_TP_short_r1_796674,poti4,concurrency_001,server_metrics_export.json,.json,concurrency/N2_poti_TP_short_r1_796674/poti4/concurrency_001/server_metrics_export.json,/home/rafael/programacao/comp-sys-perf-analysis/data/data_compsys/final/concurrency/N2_poti_TP_short_r1_796674/poti4/concurrency_001/server_metrics_export.json,51714
concurrency,N2_poti_TP_short_r1_796674,poti4,concurrency_002,aiperf.log,.log,concurrency/N2_poti_TP_short_r1_796674/poti4/concurrency_002/logs/aiperf.log,/home/rafael/programacao/comp-sys-perf-analysis/data/data_compsys/final/concurrency/N2_poti_TP_short_r1_796674/poti4/concurrency_002/logs/aiperf.log,11657
concurrency,N2_poti_TP_short_r1_796674,poti4,concurrency_002,inputs.json,.json,concurrency/N2_poti_TP_short_r1_796674/poti4/concurrency_002/inputs.json,/home/rafael/programacao/comp-sys-perf-analysis/data/data_compsys/final/concurrency/N2_poti_TP_short_r1_796674/poti4/concurrency_002/inputs.json,94220
concurrency,N2_poti_TP_short_r1_796674,poti4,concurrency_002,profile_export.jsonl,.jsonl,concurrency/N2_poti_TP_short_r1_796674/poti4/concurrency_002/profile_export.jsonl,/home/rafael/programacao/comp-sys-perf-analysis/data/data_compsys/final/concurrency/N2_poti_TP_short_r1_796674/poti4/concurrency_002/profile_export.jsonl,104904
concurrency,N2_poti_TP_short_r1_796674,poti4,concurrency_002,profile_export_aiperf.csv,.csv,concurrency/N2_poti_TP_short_r1_796674/poti4/concurrency_002/profile_export_aiperf.csv,/home/rafael/programacao/comp-sys-perf-analysis/data/data_compsys/final/concurrency/N2_poti_TP_short_r1_796674/poti4/concurrency_002/profile_export_aiperf.csv,3547
concurrency,N2_poti_TP_short_r1_796674,poti4,concurrency_002,profile_export_aiperf.json,.json,concurrency/N2_poti_TP_short_r1_796674/poti4/concurrency_002/profile_export_aiperf.json,/home/rafael/programacao/comp-sys-perf-analysis/data/data_compsys/final/concurrency/N2_poti_TP_short_r1_796674/poti4/concurrency_002/profile_export_aiperf.json,11436
concurrency,N2_poti_TP_short_r1_796674,poti4,concurrency_002,server_metrics_export.csv,.csv,concurrency/N2_poti_TP_short_r1_796674/poti4/concurrency_002/server_metrics_export.csv,/home/rafael/programacao/comp-sys-perf-analysis/data/data_compsys/final/concurrency/N2_poti_TP_short_r1_796674/poti4/concurrency_002/server_metrics_export.csv,19494
concurrency,N2_poti_TP_short_r1_796674,poti4,concurrency_002,server_metrics_export.json,.json,concurrency/N2_poti_TP_short_r1_796674/poti4/concurrency_002/server_metrics_export.json,/home/rafael/programacao/comp-sys-perf-analysis/data/data_compsys/final/concurrency/N2_poti_TP_short_r1_796674/poti4/concurrency_002/server_metrics_export.json,51618
concurrency,N2_poti_TP_short_r1_796674,poti4,concurrency_004,aiperf.log,.log,concurrency/N2_poti_TP_short_r1_796674/poti4/concurrency_004/logs/aiperf.log,/home/rafael/programacao/comp-sys-perf-analysis/data/data_compsys/final/concurrency/N2_poti_TP_short_r1_796674/poti4/concurrency_004/logs/aiperf.log,11847
concurrency,N2_poti_TP_short_r1_796674,poti4,concurrency_004,inputs.json,.json,concurrency/N2_poti_TP_short_r1_796674/poti4/concurrency_004/inputs.json,/home/rafael/programacao/comp-sys-perf-analysis/data/data_compsys/final/concurrency/N2_poti_TP_short_r1_796674/poti4/concurrency_004/inputs.json,94619
concurrency,N2_poti_TP_short_r1_796674,poti4,concurrency_004,profile_export.jsonl,.jsonl,concurrency/N2_poti_TP_short_r1_796674/poti4/concurrency_004/profile_export.jsonl,/home/rafael/programacao/comp-sys-perf-analysis/data/data_compsys/final/concurrency/N2_poti_TP_short_r1_796674/poti4/concurrency_004/profile_export.jsonl,142841
concurrency,N2_poti_TP_short_r1_796674,poti4,concurrency_004,profile_export_aiperf.csv,.csv,concurrency/N2_poti_TP_short_r1_796674/poti4/concurrency_004/profile_export_aiperf.csv,/home/rafael/programacao/comp-sys-perf-analysis/data/data_compsys/final/concurrency/N2_poti_TP_short_r1_796674/poti4/concurrency_004/profile_export_aiperf.csv,3559
concurrency,N2_poti_TP_short_r1_796674,poti4,concurrency_004,profile_export_aiperf.json,.json,concurrency/N2_poti_TP_short_r1_796674/poti4/concurrency_004/profile_export_aiperf.json,/home/rafael/programacao/comp-sys-perf-analysis/data/data_compsys/final/concurrency/N2_poti_TP_short_r1_796674/poti4/concurrency_004/profile_export_aiperf.json,11552
concurrency,N2_poti_TP_short_r1_796674,poti4,concurrency_004,server_metrics_export.csv,.csv,concurrency/N2_poti_TP_short_r1_796674/poti4/concurrency_004/server_metrics_export.csv,/home/rafael/programacao/comp-sys-perf-analysis/data/data_compsys/final/concurrency/N2_poti_TP_short_r1_796674/poti4/concurrency_004/server_metrics_export.csv,19495
concurrency,N2_poti_TP_short_r1_796674,poti4,concurrency_004,server_metrics_export.json,.json,concurrency/N2_poti_TP_short_r1_796674/poti4/concurrency_004/server_metrics_export.json,/home/rafael/programacao/comp-sys-perf-analysis/data/data_compsys/final/concurrency/N2_poti_TP_short_r1_796674/poti4/concurrency_004/server_metrics_export.json,51667
concurrency,N2_poti_TP_short_r1_796674,poti4,concurrency_008,aiperf.log,.log,concurrency/N2_poti_TP_short_r1_796674/poti4/concurrency_008/logs/aiperf.log,/home/rafael/programacao/comp-sys-perf-analysis/data/data_compsys/final/concurrency/N2_poti_TP_short_r1_796674/poti4/concurrency_008/logs/aiperf.log,13949
concurrency,N2_poti_TP_short_r1_796674,poti4,concurrency_008,inputs.json,.json,concurrency/N2_poti_TP_short_r1_796674/poti4/concurrency_008/inputs.json,/home/rafael/programacao/comp-sys-perf-analysis/data/data_compsys/final/concurrency/N2_poti_TP_short_r1_796674/poti4/concurrency_008/inputs.json,93372
concurrency,N2_poti_TP_short_r1_796674,poti4,concurrency_008,profile_export.jsonl,.jsonl,concurrency/N2_poti_TP_short_r1_796674/poti4/concurrency_008/profile_export.jsonl,/home/rafael/programacao/comp-sys-perf-analysis/data/data_compsys/final/concurrency/N2_poti_TP_short_r1_796674/poti4/concurrency_008/profile_export.jsonl,295449
concurrency,N2_poti_TP_short_r1_796674,poti4,concurrency_008,profile_export_aiperf.csv,.csv,concurrency/N2_poti_TP_short_r1_796674/poti4/concurrency_008/profile_export_aiperf.csv,/home/rafael/programacao/comp-sys-perf-analysis/data/data_compsys/final/concurrency/N2_poti_TP_short_r1_796674/poti4/concurrency_008/profile_export_aiperf.csv,3614
concurrency,N2_poti_TP_short_r1_796674,poti4,concurrency_008,profile_export_aiperf.json,.json,concurrency/N2_poti_TP_short_r1_796674/poti4/concurrency_008/profile_export_aiperf.json,/home/rafael/programacao/comp-sys-perf-analysis/data/data_compsys/final/concurrency/N2_poti_TP_short_r1_796674/poti4/concurrency_008/profile_export_aiperf.json,11586
concurrency,N2_poti_TP_short_r1_796674,poti4,concurrency_008,server_metrics_export.csv,.csv,concurrency/N2_poti_TP_short_r1_796674/poti4/concurrency_008/server_metrics_export.csv,/home/rafael/programacao/comp-sys-perf-analysis/data/data_compsys/final/concurrency/N2_poti_TP_short_r1_796674/poti4/concurrency_008/server_metrics_export.csv,19566
concurrency,N2_poti_TP_short_r1_796674,poti4,concurrency_008,server_metrics_export.json,.json,concurrency/N2_poti_TP_short_r1_796674/poti4/concurrency_008/server_metrics_export.json,/home/rafael/programacao/comp-sys-perf-analysis/data/data_compsys/final/concurrency/N2_poti_TP_short_r1_796674/poti4/concurrency_008/server_metrics_export.json,51730
concurrency,N2_poti_TP_short_r1_796674,poti4,concurrency_016,aiperf.log,.log,concurrency/N2_poti_TP_short_r1_796674/poti4/concurrency_016/logs/aiperf.log,/home/rafael/programacao/comp-sys-perf-analysis/data/data_compsys/final/concurrency/N2_poti_TP_short_r1_796674/poti4/concurrency_016/logs/aiperf.log,18171
concurrency,N2_poti_TP_short_r1_796674,poti4,concurrency_016,inputs.json,.json,concurrency/N2_poti_TP_short_r1_796674/poti4/concurrency_016/inputs.json,/home/rafael/programacao/comp-sys-perf-analysis/data/data_compsys/final/concurrency/N2_poti_TP_short_r1_796674/poti4/concurrency_016/inputs.json,94074
concurrency,N2_poti_TP_short_r1_796674,poti4,concurrency_016,profile_export.jsonl,.jsonl,concurrency/N2_poti_TP_short_r1_796674/poti4/concurrency_016/profile_export.jsonl,/home/rafael/programacao/comp-sys-perf-analysis/data/data_compsys/final/concurrency/N2_poti_TP_short_r1_796674/poti4/concurrency_016/profile_export.jsonl,592447
concurrency,N2_poti_TP_short_r1_796674,poti4,concurrency_016,profile_export_aiperf.csv,.csv,concurrency/N2_poti_TP_short_r1_796674/poti4/concurrency_016/profile_export_aiperf.csv,/home/rafael/programacao/comp-sys-perf-analysis/data/data_compsys/final/concurrency/N2_poti_TP_short_r1_796674/poti4/concurrency_016/profile_export_aiperf.csv,3658
concurrency,N2_poti_TP_short_r1_796674,poti4,concurrency_016,profile_export_aiperf.json,.json,concurrency/N2_poti_TP_short_r1_796674/poti4/concurrency_016/profile_export_aiperf.json,/home/rafael/programacao/comp-sys-perf-analysis/data/data_compsys/final/concurrency/N2_poti_TP_short_r1_796674/poti4/concurrency_016/profile_export_aiperf.json,11659
concurrency,N2_poti_TP_short_r1_796674,poti4,concurrency_016,server_metrics_export.csv,.csv,concurrency/N2_poti_TP_short_r1_796674/poti4/concurrency_016/server_metrics_export.csv,/home/rafael/programacao/comp-sys-perf-analysis/data/data_compsys/final/concurrency/N2_poti_TP_short_r1_796674/poti4/concurrency_016/server_metrics_export.csv,19736
concurrency,N2_poti_TP_short_r1_796674,poti4,concurrency_016,server_metrics_export.json,.json,concurrency/N2_poti_TP_short_r1_796674/poti4/concurrency_016/server_metrics_export.json,/home/rafael/programacao/comp-sys-perf-analysis/data/data_compsys/final/concurrency/N2_poti_TP_short_r1_796674/poti4/concurrency_016/server_metrics_export.json,51800
concurrency,N2_poti_TP_short_r1_796674,poti4,concurrency_032,aiperf.log,.log,concurrency/N2_poti_TP_short_r1_796674/poti4/concurrency_032/logs/aiperf.log,/home/rafael/programacao/comp-sys-perf-analysis/data/data_compsys/final/concurrency/N2_poti_TP_short_r1_796674/poti4/concurrency_032/logs/aiperf.log,20271
concurrency,N2_poti_TP_short_r1_796674,poti4,concurrency_032,inputs.json,.json,concurrency/N2_poti_TP_short_r1_796674/poti4/concurrency_032/inputs.json,/home/rafael/programacao/comp-sys-perf-analysis/data/data_compsys/final/concurrency/N2_poti_TP_short_r1_796674/poti4/concurrency_032/inputs.json,94539
concurrency,N2_poti_TP_short_r1_796674,poti4,concurrency_032,profile_export.jsonl,.jsonl,concurrency/N2_poti_TP_short_r1_796674/poti4/concurrency_032/profile_export.jsonl,/home/rafael/programacao/comp-sys-perf-analysis/data/data_compsys/final/concurrency/N2_poti_TP_short_r1_796674/poti4/concurrency_032/profile_export.jsonl,1175936
concurrency,N2_poti_TP_short_r1_796674,poti4,concurrency_032,profile_export_aiperf.csv,.csv,concurrency/N2_poti_TP_short_r1_796674/poti4/concurrency_032/profile_export_aiperf.csv,/home/rafael/programacao/comp-sys-perf-analysis/data/data_compsys/final/concurrency/N2_poti_TP_short_r1_796674/poti4/concurrency_032/profile_export_aiperf.csv,3672
concurrency,N2_poti_TP_short_r1_796674,poti4,concurrency_032,profile_export_aiperf.json,.json,concurrency/N2_poti_TP_short_r1_796674/poti4/concurrency_032/profile_export_aiperf.json,/home/rafael/programacao/comp-sys-perf-analysis/data/data_compsys/final/concurrency/N2_poti_TP_short_r1_796674/poti4/concurrency_032/profile_export_aiperf.json,11758
concurrency,N2_poti_TP_short_r1_796674,poti4,concurrency_032,server_metrics_export.csv,.csv,concurrency/N2_poti_TP_short_r1_796674/poti4/concurrency_032/server_metrics_export.csv,/home/rafael/programacao/comp-sys-perf-analysis/data/data_compsys/final/concurrency/N2_poti_TP_short_r1_796674/poti4/concurrency_032/server_metrics_export.csv,19743
concurrency,N2_poti_TP_short_r1_796674,poti4,concurrency_032,server_metrics_export.json,.json,concurrency/N2_poti_TP_short_r1_796674/poti4/concurrency_032/server_metrics_export.json,/home/rafael/programacao/comp-sys-perf-analysis/data/data_compsys/final/concurrency/N2_poti_TP_short_r1_796674/poti4/concurrency_032/server_metrics_export.json,51888
concurrency,N2_poti_TP_short_r1_796674,poti4,,iperf3_server_node1.json,.json,concurrency/N2_poti_TP_short_r1_796674/poti4/network/iperf3_server_node1.json,/home/rafael/programacao/comp-sys-perf-analysis/data/data_compsys/final/concurrency/N2_poti_TP_short_r1_796674/poti4/network/iperf3_server_node1.json,15761
concurrency,N2_poti_TP_short_r1_796674,poti4,,network_telemetry.csv,.csv,concurrency/N2_poti_TP_short_r1_796674/poti4/network_telemetry.csv,/home/rafael/programacao/comp-sys-perf-analysis/data/data_compsys/final/concurrency/N2_poti_TP_short_r1_796674/poti4/network_telemetry.csv,178486
concurrency,N2_poti_TP_short_r1_796674,poti4,,node.log,.log,concurrency/N2_poti_TP_short_r1_796674/poti4/node.log,/home/rafael/programacao/comp-sys-perf-analysis/data/data_compsys/final/concurrency/N2_poti_TP_short_r1_796674/poti4/node.log,300983
concurrency,N2_poti_TP_short_r1_796674,poti4,,telemetry.csv,.csv,concurrency/N2_poti_TP_short_r1_796674/poti4/telemetry.csv,/home/rafael/programacao/comp-sys-perf-analysis/data/data_compsys/final/concurrency/N2_poti_TP_short_r1_796674/poti4/telemetry.csv,1042763
concurrency,N2_poti_TP_short_r1_796674,poti4,,vllm_server.log,.log,concurrency/N2_poti_TP_short_r1_796674/poti4/vllm_server.log,/home/rafael/programacao/comp-sys-perf-analysis/data/data_compsys/final/concurrency/N2_poti_TP_short_r1_796674/poti4/vllm_server.log,396771
concurrency,N2_poti_TP_short_r1_796674,poti5,,iperf3_client.json,.json,concurrency/N2_poti_TP_short_r1_796674/poti5/network/iperf3_client.json,/home/rafael/programacao/comp-sys-perf-analysis/data/data_compsys/final/concurrency/N2_poti_TP_short_r1_796674/poti5/network/iperf3_client.json,21545
concurrency,N2_poti_TP_short_r1_796674,poti5,,network_telemetry.csv,.csv,concurrency/N2_poti_TP_short_r1_796674/poti5/network_telemetry.csv,/home/rafael/programacao/comp-sys-perf-analysis/data/data_compsys/final/concurrency/N2_poti_TP_short_r1_796674/poti5/network_telemetry.csv,183976
concurrency,N2_poti_TP_short_r1_796674,poti5,,node.log,.log,concurrency/N2_poti_TP_short_r1_796674/poti5/node.log,/home/rafael/programacao/comp-sys-perf-analysis/data/data_compsys/final/concurrency/N2_poti_TP_short_r1_796674/poti5/node.log,162095
concurrency,N2_poti_TP_short_r1_796674,poti5,,telemetry.csv,.csv,concurrency/N2_poti_TP_short_r1_796674/poti5/telemetry.csv,/home/rafael/programacao/comp-sys-perf-analysis/data/data_compsys/final/concurrency/N2_poti_TP_short_r1_796674/poti5/telemetry.csv,1068906
concurrency,N2_poti_TP_short_r1_796674,,,796674.err,.err,concurrency/N2_poti_TP_short_r1_796674/796674.err,/home/rafael/programacao/comp-sys-perf-analysis/data/data_compsys/final/concurrency/N2_poti_TP_short_r1_796674/796674.err,7760
concurrency,N2_poti_TP_short_r1_796674,,,796674.out,.out,concurrency/N2_poti_TP_short_r1_796674/796674.out,/home/rafael/programacao/comp-sys-perf-analysis/data/data_compsys/final/concurrency/N2_poti_TP_short_r1_796674/796674.out,873
concurrency,N2_tupi_PP_long_r1_796872,tupi3,concurrency_001,aiperf.log,.log,concurrency/N2_tupi_PP_long_r1_796872/tupi3/concurrency_001/logs/aiperf.log,/home/rafael/programacao/comp-sys-perf-analysis/data/data_compsys/final/concurrency/N2_tupi_PP_long_r1_796872/tupi3/concurrency_001/logs/aiperf.log,11562
concurrency,N2_tupi_PP_long_r1_796872,tupi3,concurrency_001,inputs.json,.json,concurrency/N2_tupi_PP_long_r1_796872/tupi3/concurrency_001/inputs.json,/home/rafael/programacao/comp-sys-perf-analysis/data/data_compsys/final/concurrency/N2_tupi_PP_long_r1_796872/tupi3/concurrency_001/inputs.json,484640
concurrency,N2_tupi_PP_long_r1_796872,tupi3,concurrency_001,profile_export.jsonl,.jsonl,concurrency/N2_tupi_PP_long_r1_796872/tupi3/concurrency_001/profile_export.jsonl,/home/rafael/programacao/comp-sys-perf-analysis/data/data_compsys/final/concurrency/N2_tupi_PP_long_r1_796872/tupi3/concurrency_001/profile_export.jsonl,243805
concurrency,N2_tupi_PP_long_r1_796872,tupi3,concurrency_001,profile_export_aiperf.csv,.csv,concurrency/N2_tupi_PP_long_r1_796872/tupi3/concurrency_001/profile_export_aiperf.csv,/home/rafael/programacao/comp-sys-perf-analysis/data/data_compsys/final/concurrency/N2_tupi_PP_long_r1_796872/tupi3/concurrency_001/profile_export_aiperf.csv,3606
concurrency,N2_tupi_PP_long_r1_796872,tupi3,concurrency_001,profile_export_aiperf.json,.json,concurrency/N2_tupi_PP_long_r1_796872/tupi3/concurrency_001/profile_export_aiperf.json,/home/rafael/programacao/comp-sys-perf-analysis/data/data_compsys/final/concurrency/N2_tupi_PP_long_r1_796872/tupi3/concurrency_001/profile_export_aiperf.json,11667
concurrency,N2_tupi_PP_long_r1_796872,tupi3,concurrency_001,server_metrics_export.csv,.csv,concurrency/N2_tupi_PP_long_r1_796872/tupi3/concurrency_001/server_metrics_export.csv,/home/rafael/programacao/comp-sys-perf-analysis/data/data_compsys/final/concurrency/N2_tupi_PP_long_r1_796872/tupi3/concurrency_001/server_metrics_export.csv,19591
concurrency,N2_tupi_PP_long_r1_796872,tupi3,concurrency_001,server_metrics_export.json,.json,concurrency/N2_tupi_PP_long_r1_796872/tupi3/concurrency_001/server_metrics_export.json,/home/rafael/programacao/comp-sys-perf-analysis/data/data_compsys/final/concurrency/N2_tupi_PP_long_r1_796872/tupi3/concurrency_001/server_metrics_export.json,51615
concurrency,N2_tupi_PP_long_r1_796872,tupi3,concurrency_002,aiperf.log,.log,concurrency/N2_tupi_PP_long_r1_796872/tupi3/concurrency_002/logs/aiperf.log,/home/rafael/programacao/comp-sys-perf-analysis/data/data_compsys/final/concurrency/N2_tupi_PP_long_r1_796872/tupi3/concurrency_002/logs/aiperf.log,11657
concurrency,N2_tupi_PP_long_r1_796872,tupi3,concurrency_002,inputs.json,.json,concurrency/N2_tupi_PP_long_r1_796872/tupi3/concurrency_002/inputs.json,/home/rafael/programacao/comp-sys-perf-analysis/data/data_compsys/final/concurrency/N2_tupi_PP_long_r1_796872/tupi3/concurrency_002/inputs.json,484600
concurrency,N2_tupi_PP_long_r1_796872,tupi3,concurrency_002,profile_export.jsonl,.jsonl,concurrency/N2_tupi_PP_long_r1_796872/tupi3/concurrency_002/profile_export.jsonl,/home/rafael/programacao/comp-sys-perf-analysis/data/data_compsys/final/concurrency/N2_tupi_PP_long_r1_796872/tupi3/concurrency_002/profile_export.jsonl,247453
concurrency,N2_tupi_PP_long_r1_796872,tupi3,concurrency_002,profile_export_aiperf.csv,.csv,concurrency/N2_tupi_PP_long_r1_796872/tupi3/concurrency_002/profile_export_aiperf.csv,/home/rafael/programacao/comp-sys-perf-analysis/data/data_compsys/final/concurrency/N2_tupi_PP_long_r1_796872/tupi3/concurrency_002/profile_export_aiperf.csv,3640
concurrency,N2_tupi_PP_long_r1_796872,tupi3,concurrency_002,profile_export_aiperf.json,.json,concurrency/N2_tupi_PP_long_r1_796872/tupi3/concurrency_002/profile_export_aiperf.json,/home/rafael/programacao/comp-sys-perf-analysis/data/data_compsys/final/concurrency/N2_tupi_PP_long_r1_796872/tupi3/concurrency_002/profile_export_aiperf.json,11840
concurrency,N2_tupi_PP_long_r1_796872,tupi3,concurrency_002,server_metrics_export.csv,.csv,concurrency/N2_tupi_PP_long_r1_796872/tupi3/concurrency_002/server_metrics_export.csv,/home/rafael/programacao/comp-sys-perf-analysis/data/data_compsys/final/concurrency/N2_tupi_PP_long_r1_796872/tupi3/concurrency_002/server_metrics_export.csv,19582
concurrency,N2_tupi_PP_long_r1_796872,tupi3,concurrency_002,server_metrics_export.json,.json,concurrency/N2_tupi_PP_long_r1_796872/tupi3/concurrency_002/server_metrics_export.json,/home/rafael/programacao/comp-sys-perf-analysis/data/data_compsys/final/concurrency/N2_tupi_PP_long_r1_796872/tupi3/concurrency_002/server_metrics_export.json,51642
concurrency,N2_tupi_PP_long_r1_796872,tupi3,concurrency_004,aiperf.log,.log,concurrency/N2_tupi_PP_long_r1_796872/tupi3/concurrency_004/logs/aiperf.log,/home/rafael/programacao/comp-sys-perf-analysis/data/data_compsys/final/concurrency/N2_tupi_PP_long_r1_796872/tupi3/concurrency_004/logs/aiperf.log,11984
concurrency,N2_tupi_PP_long_r1_796872,tupi3,concurrency_004,inputs.json,.json,concurrency/N2_tupi_PP_long_r1_796872/tupi3/concurrency_004/inputs.json,/home/rafael/programacao/comp-sys-perf-analysis/data/data_compsys/final/concurrency/N2_tupi_PP_long_r1_796872/tupi3/concurrency_004/inputs.json,485250
concurrency,N2_tupi_PP_long_r1_796872,tupi3,concurrency_004,profile_export.jsonl,.jsonl,concurrency/N2_tupi_PP_long_r1_796872/tupi3/concurrency_004/profile_export.jsonl,/home/rafael/programacao/comp-sys-perf-analysis/data/data_compsys/final/concurrency/N2_tupi_PP_long_r1_796872/tupi3/concurrency_004/profile_export.jsonl,331523
concurrency,N2_tupi_PP_long_r1_796872,tupi3,concurrency_004,profile_export_aiperf.csv,.csv,concurrency/N2_tupi_PP_long_r1_796872/tupi3/concurrency_004/profile_export_aiperf.csv,/home/rafael/programacao/comp-sys-perf-analysis/data/data_compsys/final/concurrency/N2_tupi_PP_long_r1_796872/tupi3/concurrency_004/profile_export_aiperf.csv,3638
concurrency,N2_tupi_PP_long_r1_796872,tupi3,concurrency_004,profile_export_aiperf.json,.json,concurrency/N2_tupi_PP_long_r1_796872/tupi3/concurrency_004/profile_export_aiperf.json,/home/rafael/programacao/comp-sys-perf-analysis/data/data_compsys/final/concurrency/N2_tupi_PP_long_r1_796872/tupi3/concurrency_004/profile_export_aiperf.json,11552
concurrency,N2_tupi_PP_long_r1_796872,tupi3,concurrency_004,server_metrics_export.csv,.csv,concurrency/N2_tupi_PP_long_r1_796872/tupi3/concurrency_004/server_metrics_export.csv,/home/rafael/programacao/comp-sys-perf-analysis/data/data_compsys/final/concurrency/N2_tupi_PP_long_r1_796872/tupi3/concurrency_004/server_metrics_export.csv,19595
concurrency,N2_tupi_PP_long_r1_796872,tupi3,concurrency_004,server_metrics_export.json,.json,concurrency/N2_tupi_PP_long_r1_796872/tupi3/concurrency_004/server_metrics_export.json,/home/rafael/programacao/comp-sys-perf-analysis/data/data_compsys/final/concurrency/N2_tupi_PP_long_r1_796872/tupi3/concurrency_004/server_metrics_export.json,51633
concurrency,N2_tupi_PP_long_r1_796872,tupi3,concurrency_008,aiperf.log,.log,concurrency/N2_tupi_PP_long_r1_796872/tupi3/concurrency_008/logs/aiperf.log,/home/rafael/programacao/comp-sys-perf-analysis/data/data_compsys/final/concurrency/N2_tupi_PP_long_r1_796872/tupi3/concurrency_008/logs/aiperf.log,14084
concurrency,N2_tupi_PP_long_r1_796872,tupi3,concurrency_008,inputs.json,.json,concurrency/N2_tupi_PP_long_r1_796872/tupi3/concurrency_008/inputs.json,/home/rafael/programacao/comp-sys-perf-analysis/data/data_compsys/final/concurrency/N2_tupi_PP_long_r1_796872/tupi3/concurrency_008/inputs.json,483942
concurrency,N2_tupi_PP_long_r1_796872,tupi3,concurrency_008,profile_export.jsonl,.jsonl,concurrency/N2_tupi_PP_long_r1_796872/tupi3/concurrency_008/profile_export.jsonl,/home/rafael/programacao/comp-sys-perf-analysis/data/data_compsys/final/concurrency/N2_tupi_PP_long_r1_796872/tupi3/concurrency_008/profile_export.jsonl,666877
concurrency,N2_tupi_PP_long_r1_796872,tupi3,concurrency_008,profile_export_aiperf.csv,.csv,concurrency/N2_tupi_PP_long_r1_796872/tupi3/concurrency_008/profile_export_aiperf.csv,/home/rafael/programacao/comp-sys-perf-analysis/data/data_compsys/final/concurrency/N2_tupi_PP_long_r1_796872/tupi3/concurrency_008/profile_export_aiperf.csv,3661
concurrency,N2_tupi_PP_long_r1_796872,tupi3,concurrency_008,profile_export_aiperf.json,.json,concurrency/N2_tupi_PP_long_r1_796872/tupi3/concurrency_008/profile_export_aiperf.json,/home/rafael/programacao/comp-sys-perf-analysis/data/data_compsys/final/concurrency/N2_tupi_PP_long_r1_796872/tupi3/concurrency_008/profile_export_aiperf.json,11644
concurrency,N2_tupi_PP_long_r1_796872,tupi3,concurrency_008,server_metrics_export.csv,.csv,concurrency/N2_tupi_PP_long_r1_796872/tupi3/concurrency_008/server_metrics_export.csv,/home/rafael/programacao/comp-sys-perf-analysis/data/data_compsys/final/concurrency/N2_tupi_PP_long_r1_796872/tupi3/concurrency_008/server_metrics_export.csv,19607
concurrency,N2_tupi_PP_long_r1_796872,tupi3,concurrency_008,server_metrics_export.json,.json,concurrency/N2_tupi_PP_long_r1_796872/tupi3/concurrency_008/server_metrics_export.json,/home/rafael/programacao/comp-sys-perf-analysis/data/data_compsys/final/concurrency/N2_tupi_PP_long_r1_796872/tupi3/concurrency_008/server_metrics_export.json,51713
concurrency,N2_tupi_PP_long_r1_796872,tupi3,concurrency_016,aiperf.log,.log,concurrency/N2_tupi_PP_long_r1_796872/tupi3/concurrency_016/logs/aiperf.log,/home/rafael/programacao/comp-sys-perf-analysis/data/data_compsys/final/concurrency/N2_tupi_PP_long_r1_796872/tupi3/concurrency_016/logs/aiperf.log,18169
concurrency,N2_tupi_PP_long_r1_796872,tupi3,concurrency_016,inputs.json,.json,concurrency/N2_tupi_PP_long_r1_796872/tupi3/concurrency_016/inputs.json,/home/rafael/programacao/comp-sys-perf-analysis/data/data_compsys/final/concurrency/N2_tupi_PP_long_r1_796872/tupi3/concurrency_016/inputs.json,484022
concurrency,N2_tupi_PP_long_r1_796872,tupi3,concurrency_016,profile_export.jsonl,.jsonl,concurrency/N2_tupi_PP_long_r1_796872/tupi3/concurrency_016/profile_export.jsonl,/home/rafael/programacao/comp-sys-perf-analysis/data/data_compsys/final/concurrency/N2_tupi_PP_long_r1_796872/tupi3/concurrency_016/profile_export.jsonl,1351874
concurrency,N2_tupi_PP_long_r1_796872,tupi3,concurrency_016,profile_export_aiperf.csv,.csv,concurrency/N2_tupi_PP_long_r1_796872/tupi3/concurrency_016/profile_export_aiperf.csv,/home/rafael/programacao/comp-sys-perf-analysis/data/data_compsys/final/concurrency/N2_tupi_PP_long_r1_796872/tupi3/concurrency_016/profile_export_aiperf.csv,3660
concurrency,N2_tupi_PP_long_r1_796872,tupi3,concurrency_016,profile_export_aiperf.json,.json,concurrency/N2_tupi_PP_long_r1_796872/tupi3/concurrency_016/profile_export_aiperf.json,/home/rafael/programacao/comp-sys-perf-analysis/data/data_compsys/final/concurrency/N2_tupi_PP_long_r1_796872/tupi3/concurrency_016/profile_export_aiperf.json,11721
concurrency,N2_tupi_PP_long_r1_796872,tupi3,concurrency_016,server_metrics_export.csv,.csv,concurrency/N2_tupi_PP_long_r1_796872/tupi3/concurrency_016/server_metrics_export.csv,/home/rafael/programacao/comp-sys-perf-analysis/data/data_compsys/final/concurrency/N2_tupi_PP_long_r1_796872/tupi3/concurrency_016/server_metrics_export.csv,19783
concurrency,N2_tupi_PP_long_r1_796872,tupi3,concurrency_016,server_metrics_export.json,.json,concurrency/N2_tupi_PP_long_r1_796872/tupi3/concurrency_016/server_metrics_export.json,/home/rafael/programacao/comp-sys-perf-analysis/data/data_compsys/final/concurrency/N2_tupi_PP_long_r1_796872/tupi3/concurrency_016/server_metrics_export.json,51721
concurrency,N2_tupi_PP_long_r1_796872,tupi3,concurrency_032,aiperf.log,.log,concurrency/N2_tupi_PP_long_r1_796872/tupi3/concurrency_032/logs/aiperf.log,/home/rafael/programacao/comp-sys-perf-analysis/data/data_compsys/final/concurrency/N2_tupi_PP_long_r1_796872/tupi3/concurrency_032/logs/aiperf.log,22988
concurrency,N2_tupi_PP_long_r1_796872,tupi3,concurrency_032,inputs.json,.json,concurrency/N2_tupi_PP_long_r1_796872/tupi3/concurrency_032/inputs.json,/home/rafael/programacao/comp-sys-perf-analysis/data/data_compsys/final/concurrency/N2_tupi_PP_long_r1_796872/tupi3/concurrency_032/inputs.json,484286
concurrency,N2_tupi_PP_long_r1_796872,tupi3,concurrency_032,profile_export.jsonl,.jsonl,concurrency/N2_tupi_PP_long_r1_796872/tupi3/concurrency_032/profile_export.jsonl,/home/rafael/programacao/comp-sys-perf-analysis/data/data_compsys/final/concurrency/N2_tupi_PP_long_r1_796872/tupi3/concurrency_032/profile_export.jsonl,2643145
concurrency,N2_tupi_PP_long_r1_796872,tupi3,concurrency_032,profile_export_aiperf.csv,.csv,concurrency/N2_tupi_PP_long_r1_796872/tupi3/concurrency_032/profile_export_aiperf.csv,/home/rafael/programacao/comp-sys-perf-analysis/data/data_compsys/final/concurrency/N2_tupi_PP_long_r1_796872/tupi3/concurrency_032/profile_export_aiperf.csv,3665
concurrency,N2_tupi_PP_long_r1_796872,tupi3,concurrency_032,profile_export_aiperf.json,.json,concurrency/N2_tupi_PP_long_r1_796872/tupi3/concurrency_032/profile_export_aiperf.json,/home/rafael/programacao/comp-sys-perf-analysis/data/data_compsys/final/concurrency/N2_tupi_PP_long_r1_796872/tupi3/concurrency_032/profile_export_aiperf.json,11873
concurrency,N2_tupi_PP_long_r1_796872,tupi3,concurrency_032,server_metrics_export.csv,.csv,concurrency/N2_tupi_PP_long_r1_796872/tupi3/concurrency_032/server_metrics_export.csv,/home/rafael/programacao/comp-sys-perf-analysis/data/data_compsys/final/concurrency/N2_tupi_PP_long_r1_796872/tupi3/concurrency_032/server_metrics_export.csv,19827
concurrency,N2_tupi_PP_long_r1_796872,tupi3,concurrency_032,server_metrics_export.json,.json,concurrency/N2_tupi_PP_long_r1_796872/tupi3/concurrency_032/server_metrics_export.json,/home/rafael/programacao/comp-sys-perf-analysis/data/data_compsys/final/concurrency/N2_tupi_PP_long_r1_796872/tupi3/concurrency_032/server_metrics_export.json,51869
concurrency,N2_tupi_PP_long_r1_796872,tupi3,,iperf3_server_node1.json,.json,concurrency/N2_tupi_PP_long_r1_796872/tupi3/network/iperf3_server_node1.json,/home/rafael/programacao/comp-sys-perf-analysis/data/data_compsys/final/concurrency/N2_tupi_PP_long_r1_796872/tupi3/network/iperf3_server_node1.json,15457
concurrency,N2_tupi_PP_long_r1_796872,tupi3,,network_telemetry.csv,.csv,concurrency/N2_tupi_PP_long_r1_796872/tupi3/network_telemetry.csv,/home/rafael/programacao/comp-sys-perf-analysis/data/data_compsys/final/concurrency/N2_tupi_PP_long_r1_796872/tupi3/network_telemetry.csv,157014
concurrency,N2_tupi_PP_long_r1_796872,tupi3,,node.log,.log,concurrency/N2_tupi_PP_long_r1_796872/tupi3/node.log,/home/rafael/programacao/comp-sys-perf-analysis/data/data_compsys/final/concurrency/N2_tupi_PP_long_r1_796872/tupi3/node.log,160888
concurrency,N2_tupi_PP_long_r1_796872,tupi3,,telemetry.csv,.csv,concurrency/N2_tupi_PP_long_r1_796872/tupi3/telemetry.csv,/home/rafael/programacao/comp-sys-perf-analysis/data/data_compsys/final/concurrency/N2_tupi_PP_long_r1_796872/tupi3/telemetry.csv,941991
concurrency,N2_tupi_PP_long_r1_796872,tupi3,,vllm_server.log,.log,concurrency/N2_tupi_PP_long_r1_796872/tupi3/vllm_server.log,/home/rafael/programacao/comp-sys-perf-analysis/data/data_compsys/final/concurrency/N2_tupi_PP_long_r1_796872/tupi3/vllm_server.log,432480
concurrency,N2_tupi_PP_long_r1_796872,tupi4,,iperf3_client.json,.json,concurrency/N2_tupi_PP_long_r1_796872/tupi4/network/iperf3_client.json,/home/rafael/programacao/comp-sys-perf-analysis/data/data_compsys/final/concurrency/N2_tupi_PP_long_r1_796872/tupi4/network/iperf3_client.json,21476
concurrency,N2_tupi_PP_long_r1_796872,tupi4,,network_telemetry.csv,.csv,concurrency/N2_tupi_PP_long_r1_796872/tupi4/network_telemetry.csv,/home/rafael/programacao/comp-sys-perf-analysis/data/data_compsys/final/concurrency/N2_tupi_PP_long_r1_796872/tupi4/network_telemetry.csv,162626
concurrency,N2_tupi_PP_long_r1_796872,tupi4,,node.log,.log,concurrency/N2_tupi_PP_long_r1_796872/tupi4/node.log,/home/rafael/programacao/comp-sys-perf-analysis/data/data_compsys/final/concurrency/N2_tupi_PP_long_r1_796872/tupi4/node.log,11576
concurrency,N2_tupi_PP_long_r1_796872,tupi4,,telemetry.csv,.csv,concurrency/N2_tupi_PP_long_r1_796872/tupi4/telemetry.csv,/home/rafael/programacao/comp-sys-perf-analysis/data/data_compsys/final/concurrency/N2_tupi_PP_long_r1_796872/tupi4/telemetry.csv,970812
concurrency,N2_tupi_PP_short_r1_796872,tupi3,concurrency_001,aiperf.log,.log,concurrency/N2_tupi_PP_short_r1_796872/tupi3/concurrency_001/logs/aiperf.log,/home/rafael/programacao/comp-sys-perf-analysis/data/data_compsys/final/concurrency/N2_tupi_PP_short_r1_796872/tupi3/concurrency_001/logs/aiperf.log,11699
concurrency,N2_tupi_PP_short_r1_796872,tupi3,concurrency_001,inputs.json,.json,concurrency/N2_tupi_PP_short_r1_796872/tupi3/concurrency_001/inputs.json,/home/rafael/programacao/comp-sys-perf-analysis/data/data_compsys/final/concurrency/N2_tupi_PP_short_r1_796872/tupi3/concurrency_001/inputs.json,94663
concurrency,N2_tupi_PP_short_r1_796872,tupi3,concurrency_001,profile_export.jsonl,.jsonl,concurrency/N2_tupi_PP_short_r1_796872/tupi3/concurrency_001/profile_export.jsonl,/home/rafael/programacao/comp-sys-perf-analysis/data/data_compsys/final/concurrency/N2_tupi_PP_short_r1_796872/tupi3/concurrency_001/profile_export.jsonl,106013
concurrency,N2_tupi_PP_short_r1_796872,tupi3,concurrency_001,profile_export_aiperf.csv,.csv,concurrency/N2_tupi_PP_short_r1_796872/tupi3/concurrency_001/profile_export_aiperf.csv,/home/rafael/programacao/comp-sys-perf-analysis/data/data_compsys/final/concurrency/N2_tupi_PP_short_r1_796872/tupi3/concurrency_001/profile_export_aiperf.csv,3488
concurrency,N2_tupi_PP_short_r1_796872,tupi3,concurrency_001,profile_export_aiperf.json,.json,concurrency/N2_tupi_PP_short_r1_796872/tupi3/concurrency_001/profile_export_aiperf.json,/home/rafael/programacao/comp-sys-perf-analysis/data/data_compsys/final/concurrency/N2_tupi_PP_short_r1_796872/tupi3/concurrency_001/profile_export_aiperf.json,11570
concurrency,N2_tupi_PP_short_r1_796872,tupi3,concurrency_001,server_metrics_export.csv,.csv,concurrency/N2_tupi_PP_short_r1_796872/tupi3/concurrency_001/server_metrics_export.csv,/home/rafael/programacao/comp-sys-perf-analysis/data/data_compsys/final/concurrency/N2_tupi_PP_short_r1_796872/tupi3/concurrency_001/server_metrics_export.csv,19508
concurrency,N2_tupi_PP_short_r1_796872,tupi3,concurrency_001,server_metrics_export.json,.json,concurrency/N2_tupi_PP_short_r1_796872/tupi3/concurrency_001/server_metrics_export.json,/home/rafael/programacao/comp-sys-perf-analysis/data/data_compsys/final/concurrency/N2_tupi_PP_short_r1_796872/tupi3/concurrency_001/server_metrics_export.json,51793
concurrency,N2_tupi_PP_short_r1_796872,tupi3,concurrency_002,aiperf.log,.log,concurrency/N2_tupi_PP_short_r1_796872/tupi3/concurrency_002/logs/aiperf.log,/home/rafael/programacao/comp-sys-perf-analysis/data/data_compsys/final/concurrency/N2_tupi_PP_short_r1_796872/tupi3/concurrency_002/logs/aiperf.log,11657
concurrency,N2_tupi_PP_short_r1_796872,tupi3,concurrency_002,inputs.json,.json,concurrency/N2_tupi_PP_short_r1_796872/tupi3/concurrency_002/inputs.json,/home/rafael/programacao/comp-sys-perf-analysis/data/data_compsys/final/concurrency/N2_tupi_PP_short_r1_796872/tupi3/concurrency_002/inputs.json,94593
concurrency,N2_tupi_PP_short_r1_796872,tupi3,concurrency_002,profile_export.jsonl,.jsonl,concurrency/N2_tupi_PP_short_r1_796872/tupi3/concurrency_002/profile_export.jsonl,/home/rafael/programacao/comp-sys-perf-analysis/data/data_compsys/final/concurrency/N2_tupi_PP_short_r1_796872/tupi3/concurrency_002/profile_export.jsonl,105858
concurrency,N2_tupi_PP_short_r1_796872,tupi3,concurrency_002,profile_export_aiperf.csv,.csv,concurrency/N2_tupi_PP_short_r1_796872/tupi3/concurrency_002/profile_export_aiperf.csv,/home/rafael/programacao/comp-sys-perf-analysis/data/data_compsys/final/concurrency/N2_tupi_PP_short_r1_796872/tupi3/concurrency_002/profile_export_aiperf.csv,3484
concurrency,N2_tupi_PP_short_r1_796872,tupi3,concurrency_002,profile_export_aiperf.json,.json,concurrency/N2_tupi_PP_short_r1_796872/tupi3/concurrency_002/profile_export_aiperf.json,/home/rafael/programacao/comp-sys-perf-analysis/data/data_compsys/final/concurrency/N2_tupi_PP_short_r1_796872/tupi3/concurrency_002/profile_export_aiperf.json,11383
concurrency,N2_tupi_PP_short_r1_796872,tupi3,concurrency_002,server_metrics_export.csv,.csv,concurrency/N2_tupi_PP_short_r1_796872/tupi3/concurrency_002/server_metrics_export.csv,/home/rafael/programacao/comp-sys-perf-analysis/data/data_compsys/final/concurrency/N2_tupi_PP_short_r1_796872/tupi3/concurrency_002/server_metrics_export.csv,19514
concurrency,N2_tupi_PP_short_r1_796872,tupi3,concurrency_002,server_metrics_export.json,.json,concurrency/N2_tupi_PP_short_r1_796872/tupi3/concurrency_002/server_metrics_export.json,/home/rafael/programacao/comp-sys-perf-analysis/data/data_compsys/final/concurrency/N2_tupi_PP_short_r1_796872/tupi3/concurrency_002/server_metrics_export.json,51804
concurrency,N2_tupi_PP_short_r1_796872,tupi3,concurrency_004,aiperf.log,.log,concurrency/N2_tupi_PP_short_r1_796872/tupi3/concurrency_004/logs/aiperf.log,/home/rafael/programacao/comp-sys-perf-analysis/data/data_compsys/final/concurrency/N2_tupi_PP_short_r1_796872/tupi3/concurrency_004/logs/aiperf.log,11847
concurrency,N2_tupi_PP_short_r1_796872,tupi3,concurrency_004,inputs.json,.json,concurrency/N2_tupi_PP_short_r1_796872/tupi3/concurrency_004/inputs.json,/home/rafael/programacao/comp-sys-perf-analysis/data/data_compsys/final/concurrency/N2_tupi_PP_short_r1_796872/tupi3/concurrency_004/inputs.json,94239
concurrency,N2_tupi_PP_short_r1_796872,tupi3,concurrency_004,profile_export.jsonl,.jsonl,concurrency/N2_tupi_PP_short_r1_796872/tupi3/concurrency_004/profile_export.jsonl,/home/rafael/programacao/comp-sys-perf-analysis/data/data_compsys/final/concurrency/N2_tupi_PP_short_r1_796872/tupi3/concurrency_004/profile_export.jsonl,141720
concurrency,N2_tupi_PP_short_r1_796872,tupi3,concurrency_004,profile_export_aiperf.csv,.csv,concurrency/N2_tupi_PP_short_r1_796872/tupi3/concurrency_004/profile_export_aiperf.csv,/home/rafael/programacao/comp-sys-perf-analysis/data/data_compsys/final/concurrency/N2_tupi_PP_short_r1_796872/tupi3/concurrency_004/profile_export_aiperf.csv,3512
concurrency,N2_tupi_PP_short_r1_796872,tupi3,concurrency_004,profile_export_aiperf.json,.json,concurrency/N2_tupi_PP_short_r1_796872/tupi3/concurrency_004/profile_export_aiperf.json,/home/rafael/programacao/comp-sys-perf-analysis/data/data_compsys/final/concurrency/N2_tupi_PP_short_r1_796872/tupi3/concurrency_004/profile_export_aiperf.json,11427
concurrency,N2_tupi_PP_short_r1_796872,tupi3,concurrency_004,server_metrics_export.csv,.csv,concurrency/N2_tupi_PP_short_r1_796872/tupi3/concurrency_004/server_metrics_export.csv,/home/rafael/programacao/comp-sys-perf-analysis/data/data_compsys/final/concurrency/N2_tupi_PP_short_r1_796872/tupi3/concurrency_004/server_metrics_export.csv,19521
concurrency,N2_tupi_PP_short_r1_796872,tupi3,concurrency_004,server_metrics_export.json,.json,concurrency/N2_tupi_PP_short_r1_796872/tupi3/concurrency_004/server_metrics_export.json,/home/rafael/programacao/comp-sys-perf-analysis/data/data_compsys/final/concurrency/N2_tupi_PP_short_r1_796872/tupi3/concurrency_004/server_metrics_export.json,51810
concurrency,N2_tupi_PP_short_r1_796872,tupi3,concurrency_008,aiperf.log,.log,concurrency/N2_tupi_PP_short_r1_796872/tupi3/concurrency_008/logs/aiperf.log,/home/rafael/programacao/comp-sys-perf-analysis/data/data_compsys/final/concurrency/N2_tupi_PP_short_r1_796872/tupi3/concurrency_008/logs/aiperf.log,13947
concurrency,N2_tupi_PP_short_r1_796872,tupi3,concurrency_008,inputs.json,.json,concurrency/N2_tupi_PP_short_r1_796872/tupi3/concurrency_008/inputs.json,/home/rafael/programacao/comp-sys-perf-analysis/data/data_compsys/final/concurrency/N2_tupi_PP_short_r1_796872/tupi3/concurrency_008/inputs.json,93524
concurrency,N2_tupi_PP_short_r1_796872,tupi3,concurrency_008,profile_export.jsonl,.jsonl,concurrency/N2_tupi_PP_short_r1_796872/tupi3/concurrency_008/profile_export.jsonl,/home/rafael/programacao/comp-sys-perf-analysis/data/data_compsys/final/concurrency/N2_tupi_PP_short_r1_796872/tupi3/concurrency_008/profile_export.jsonl,284181
concurrency,N2_tupi_PP_short_r1_796872,tupi3,concurrency_008,profile_export_aiperf.csv,.csv,concurrency/N2_tupi_PP_short_r1_796872/tupi3/concurrency_008/profile_export_aiperf.csv,/home/rafael/programacao/comp-sys-perf-analysis/data/data_compsys/final/concurrency/N2_tupi_PP_short_r1_796872/tupi3/concurrency_008/profile_export_aiperf.csv,3528
concurrency,N2_tupi_PP_short_r1_796872,tupi3,concurrency_008,profile_export_aiperf.json,.json,concurrency/N2_tupi_PP_short_r1_796872/tupi3/concurrency_008/profile_export_aiperf.json,/home/rafael/programacao/comp-sys-perf-analysis/data/data_compsys/final/concurrency/N2_tupi_PP_short_r1_796872/tupi3/concurrency_008/profile_export_aiperf.json,11452
concurrency,N2_tupi_PP_short_r1_796872,tupi3,concurrency_008,server_metrics_export.csv,.csv,concurrency/N2_tupi_PP_short_r1_796872/tupi3/concurrency_008/server_metrics_export.csv,/home/rafael/programacao/comp-sys-perf-analysis/data/data_compsys/final/concurrency/N2_tupi_PP_short_r1_796872/tupi3/concurrency_008/server_metrics_export.csv,19557
concurrency,N2_tupi_PP_short_r1_796872,tupi3,concurrency_008,server_metrics_export.json,.json,concurrency/N2_tupi_PP_short_r1_796872/tupi3/concurrency_008/server_metrics_export.json,/home/rafael/programacao/comp-sys-perf-analysis/data/data_compsys/final/concurrency/N2_tupi_PP_short_r1_796872/tupi3/concurrency_008/server_metrics_export.json,51778
concurrency,N2_tupi_PP_short_r1_796872,tupi3,concurrency_016,aiperf.log,.log,concurrency/N2_tupi_PP_short_r1_796872/tupi3/concurrency_016/logs/aiperf.log,/home/rafael/programacao/comp-sys-perf-analysis/data/data_compsys/final/concurrency/N2_tupi_PP_short_r1_796872/tupi3/concurrency_016/logs/aiperf.log,18169
concurrency,N2_tupi_PP_short_r1_796872,tupi3,concurrency_016,inputs.json,.json,concurrency/N2_tupi_PP_short_r1_796872/tupi3/concurrency_016/inputs.json,/home/rafael/programacao/comp-sys-perf-analysis/data/data_compsys/final/concurrency/N2_tupi_PP_short_r1_796872/tupi3/concurrency_016/inputs.json,94091
concurrency,N2_tupi_PP_short_r1_796872,tupi3,concurrency_016,profile_export.jsonl,.jsonl,concurrency/N2_tupi_PP_short_r1_796872/tupi3/concurrency_016/profile_export.jsonl,/home/rafael/programacao/comp-sys-perf-analysis/data/data_compsys/final/concurrency/N2_tupi_PP_short_r1_796872/tupi3/concurrency_016/profile_export.jsonl,569830
concurrency,N2_tupi_PP_short_r1_796872,tupi3,concurrency_016,profile_export_aiperf.csv,.csv,concurrency/N2_tupi_PP_short_r1_796872/tupi3/concurrency_016/profile_export_aiperf.csv,/home/rafael/programacao/comp-sys-perf-analysis/data/data_compsys/final/concurrency/N2_tupi_PP_short_r1_796872/tupi3/concurrency_016/profile_export_aiperf.csv,3546
concurrency,N2_tupi_PP_short_r1_796872,tupi3,concurrency_016,profile_export_aiperf.json,.json,concurrency/N2_tupi_PP_short_r1_796872/tupi3/concurrency_016/profile_export_aiperf.json,/home/rafael/programacao/comp-sys-perf-analysis/data/data_compsys/final/concurrency/N2_tupi_PP_short_r1_796872/tupi3/concurrency_016/profile_export_aiperf.json,11550
concurrency,N2_tupi_PP_short_r1_796872,tupi3,concurrency_016,server_metrics_export.csv,.csv,concurrency/N2_tupi_PP_short_r1_796872/tupi3/concurrency_016/server_metrics_export.csv,/home/rafael/programacao/comp-sys-perf-analysis/data/data_compsys/final/concurrency/N2_tupi_PP_short_r1_796872/tupi3/concurrency_016/server_metrics_export.csv,19766
concurrency,N2_tupi_PP_short_r1_796872,tupi3,concurrency_016,server_metrics_export.json,.json,concurrency/N2_tupi_PP_short_r1_796872/tupi3/concurrency_016/server_metrics_export.json,/home/rafael/programacao/comp-sys-perf-analysis/data/data_compsys/final/concurrency/N2_tupi_PP_short_r1_796872/tupi3/concurrency_016/server_metrics_export.json,52037
concurrency,N2_tupi_PP_short_r1_796872,tupi3,concurrency_032,aiperf.log,.log,concurrency/N2_tupi_PP_short_r1_796872/tupi3/concurrency_032/logs/aiperf.log,/home/rafael/programacao/comp-sys-perf-analysis/data/data_compsys/final/concurrency/N2_tupi_PP_short_r1_796872/tupi3/concurrency_032/logs/aiperf.log,22570
concurrency,N2_tupi_PP_short_r1_796872,tupi3,concurrency_032,inputs.json,.json,concurrency/N2_tupi_PP_short_r1_796872/tupi3/concurrency_032/inputs.json,/home/rafael/programacao/comp-sys-perf-analysis/data/data_compsys/final/concurrency/N2_tupi_PP_short_r1_796872/tupi3/concurrency_032/inputs.json,94519
concurrency,N2_tupi_PP_short_r1_796872,tupi3,concurrency_032,profile_export.jsonl,.jsonl,concurrency/N2_tupi_PP_short_r1_796872/tupi3/concurrency_032/profile_export.jsonl,/home/rafael/programacao/comp-sys-perf-analysis/data/data_compsys/final/concurrency/N2_tupi_PP_short_r1_796872/tupi3/concurrency_032/profile_export.jsonl,1159131
concurrency,N2_tupi_PP_short_r1_796872,tupi3,concurrency_032,profile_export_aiperf.csv,.csv,concurrency/N2_tupi_PP_short_r1_796872/tupi3/concurrency_032/profile_export_aiperf.csv,/home/rafael/programacao/comp-sys-perf-analysis/data/data_compsys/final/concurrency/N2_tupi_PP_short_r1_796872/tupi3/concurrency_032/profile_export_aiperf.csv,3556
concurrency,N2_tupi_PP_short_r1_796872,tupi3,concurrency_032,profile_export_aiperf.json,.json,concurrency/N2_tupi_PP_short_r1_796872/tupi3/concurrency_032/profile_export_aiperf.json,/home/rafael/programacao/comp-sys-perf-analysis/data/data_compsys/final/concurrency/N2_tupi_PP_short_r1_796872/tupi3/concurrency_032/profile_export_aiperf.json,11623
concurrency,N2_tupi_PP_short_r1_796872,tupi3,concurrency_032,server_metrics_export.csv,.csv,concurrency/N2_tupi_PP_short_r1_796872/tupi3/concurrency_032/server_metrics_export.csv,/home/rafael/programacao/comp-sys-perf-analysis/data/data_compsys/final/concurrency/N2_tupi_PP_short_r1_796872/tupi3/concurrency_032/server_metrics_export.csv,19783
concurrency,N2_tupi_PP_short_r1_796872,tupi3,concurrency_032,server_metrics_export.json,.json,concurrency/N2_tupi_PP_short_r1_796872/tupi3/concurrency_032/server_metrics_export.json,/home/rafael/programacao/comp-sys-perf-analysis/data/data_compsys/final/concurrency/N2_tupi_PP_short_r1_796872/tupi3/concurrency_032/server_metrics_export.json,52102
concurrency,N2_tupi_PP_short_r1_796872,tupi3,,iperf3_server_node1.json,.json,concurrency/N2_tupi_PP_short_r1_796872/tupi3/network/iperf3_server_node1.json,/home/rafael/programacao/comp-sys-perf-analysis/data/data_compsys/final/concurrency/N2_tupi_PP_short_r1_796872/tupi3/network/iperf3_server_node1.json,15526
concurrency,N2_tupi_PP_short_r1_796872,tupi3,,network_telemetry.csv,.csv,concurrency/N2_tupi_PP_short_r1_796872/tupi3/network_telemetry.csv,/home/rafael/programacao/comp-sys-perf-analysis/data/data_compsys/final/concurrency/N2_tupi_PP_short_r1_796872/tupi3/network_telemetry.csv,48434
concurrency,N2_tupi_PP_short_r1_796872,tupi3,,node.log,.log,concurrency/N2_tupi_PP_short_r1_796872/tupi3/node.log,/home/rafael/programacao/comp-sys-perf-analysis/data/data_compsys/final/concurrency/N2_tupi_PP_short_r1_796872/tupi3/node.log,152992
concurrency,N2_tupi_PP_short_r1_796872,tupi3,,telemetry.csv,.csv,concurrency/N2_tupi_PP_short_r1_796872/tupi3/telemetry.csv,/home/rafael/programacao/comp-sys-perf-analysis/data/data_compsys/final/concurrency/N2_tupi_PP_short_r1_796872/tupi3/telemetry.csv,285217
concurrency,N2_tupi_PP_short_r1_796872,tupi3,,vllm_server.log,.log,concurrency/N2_tupi_PP_short_r1_796872/tupi3/vllm_server.log,/home/rafael/programacao/comp-sys-perf-analysis/data/data_compsys/final/concurrency/N2_tupi_PP_short_r1_796872/tupi3/vllm_server.log,187416
concurrency,N2_tupi_PP_short_r1_796872,tupi4,,iperf3_client.json,.json,concurrency/N2_tupi_PP_short_r1_796872/tupi4/network/iperf3_client.json,/home/rafael/programacao/comp-sys-perf-analysis/data/data_compsys/final/concurrency/N2_tupi_PP_short_r1_796872/tupi4/network/iperf3_client.json,21553
concurrency,N2_tupi_PP_short_r1_796872,tupi4,,network_telemetry.csv,.csv,concurrency/N2_tupi_PP_short_r1_796872/tupi4/network_telemetry.csv,/home/rafael/programacao/comp-sys-perf-analysis/data/data_compsys/final/concurrency/N2_tupi_PP_short_r1_796872/tupi4/network_telemetry.csv,53924
concurrency,N2_tupi_PP_short_r1_796872,tupi4,,node.log,.log,concurrency/N2_tupi_PP_short_r1_796872/tupi4/node.log,/home/rafael/programacao/comp-sys-perf-analysis/data/data_compsys/final/concurrency/N2_tupi_PP_short_r1_796872/tupi4/node.log,11578
concurrency,N2_tupi_PP_short_r1_796872,tupi4,,telemetry.csv,.csv,concurrency/N2_tupi_PP_short_r1_796872/tupi4/telemetry.csv,/home/rafael/programacao/comp-sys-perf-analysis/data/data_compsys/final/concurrency/N2_tupi_PP_short_r1_796872/tupi4/telemetry.csv,314084
concurrency,N2_tupi_TP_long_r1_795649,tupi3,concurrency_001,aiperf.log,.log,concurrency/N2_tupi_TP_long_r1_795649/tupi3/concurrency_001/logs/aiperf.log,/home/rafael/programacao/comp-sys-perf-analysis/data/data_compsys/final/concurrency/N2_tupi_TP_long_r1_795649/tupi3/concurrency_001/logs/aiperf.log,11562
concurrency,N2_tupi_TP_long_r1_795649,tupi3,concurrency_001,inputs.json,.json,concurrency/N2_tupi_TP_long_r1_795649/tupi3/concurrency_001/inputs.json,/home/rafael/programacao/comp-sys-perf-analysis/data/data_compsys/final/concurrency/N2_tupi_TP_long_r1_795649/tupi3/concurrency_001/inputs.json,481388
concurrency,N2_tupi_TP_long_r1_795649,tupi3,concurrency_001,profile_export.jsonl,.jsonl,concurrency/N2_tupi_TP_long_r1_795649/tupi3/concurrency_001/profile_export.jsonl,/home/rafael/programacao/comp-sys-perf-analysis/data/data_compsys/final/concurrency/N2_tupi_TP_long_r1_795649/tupi3/concurrency_001/profile_export.jsonl,250142
concurrency,N2_tupi_TP_long_r1_795649,tupi3,concurrency_001,profile_export_aiperf.csv,.csv,concurrency/N2_tupi_TP_long_r1_795649/tupi3/concurrency_001/profile_export_aiperf.csv,/home/rafael/programacao/comp-sys-perf-analysis/data/data_compsys/final/concurrency/N2_tupi_TP_long_r1_795649/tupi3/concurrency_001/profile_export_aiperf.csv,3647
concurrency,N2_tupi_TP_long_r1_795649,tupi3,concurrency_001,profile_export_aiperf.json,.json,concurrency/N2_tupi_TP_long_r1_795649/tupi3/concurrency_001/profile_export_aiperf.json,/home/rafael/programacao/comp-sys-perf-analysis/data/data_compsys/final/concurrency/N2_tupi_TP_long_r1_795649/tupi3/concurrency_001/profile_export_aiperf.json,11678
concurrency,N2_tupi_TP_long_r1_795649,tupi3,concurrency_001,server_metrics_export.csv,.csv,concurrency/N2_tupi_TP_long_r1_795649/tupi3/concurrency_001/server_metrics_export.csv,/home/rafael/programacao/comp-sys-perf-analysis/data/data_compsys/final/concurrency/N2_tupi_TP_long_r1_795649/tupi3/concurrency_001/server_metrics_export.csv,19584
concurrency,N2_tupi_TP_long_r1_795649,tupi3,concurrency_001,server_metrics_export.json,.json,concurrency/N2_tupi_TP_long_r1_795649/tupi3/concurrency_001/server_metrics_export.json,/home/rafael/programacao/comp-sys-perf-analysis/data/data_compsys/final/concurrency/N2_tupi_TP_long_r1_795649/tupi3/concurrency_001/server_metrics_export.json,51581
concurrency,N2_tupi_TP_long_r1_795649,tupi3,concurrency_002,aiperf.log,.log,concurrency/N2_tupi_TP_long_r1_795649/tupi3/concurrency_002/logs/aiperf.log,/home/rafael/programacao/comp-sys-perf-analysis/data/data_compsys/final/concurrency/N2_tupi_TP_long_r1_795649/tupi3/concurrency_002/logs/aiperf.log,11657
concurrency,N2_tupi_TP_long_r1_795649,tupi3,concurrency_002,inputs.json,.json,concurrency/N2_tupi_TP_long_r1_795649/tupi3/concurrency_002/inputs.json,/home/rafael/programacao/comp-sys-perf-analysis/data/data_compsys/final/concurrency/N2_tupi_TP_long_r1_795649/tupi3/concurrency_002/inputs.json,485478
concurrency,N2_tupi_TP_long_r1_795649,tupi3,concurrency_002,profile_export.jsonl,.jsonl,concurrency/N2_tupi_TP_long_r1_795649/tupi3/concurrency_002/profile_export.jsonl,/home/rafael/programacao/comp-sys-perf-analysis/data/data_compsys/final/concurrency/N2_tupi_TP_long_r1_795649/tupi3/concurrency_002/profile_export.jsonl,260274
concurrency,N2_tupi_TP_long_r1_795649,tupi3,concurrency_002,profile_export_aiperf.csv,.csv,concurrency/N2_tupi_TP_long_r1_795649/tupi3/concurrency_002/profile_export_aiperf.csv,/home/rafael/programacao/comp-sys-perf-analysis/data/data_compsys/final/concurrency/N2_tupi_TP_long_r1_795649/tupi3/concurrency_002/profile_export_aiperf.csv,3678
concurrency,N2_tupi_TP_long_r1_795649,tupi3,concurrency_002,profile_export_aiperf.json,.json,concurrency/N2_tupi_TP_long_r1_795649/tupi3/concurrency_002/profile_export_aiperf.json,/home/rafael/programacao/comp-sys-perf-analysis/data/data_compsys/final/concurrency/N2_tupi_TP_long_r1_795649/tupi3/concurrency_002/profile_export_aiperf.json,11935
concurrency,N2_tupi_TP_long_r1_795649,tupi3,concurrency_002,server_metrics_export.csv,.csv,concurrency/N2_tupi_TP_long_r1_795649/tupi3/concurrency_002/server_metrics_export.csv,/home/rafael/programacao/comp-sys-perf-analysis/data/data_compsys/final/concurrency/N2_tupi_TP_long_r1_795649/tupi3/concurrency_002/server_metrics_export.csv,19563
concurrency,N2_tupi_TP_long_r1_795649,tupi3,concurrency_002,server_metrics_export.json,.json,concurrency/N2_tupi_TP_long_r1_795649/tupi3/concurrency_002/server_metrics_export.json,/home/rafael/programacao/comp-sys-perf-analysis/data/data_compsys/final/concurrency/N2_tupi_TP_long_r1_795649/tupi3/concurrency_002/server_metrics_export.json,51417
concurrency,N2_tupi_TP_long_r1_795649,tupi3,concurrency_004,aiperf.log,.log,concurrency/N2_tupi_TP_long_r1_795649/tupi3/concurrency_004/logs/aiperf.log,/home/rafael/programacao/comp-sys-perf-analysis/data/data_compsys/final/concurrency/N2_tupi_TP_long_r1_795649/tupi3/concurrency_004/logs/aiperf.log,12121
concurrency,N2_tupi_TP_long_r1_795649,tupi3,concurrency_004,inputs.json,.json,concurrency/N2_tupi_TP_long_r1_795649/tupi3/concurrency_004/inputs.json,/home/rafael/programacao/comp-sys-perf-analysis/data/data_compsys/final/concurrency/N2_tupi_TP_long_r1_795649/tupi3/concurrency_004/inputs.json,485478
concurrency,N2_tupi_TP_long_r1_795649,tupi3,concurrency_004,profile_export.jsonl,.jsonl,concurrency/N2_tupi_TP_long_r1_795649/tupi3/concurrency_004/profile_export.jsonl,/home/rafael/programacao/comp-sys-perf-analysis/data/data_compsys/final/concurrency/N2_tupi_TP_long_r1_795649/tupi3/concurrency_004/profile_export.jsonl,324276
concurrency,N2_tupi_TP_long_r1_795649,tupi3,concurrency_004,profile_export_aiperf.csv,.csv,concurrency/N2_tupi_TP_long_r1_795649/tupi3/concurrency_004/profile_export_aiperf.csv,/home/rafael/programacao/comp-sys-perf-analysis/data/data_compsys/final/concurrency/N2_tupi_TP_long_r1_795649/tupi3/concurrency_004/profile_export_aiperf.csv,3698
concurrency,N2_tupi_TP_long_r1_795649,tupi3,concurrency_004,profile_export_aiperf.json,.json,concurrency/N2_tupi_TP_long_r1_795649/tupi3/concurrency_004/profile_export_aiperf.json,/home/rafael/programacao/comp-sys-perf-analysis/data/data_compsys/final/concurrency/N2_tupi_TP_long_r1_795649/tupi3/concurrency_004/profile_export_aiperf.json,11730
concurrency,N2_tupi_TP_long_r1_795649,tupi3,concurrency_004,server_metrics_export.csv,.csv,concurrency/N2_tupi_TP_long_r1_795649/tupi3/concurrency_004/server_metrics_export.csv,/home/rafael/programacao/comp-sys-perf-analysis/data/data_compsys/final/concurrency/N2_tupi_TP_long_r1_795649/tupi3/concurrency_004/server_metrics_export.csv,19565
concurrency,N2_tupi_TP_long_r1_795649,tupi3,concurrency_004,server_metrics_export.json,.json,concurrency/N2_tupi_TP_long_r1_795649/tupi3/concurrency_004/server_metrics_export.json,/home/rafael/programacao/comp-sys-perf-analysis/data/data_compsys/final/concurrency/N2_tupi_TP_long_r1_795649/tupi3/concurrency_004/server_metrics_export.json,51683
concurrency,N2_tupi_TP_long_r1_795649,tupi3,concurrency_008,aiperf.log,.log,concurrency/N2_tupi_TP_long_r1_795649/tupi3/concurrency_008/logs/aiperf.log,/home/rafael/programacao/comp-sys-perf-analysis/data/data_compsys/final/concurrency/N2_tupi_TP_long_r1_795649/tupi3/concurrency_008/logs/aiperf.log,13947
concurrency,N2_tupi_TP_long_r1_795649,tupi3,concurrency_008,inputs.json,.json,concurrency/N2_tupi_TP_long_r1_795649/tupi3/concurrency_008/inputs.json,/home/rafael/programacao/comp-sys-perf-analysis/data/data_compsys/final/concurrency/N2_tupi_TP_long_r1_795649/tupi3/concurrency_008/inputs.json,485248
concurrency,N2_tupi_TP_long_r1_795649,tupi3,concurrency_008,profile_export.jsonl,.jsonl,concurrency/N2_tupi_TP_long_r1_795649/tupi3/concurrency_008/profile_export.jsonl,/home/rafael/programacao/comp-sys-perf-analysis/data/data_compsys/final/concurrency/N2_tupi_TP_long_r1_795649/tupi3/concurrency_008/profile_export.jsonl,693202
concurrency,N2_tupi_TP_long_r1_795649,tupi3,concurrency_008,profile_export_aiperf.csv,.csv,concurrency/N2_tupi_TP_long_r1_795649/tupi3/concurrency_008/profile_export_aiperf.csv,/home/rafael/programacao/comp-sys-perf-analysis/data/data_compsys/final/concurrency/N2_tupi_TP_long_r1_795649/tupi3/concurrency_008/profile_export_aiperf.csv,3706
concurrency,N2_tupi_TP_long_r1_795649,tupi3,concurrency_008,profile_export_aiperf.json,.json,concurrency/N2_tupi_TP_long_r1_795649/tupi3/concurrency_008/profile_export_aiperf.json,/home/rafael/programacao/comp-sys-perf-analysis/data/data_compsys/final/concurrency/N2_tupi_TP_long_r1_795649/tupi3/concurrency_008/profile_export_aiperf.json,11677
concurrency,N2_tupi_TP_long_r1_795649,tupi3,concurrency_008,server_metrics_export.csv,.csv,concurrency/N2_tupi_TP_long_r1_795649/tupi3/concurrency_008/server_metrics_export.csv,/home/rafael/programacao/comp-sys-perf-analysis/data/data_compsys/final/concurrency/N2_tupi_TP_long_r1_795649/tupi3/concurrency_008/server_metrics_export.csv,19574
concurrency,N2_tupi_TP_long_r1_795649,tupi3,concurrency_008,server_metrics_export.json,.json,concurrency/N2_tupi_TP_long_r1_795649/tupi3/concurrency_008/server_metrics_export.json,/home/rafael/programacao/comp-sys-perf-analysis/data/data_compsys/final/concurrency/N2_tupi_TP_long_r1_795649/tupi3/concurrency_008/server_metrics_export.json,51509
concurrency,N2_tupi_TP_long_r1_795649,tupi3,concurrency_016,aiperf.log,.log,concurrency/N2_tupi_TP_long_r1_795649/tupi3/concurrency_016/logs/aiperf.log,/home/rafael/programacao/comp-sys-perf-analysis/data/data_compsys/final/concurrency/N2_tupi_TP_long_r1_795649/tupi3/concurrency_016/logs/aiperf.log,18170
concurrency,N2_tupi_TP_long_r1_795649,tupi3,concurrency_016,inputs.json,.json,concurrency/N2_tupi_TP_long_r1_795649/tupi3/concurrency_016/inputs.json,/home/rafael/programacao/comp-sys-perf-analysis/data/data_compsys/final/concurrency/N2_tupi_TP_long_r1_795649/tupi3/concurrency_016/inputs.json,485658
concurrency,N2_tupi_TP_long_r1_795649,tupi3,concurrency_016,profile_export.jsonl,.jsonl,concurrency/N2_tupi_TP_long_r1_795649/tupi3/concurrency_016/profile_export.jsonl,/home/rafael/programacao/comp-sys-perf-analysis/data/data_compsys/final/concurrency/N2_tupi_TP_long_r1_795649/tupi3/concurrency_016/profile_export.jsonl,1320330
concurrency,N2_tupi_TP_long_r1_795649,tupi3,concurrency_016,profile_export_aiperf.csv,.csv,concurrency/N2_tupi_TP_long_r1_795649/tupi3/concurrency_016/profile_export_aiperf.csv,/home/rafael/programacao/comp-sys-perf-analysis/data/data_compsys/final/concurrency/N2_tupi_TP_long_r1_795649/tupi3/concurrency_016/profile_export_aiperf.csv,3746
concurrency,N2_tupi_TP_long_r1_795649,tupi3,concurrency_016,profile_export_aiperf.json,.json,concurrency/N2_tupi_TP_long_r1_795649/tupi3/concurrency_016/profile_export_aiperf.json,/home/rafael/programacao/comp-sys-perf-analysis/data/data_compsys/final/concurrency/N2_tupi_TP_long_r1_795649/tupi3/concurrency_016/profile_export_aiperf.json,11717
concurrency,N2_tupi_TP_long_r1_795649,tupi3,concurrency_016,server_metrics_export.csv,.csv,concurrency/N2_tupi_TP_long_r1_795649/tupi3/concurrency_016/server_metrics_export.csv,/home/rafael/programacao/comp-sys-perf-analysis/data/data_compsys/final/concurrency/N2_tupi_TP_long_r1_795649/tupi3/concurrency_016/server_metrics_export.csv,19762
concurrency,N2_tupi_TP_long_r1_795649,tupi3,concurrency_016,server_metrics_export.json,.json,concurrency/N2_tupi_TP_long_r1_795649/tupi3/concurrency_016/server_metrics_export.json,/home/rafael/programacao/comp-sys-perf-analysis/data/data_compsys/final/concurrency/N2_tupi_TP_long_r1_795649/tupi3/concurrency_016/server_metrics_export.json,51891
concurrency,N2_tupi_TP_long_r1_795649,tupi3,concurrency_032,aiperf.log,.log,concurrency/N2_tupi_TP_long_r1_795649/tupi3/concurrency_032/logs/aiperf.log,/home/rafael/programacao/comp-sys-perf-analysis/data/data_compsys/final/concurrency/N2_tupi_TP_long_r1_795649/tupi3/concurrency_032/logs/aiperf.log,21989
concurrency,N2_tupi_TP_long_r1_795649,tupi3,concurrency_032,inputs.json,.json,concurrency/N2_tupi_TP_long_r1_795649/tupi3/concurrency_032/inputs.json,/home/rafael/programacao/comp-sys-perf-analysis/data/data_compsys/final/concurrency/N2_tupi_TP_long_r1_795649/tupi3/concurrency_032/inputs.json,483533
concurrency,N2_tupi_TP_long_r1_795649,tupi3,concurrency_032,profile_export.jsonl,.jsonl,concurrency/N2_tupi_TP_long_r1_795649/tupi3/concurrency_032/profile_export.jsonl,/home/rafael/programacao/comp-sys-perf-analysis/data/data_compsys/final/concurrency/N2_tupi_TP_long_r1_795649/tupi3/concurrency_032/profile_export.jsonl,2770644
concurrency,N2_tupi_TP_long_r1_795649,tupi3,concurrency_032,profile_export_aiperf.csv,.csv,concurrency/N2_tupi_TP_long_r1_795649/tupi3/concurrency_032/profile_export_aiperf.csv,/home/rafael/programacao/comp-sys-perf-analysis/data/data_compsys/final/concurrency/N2_tupi_TP_long_r1_795649/tupi3/concurrency_032/profile_export_aiperf.csv,3762
concurrency,N2_tupi_TP_long_r1_795649,tupi3,concurrency_032,profile_export_aiperf.json,.json,concurrency/N2_tupi_TP_long_r1_795649/tupi3/concurrency_032/profile_export_aiperf.json,/home/rafael/programacao/comp-sys-perf-analysis/data/data_compsys/final/concurrency/N2_tupi_TP_long_r1_795649/tupi3/concurrency_032/profile_export_aiperf.json,11849
concurrency,N2_tupi_TP_long_r1_795649,tupi3,concurrency_032,server_metrics_export.csv,.csv,concurrency/N2_tupi_TP_long_r1_795649/tupi3/concurrency_032/server_metrics_export.csv,/home/rafael/programacao/comp-sys-perf-analysis/data/data_compsys/final/concurrency/N2_tupi_TP_long_r1_795649/tupi3/concurrency_032/server_metrics_export.csv,19796
concurrency,N2_tupi_TP_long_r1_795649,tupi3,concurrency_032,server_metrics_export.json,.json,concurrency/N2_tupi_TP_long_r1_795649/tupi3/concurrency_032/server_metrics_export.json,/home/rafael/programacao/comp-sys-perf-analysis/data/data_compsys/final/concurrency/N2_tupi_TP_long_r1_795649/tupi3/concurrency_032/server_metrics_export.json,51883
concurrency,N2_tupi_TP_long_r1_795649,tupi3,,iperf3_server_node1.json,.json,concurrency/N2_tupi_TP_long_r1_795649/tupi3/network/iperf3_server_node1.json,/home/rafael/programacao/comp-sys-perf-analysis/data/data_compsys/final/concurrency/N2_tupi_TP_long_r1_795649/tupi3/network/iperf3_server_node1.json,15735
concurrency,N2_tupi_TP_long_r1_795649,tupi3,,network_telemetry.csv,.csv,concurrency/N2_tupi_TP_long_r1_795649/tupi3/network_telemetry.csv,/home/rafael/programacao/comp-sys-perf-analysis/data/data_compsys/final/concurrency/N2_tupi_TP_long_r1_795649/tupi3/network_telemetry.csv,525576
concurrency,N2_tupi_TP_long_r1_795649,tupi3,,node.log,.log,concurrency/N2_tupi_TP_long_r1_795649/tupi3/node.log,/home/rafael/programacao/comp-sys-perf-analysis/data/data_compsys/final/concurrency/N2_tupi_TP_long_r1_795649/tupi3/node.log,162373
concurrency,N2_tupi_TP_long_r1_795649,tupi3,,telemetry.csv,.csv,concurrency/N2_tupi_TP_long_r1_795649/tupi3/telemetry.csv,/home/rafael/programacao/comp-sys-perf-analysis/data/data_compsys/final/concurrency/N2_tupi_TP_long_r1_795649/tupi3/telemetry.csv,3167236
concurrency,N2_tupi_TP_long_r1_795649,tupi3,,vllm_server.log,.log,concurrency/N2_tupi_TP_long_r1_795649/tupi3/vllm_server.log,/home/rafael/programacao/comp-sys-perf-analysis/data/data_compsys/final/concurrency/N2_tupi_TP_long_r1_795649/tupi3/vllm_server.log,1237110
concurrency,N2_tupi_TP_long_r1_795649,tupi4,,iperf3_client.json,.json,concurrency/N2_tupi_TP_long_r1_795649/tupi4/network/iperf3_client.json,/home/rafael/programacao/comp-sys-perf-analysis/data/data_compsys/final/concurrency/N2_tupi_TP_long_r1_795649/tupi4/network/iperf3_client.json,21533
concurrency,N2_tupi_TP_long_r1_795649,tupi4,,network_telemetry.csv,.csv,concurrency/N2_tupi_TP_long_r1_795649/tupi4/network_telemetry.csv,/home/rafael/programacao/comp-sys-perf-analysis/data/data_compsys/final/concurrency/N2_tupi_TP_long_r1_795649/tupi4/network_telemetry.csv,531188
concurrency,N2_tupi_TP_long_r1_795649,tupi4,,node.log,.log,concurrency/N2_tupi_TP_long_r1_795649/tupi4/node.log,/home/rafael/programacao/comp-sys-perf-analysis/data/data_compsys/final/concurrency/N2_tupi_TP_long_r1_795649/tupi4/node.log,18925
concurrency,N2_tupi_TP_long_r1_795649,tupi4,,telemetry.csv,.csv,concurrency/N2_tupi_TP_long_r1_795649/tupi4/telemetry.csv,/home/rafael/programacao/comp-sys-perf-analysis/data/data_compsys/final/concurrency/N2_tupi_TP_long_r1_795649/tupi4/telemetry.csv,3195068
concurrency,N2_tupi_TP_long_r1_795649,,,795649.err,.err,concurrency/N2_tupi_TP_long_r1_795649/795649.err,/home/rafael/programacao/comp-sys-perf-analysis/data/data_compsys/final/concurrency/N2_tupi_TP_long_r1_795649/795649.err,7247
concurrency,N2_tupi_TP_long_r1_795649,,,795649.out,.out,concurrency/N2_tupi_TP_long_r1_795649/795649.out,/home/rafael/programacao/comp-sys-perf-analysis/data/data_compsys/final/concurrency/N2_tupi_TP_long_r1_795649/795649.out,762
concurrency,N2_tupi_TP_short_r1_796872,tupi3,concurrency_001,aiperf.log,.log,concurrency/N2_tupi_TP_short_r1_796872/tupi3/concurrency_001/logs/aiperf.log,/home/rafael/programacao/comp-sys-perf-analysis/data/data_compsys/final/concurrency/N2_tupi_TP_short_r1_796872/tupi3/concurrency_001/logs/aiperf.log,11564
concurrency,N2_tupi_TP_short_r1_796872,tupi3,concurrency_001,inputs.json,.json,concurrency/N2_tupi_TP_short_r1_796872/tupi3/concurrency_001/inputs.json,/home/rafael/programacao/comp-sys-perf-analysis/data/data_compsys/final/concurrency/N2_tupi_TP_short_r1_796872/tupi3/concurrency_001/inputs.json,94917
concurrency,N2_tupi_TP_short_r1_796872,tupi3,concurrency_001,profile_export.jsonl,.jsonl,concurrency/N2_tupi_TP_short_r1_796872/tupi3/concurrency_001/profile_export.jsonl,/home/rafael/programacao/comp-sys-perf-analysis/data/data_compsys/final/concurrency/N2_tupi_TP_short_r1_796872/tupi3/concurrency_001/profile_export.jsonl,107104
concurrency,N2_tupi_TP_short_r1_796872,tupi3,concurrency_001,profile_export_aiperf.csv,.csv,concurrency/N2_tupi_TP_short_r1_796872/tupi3/concurrency_001/profile_export_aiperf.csv,/home/rafael/programacao/comp-sys-perf-analysis/data/data_compsys/final/concurrency/N2_tupi_TP_short_r1_796872/tupi3/concurrency_001/profile_export_aiperf.csv,3511
concurrency,N2_tupi_TP_short_r1_796872,tupi3,concurrency_001,profile_export_aiperf.json,.json,concurrency/N2_tupi_TP_short_r1_796872/tupi3/concurrency_001/profile_export_aiperf.json,/home/rafael/programacao/comp-sys-perf-analysis/data/data_compsys/final/concurrency/N2_tupi_TP_short_r1_796872/tupi3/concurrency_001/profile_export_aiperf.json,11443
concurrency,N2_tupi_TP_short_r1_796872,tupi3,concurrency_001,server_metrics_export.csv,.csv,concurrency/N2_tupi_TP_short_r1_796872/tupi3/concurrency_001/server_metrics_export.csv,/home/rafael/programacao/comp-sys-perf-analysis/data/data_compsys/final/concurrency/N2_tupi_TP_short_r1_796872/tupi3/concurrency_001/server_metrics_export.csv,19496
concurrency,N2_tupi_TP_short_r1_796872,tupi3,concurrency_001,server_metrics_export.json,.json,concurrency/N2_tupi_TP_short_r1_796872/tupi3/concurrency_001/server_metrics_export.json,/home/rafael/programacao/comp-sys-perf-analysis/data/data_compsys/final/concurrency/N2_tupi_TP_short_r1_796872/tupi3/concurrency_001/server_metrics_export.json,51679
concurrency,N2_tupi_TP_short_r1_796872,tupi3,concurrency_002,aiperf.log,.log,concurrency/N2_tupi_TP_short_r1_796872/tupi3/concurrency_002/logs/aiperf.log,/home/rafael/programacao/comp-sys-perf-analysis/data/data_compsys/final/concurrency/N2_tupi_TP_short_r1_796872/tupi3/concurrency_002/logs/aiperf.log,11657
concurrency,N2_tupi_TP_short_r1_796872,tupi3,concurrency_002,inputs.json,.json,concurrency/N2_tupi_TP_short_r1_796872/tupi3/concurrency_002/inputs.json,/home/rafael/programacao/comp-sys-perf-analysis/data/data_compsys/final/concurrency/N2_tupi_TP_short_r1_796872/tupi3/concurrency_002/inputs.json,93769
concurrency,N2_tupi_TP_short_r1_796872,tupi3,concurrency_002,profile_export.jsonl,.jsonl,concurrency/N2_tupi_TP_short_r1_796872/tupi3/concurrency_002/profile_export.jsonl,/home/rafael/programacao/comp-sys-perf-analysis/data/data_compsys/final/concurrency/N2_tupi_TP_short_r1_796872/tupi3/concurrency_002/profile_export.jsonl,109310
concurrency,N2_tupi_TP_short_r1_796872,tupi3,concurrency_002,profile_export_aiperf.csv,.csv,concurrency/N2_tupi_TP_short_r1_796872/tupi3/concurrency_002/profile_export_aiperf.csv,/home/rafael/programacao/comp-sys-perf-analysis/data/data_compsys/final/concurrency/N2_tupi_TP_short_r1_796872/tupi3/concurrency_002/profile_export_aiperf.csv,3550
concurrency,N2_tupi_TP_short_r1_796872,tupi3,concurrency_002,profile_export_aiperf.json,.json,concurrency/N2_tupi_TP_short_r1_796872/tupi3/concurrency_002/profile_export_aiperf.json,/home/rafael/programacao/comp-sys-perf-analysis/data/data_compsys/final/concurrency/N2_tupi_TP_short_r1_796872/tupi3/concurrency_002/profile_export_aiperf.json,11483
concurrency,N2_tupi_TP_short_r1_796872,tupi3,concurrency_002,server_metrics_export.csv,.csv,concurrency/N2_tupi_TP_short_r1_796872/tupi3/concurrency_002/server_metrics_export.csv,/home/rafael/programacao/comp-sys-perf-analysis/data/data_compsys/final/concurrency/N2_tupi_TP_short_r1_796872/tupi3/concurrency_002/server_metrics_export.csv,19498
concurrency,N2_tupi_TP_short_r1_796872,tupi3,concurrency_002,server_metrics_export.json,.json,concurrency/N2_tupi_TP_short_r1_796872/tupi3/concurrency_002/server_metrics_export.json,/home/rafael/programacao/comp-sys-perf-analysis/data/data_compsys/final/concurrency/N2_tupi_TP_short_r1_796872/tupi3/concurrency_002/server_metrics_export.json,51588
concurrency,N2_tupi_TP_short_r1_796872,tupi3,concurrency_004,aiperf.log,.log,concurrency/N2_tupi_TP_short_r1_796872/tupi3/concurrency_004/logs/aiperf.log,/home/rafael/programacao/comp-sys-perf-analysis/data/data_compsys/final/concurrency/N2_tupi_TP_short_r1_796872/tupi3/concurrency_004/logs/aiperf.log,11847
concurrency,N2_tupi_TP_short_r1_796872,tupi3,concurrency_004,inputs.json,.json,concurrency/N2_tupi_TP_short_r1_796872/tupi3/concurrency_004/inputs.json,/home/rafael/programacao/comp-sys-perf-analysis/data/data_compsys/final/concurrency/N2_tupi_TP_short_r1_796872/tupi3/concurrency_004/inputs.json,94751
concurrency,N2_tupi_TP_short_r1_796872,tupi3,concurrency_004,profile_export.jsonl,.jsonl,concurrency/N2_tupi_TP_short_r1_796872/tupi3/concurrency_004/profile_export.jsonl,/home/rafael/programacao/comp-sys-perf-analysis/data/data_compsys/final/concurrency/N2_tupi_TP_short_r1_796872/tupi3/concurrency_004/profile_export.jsonl,140819
concurrency,N2_tupi_TP_short_r1_796872,tupi3,concurrency_004,profile_export_aiperf.csv,.csv,concurrency/N2_tupi_TP_short_r1_796872/tupi3/concurrency_004/profile_export_aiperf.csv,/home/rafael/programacao/comp-sys-perf-analysis/data/data_compsys/final/concurrency/N2_tupi_TP_short_r1_796872/tupi3/concurrency_004/profile_export_aiperf.csv,3574
concurrency,N2_tupi_TP_short_r1_796872,tupi3,concurrency_004,profile_export_aiperf.json,.json,concurrency/N2_tupi_TP_short_r1_796872/tupi3/concurrency_004/profile_export_aiperf.json,/home/rafael/programacao/comp-sys-perf-analysis/data/data_compsys/final/concurrency/N2_tupi_TP_short_r1_796872/tupi3/concurrency_004/profile_export_aiperf.json,11571
concurrency,N2_tupi_TP_short_r1_796872,tupi3,concurrency_004,server_metrics_export.csv,.csv,concurrency/N2_tupi_TP_short_r1_796872/tupi3/concurrency_004/server_metrics_export.csv,/home/rafael/programacao/comp-sys-perf-analysis/data/data_compsys/final/concurrency/N2_tupi_TP_short_r1_796872/tupi3/concurrency_004/server_metrics_export.csv,19494
concurrency,N2_tupi_TP_short_r1_796872,tupi3,concurrency_004,server_metrics_export.json,.json,concurrency/N2_tupi_TP_short_r1_796872/tupi3/concurrency_004/server_metrics_export.json,/home/rafael/programacao/comp-sys-perf-analysis/data/data_compsys/final/concurrency/N2_tupi_TP_short_r1_796872/tupi3/concurrency_004/server_metrics_export.json,51623
concurrency,N2_tupi_TP_short_r1_796872,tupi3,concurrency_008,aiperf.log,.log,concurrency/N2_tupi_TP_short_r1_796872/tupi3/concurrency_008/logs/aiperf.log,/home/rafael/programacao/comp-sys-perf-analysis/data/data_compsys/final/concurrency/N2_tupi_TP_short_r1_796872/tupi3/concurrency_008/logs/aiperf.log,13949
concurrency,N2_tupi_TP_short_r1_796872,tupi3,concurrency_008,inputs.json,.json,concurrency/N2_tupi_TP_short_r1_796872/tupi3/concurrency_008/inputs.json,/home/rafael/programacao/comp-sys-perf-analysis/data/data_compsys/final/concurrency/N2_tupi_TP_short_r1_796872/tupi3/concurrency_008/inputs.json,94288
concurrency,N2_tupi_TP_short_r1_796872,tupi3,concurrency_008,profile_export.jsonl,.jsonl,concurrency/N2_tupi_TP_short_r1_796872/tupi3/concurrency_008/profile_export.jsonl,/home/rafael/programacao/comp-sys-perf-analysis/data/data_compsys/final/concurrency/N2_tupi_TP_short_r1_796872/tupi3/concurrency_008/profile_export.jsonl,291535
concurrency,N2_tupi_TP_short_r1_796872,tupi3,concurrency_008,profile_export_aiperf.csv,.csv,concurrency/N2_tupi_TP_short_r1_796872/tupi3/concurrency_008/profile_export_aiperf.csv,/home/rafael/programacao/comp-sys-perf-analysis/data/data_compsys/final/concurrency/N2_tupi_TP_short_r1_796872/tupi3/concurrency_008/profile_export_aiperf.csv,3613
concurrency,N2_tupi_TP_short_r1_796872,tupi3,concurrency_008,profile_export_aiperf.json,.json,concurrency/N2_tupi_TP_short_r1_796872/tupi3/concurrency_008/profile_export_aiperf.json,/home/rafael/programacao/comp-sys-perf-analysis/data/data_compsys/final/concurrency/N2_tupi_TP_short_r1_796872/tupi3/concurrency_008/profile_export_aiperf.json,11568
concurrency,N2_tupi_TP_short_r1_796872,tupi3,concurrency_008,server_metrics_export.csv,.csv,concurrency/N2_tupi_TP_short_r1_796872/tupi3/concurrency_008/server_metrics_export.csv,/home/rafael/programacao/comp-sys-perf-analysis/data/data_compsys/final/concurrency/N2_tupi_TP_short_r1_796872/tupi3/concurrency_008/server_metrics_export.csv,19567
concurrency,N2_tupi_TP_short_r1_796872,tupi3,concurrency_008,server_metrics_export.json,.json,concurrency/N2_tupi_TP_short_r1_796872/tupi3/concurrency_008/server_metrics_export.json,/home/rafael/programacao/comp-sys-perf-analysis/data/data_compsys/final/concurrency/N2_tupi_TP_short_r1_796872/tupi3/concurrency_008/server_metrics_export.json,51622
concurrency,N2_tupi_TP_short_r1_796872,tupi3,concurrency_016,aiperf.log,.log,concurrency/N2_tupi_TP_short_r1_796872/tupi3/concurrency_016/logs/aiperf.log,/home/rafael/programacao/comp-sys-perf-analysis/data/data_compsys/final/concurrency/N2_tupi_TP_short_r1_796872/tupi3/concurrency_016/logs/aiperf.log,18171
concurrency,N2_tupi_TP_short_r1_796872,tupi3,concurrency_016,inputs.json,.json,concurrency/N2_tupi_TP_short_r1_796872/tupi3/concurrency_016/inputs.json,/home/rafael/programacao/comp-sys-perf-analysis/data/data_compsys/final/concurrency/N2_tupi_TP_short_r1_796872/tupi3/concurrency_016/inputs.json,94713
concurrency,N2_tupi_TP_short_r1_796872,tupi3,concurrency_016,profile_export.jsonl,.jsonl,concurrency/N2_tupi_TP_short_r1_796872/tupi3/concurrency_016/profile_export.jsonl,/home/rafael/programacao/comp-sys-perf-analysis/data/data_compsys/final/concurrency/N2_tupi_TP_short_r1_796872/tupi3/concurrency_016/profile_export.jsonl,567793
concurrency,N2_tupi_TP_short_r1_796872,tupi3,concurrency_016,profile_export_aiperf.csv,.csv,concurrency/N2_tupi_TP_short_r1_796872/tupi3/concurrency_016/profile_export_aiperf.csv,/home/rafael/programacao/comp-sys-perf-analysis/data/data_compsys/final/concurrency/N2_tupi_TP_short_r1_796872/tupi3/concurrency_016/profile_export_aiperf.csv,3646
concurrency,N2_tupi_TP_short_r1_796872,tupi3,concurrency_016,profile_export_aiperf.json,.json,concurrency/N2_tupi_TP_short_r1_796872/tupi3/concurrency_016/profile_export_aiperf.json,/home/rafael/programacao/comp-sys-perf-analysis/data/data_compsys/final/concurrency/N2_tupi_TP_short_r1_796872/tupi3/concurrency_016/profile_export_aiperf.json,11644
concurrency,N2_tupi_TP_short_r1_796872,tupi3,concurrency_016,server_metrics_export.csv,.csv,concurrency/N2_tupi_TP_short_r1_796872/tupi3/concurrency_016/server_metrics_export.csv,/home/rafael/programacao/comp-sys-perf-analysis/data/data_compsys/final/concurrency/N2_tupi_TP_short_r1_796872/tupi3/concurrency_016/server_metrics_export.csv,19739
concurrency,N2_tupi_TP_short_r1_796872,tupi3,concurrency_016,server_metrics_export.json,.json,concurrency/N2_tupi_TP_short_r1_796872/tupi3/concurrency_016/server_metrics_export.json,/home/rafael/programacao/comp-sys-perf-analysis/data/data_compsys/final/concurrency/N2_tupi_TP_short_r1_796872/tupi3/concurrency_016/server_metrics_export.json,51825
concurrency,N2_tupi_TP_short_r1_796872,tupi3,concurrency_032,aiperf.log,.log,concurrency/N2_tupi_TP_short_r1_796872/tupi3/concurrency_032/logs/aiperf.log,/home/rafael/programacao/comp-sys-perf-analysis/data/data_compsys/final/concurrency/N2_tupi_TP_short_r1_796872/tupi3/concurrency_032/logs/aiperf.log,20556
concurrency,N2_tupi_TP_short_r1_796872,tupi3,concurrency_032,inputs.json,.json,concurrency/N2_tupi_TP_short_r1_796872/tupi3/concurrency_032/inputs.json,/home/rafael/programacao/comp-sys-perf-analysis/data/data_compsys/final/concurrency/N2_tupi_TP_short_r1_796872/tupi3/concurrency_032/inputs.json,93956
concurrency,N2_tupi_TP_short_r1_796872,tupi3,concurrency_032,profile_export.jsonl,.jsonl,concurrency/N2_tupi_TP_short_r1_796872/tupi3/concurrency_032/profile_export.jsonl,/home/rafael/programacao/comp-sys-perf-analysis/data/data_compsys/final/concurrency/N2_tupi_TP_short_r1_796872/tupi3/concurrency_032/profile_export.jsonl,1170934
concurrency,N2_tupi_TP_short_r1_796872,tupi3,concurrency_032,profile_export_aiperf.csv,.csv,concurrency/N2_tupi_TP_short_r1_796872/tupi3/concurrency_032/profile_export_aiperf.csv,/home/rafael/programacao/comp-sys-perf-analysis/data/data_compsys/final/concurrency/N2_tupi_TP_short_r1_796872/tupi3/concurrency_032/profile_export_aiperf.csv,3673
concurrency,N2_tupi_TP_short_r1_796872,tupi3,concurrency_032,profile_export_aiperf.json,.json,concurrency/N2_tupi_TP_short_r1_796872/tupi3/concurrency_032/profile_export_aiperf.json,/home/rafael/programacao/comp-sys-perf-analysis/data/data_compsys/final/concurrency/N2_tupi_TP_short_r1_796872/tupi3/concurrency_032/profile_export_aiperf.json,11722
concurrency,N2_tupi_TP_short_r1_796872,tupi3,concurrency_032,server_metrics_export.csv,.csv,concurrency/N2_tupi_TP_short_r1_796872/tupi3/concurrency_032/server_metrics_export.csv,/home/rafael/programacao/comp-sys-perf-analysis/data/data_compsys/final/concurrency/N2_tupi_TP_short_r1_796872/tupi3/concurrency_032/server_metrics_export.csv,19745
concurrency,N2_tupi_TP_short_r1_796872,tupi3,concurrency_032,server_metrics_export.json,.json,concurrency/N2_tupi_TP_short_r1_796872/tupi3/concurrency_032/server_metrics_export.json,/home/rafael/programacao/comp-sys-perf-analysis/data/data_compsys/final/concurrency/N2_tupi_TP_short_r1_796872/tupi3/concurrency_032/server_metrics_export.json,51893
concurrency,N2_tupi_TP_short_r1_796872,tupi3,,iperf3_server_node1.json,.json,concurrency/N2_tupi_TP_short_r1_796872/tupi3/network/iperf3_server_node1.json,/home/rafael/programacao/comp-sys-perf-analysis/data/data_compsys/final/concurrency/N2_tupi_TP_short_r1_796872/tupi3/network/iperf3_server_node1.json,15715
concurrency,N2_tupi_TP_short_r1_796872,tupi3,,network_telemetry.csv,.csv,concurrency/N2_tupi_TP_short_r1_796872/tupi3/network_telemetry.csv,/home/rafael/programacao/comp-sys-perf-analysis/data/data_compsys/final/concurrency/N2_tupi_TP_short_r1_796872/tupi3/network_telemetry.csv,130540
concurrency,N2_tupi_TP_short_r1_796872,tupi3,,node.log,.log,concurrency/N2_tupi_TP_short_r1_796872/tupi3/node.log,/home/rafael/programacao/comp-sys-perf-analysis/data/data_compsys/final/concurrency/N2_tupi_TP_short_r1_796872/tupi3/node.log,151765
concurrency,N2_tupi_TP_short_r1_796872,tupi3,,telemetry.csv,.csv,concurrency/N2_tupi_TP_short_r1_796872/tupi3/telemetry.csv,/home/rafael/programacao/comp-sys-perf-analysis/data/data_compsys/final/concurrency/N2_tupi_TP_short_r1_796872/tupi3/telemetry.csv,780914
concurrency,N2_tupi_TP_short_r1_796872,tupi3,,vllm_server.log,.log,concurrency/N2_tupi_TP_short_r1_796872/tupi3/vllm_server.log,/home/rafael/programacao/comp-sys-perf-analysis/data/data_compsys/final/concurrency/N2_tupi_TP_short_r1_796872/tupi3/vllm_server.log,366856
concurrency,N2_tupi_TP_short_r1_796872,tupi4,,iperf3_client.json,.json,concurrency/N2_tupi_TP_short_r1_796872/tupi4/network/iperf3_client.json,/home/rafael/programacao/comp-sys-perf-analysis/data/data_compsys/final/concurrency/N2_tupi_TP_short_r1_796872/tupi4/network/iperf3_client.json,21543
concurrency,N2_tupi_TP_short_r1_796872,tupi4,,network_telemetry.csv,.csv,concurrency/N2_tupi_TP_short_r1_796872/tupi4/network_telemetry.csv,/home/rafael/programacao/comp-sys-perf-analysis/data/data_compsys/final/concurrency/N2_tupi_TP_short_r1_796872/tupi4/network_telemetry.csv,136030
concurrency,N2_tupi_TP_short_r1_796872,tupi4,,node.log,.log,concurrency/N2_tupi_TP_short_r1_796872/tupi4/node.log,/home/rafael/programacao/comp-sys-perf-analysis/data/data_compsys/final/concurrency/N2_tupi_TP_short_r1_796872/tupi4/node.log,11578
concurrency,N2_tupi_TP_short_r1_796872,tupi4,,telemetry.csv,.csv,concurrency/N2_tupi_TP_short_r1_796872/tupi4/telemetry.csv,/home/rafael/programacao/comp-sys-perf-analysis/data/data_compsys/final/concurrency/N2_tupi_TP_short_r1_796872/tupi4/telemetry.csv,809337
concurrency,N4_poti_PP_long_r1_795375,poti1,concurrency_001,aiperf.log,.log,concurrency/N4_poti_PP_long_r1_795375/poti1/concurrency_001/logs/aiperf.log,/home/rafael/programacao/comp-sys-perf-analysis/data/data_compsys/final/concurrency/N4_poti_PP_long_r1_795375/poti1/concurrency_001/logs/aiperf.log,11562
concurrency,N4_poti_PP_long_r1_795375,poti1,concurrency_001,inputs.json,.json,concurrency/N4_poti_PP_long_r1_795375/poti1/concurrency_001/inputs.json,/home/rafael/programacao/comp-sys-perf-analysis/data/data_compsys/final/concurrency/N4_poti_PP_long_r1_795375/poti1/concurrency_001/inputs.json,482794
concurrency,N4_poti_PP_long_r1_795375,poti1,concurrency_001,profile_export.jsonl,.jsonl,concurrency/N4_poti_PP_long_r1_795375/poti1/concurrency_001/profile_export.jsonl,/home/rafael/programacao/comp-sys-perf-analysis/data/data_compsys/final/concurrency/N4_poti_PP_long_r1_795375/poti1/concurrency_001/profile_export.jsonl,242702
concurrency,N4_poti_PP_long_r1_795375,poti1,concurrency_001,profile_export_aiperf.csv,.csv,concurrency/N4_poti_PP_long_r1_795375/poti1/concurrency_001/profile_export_aiperf.csv,/home/rafael/programacao/comp-sys-perf-analysis/data/data_compsys/final/concurrency/N4_poti_PP_long_r1_795375/poti1/concurrency_001/profile_export_aiperf.csv,3623
concurrency,N4_poti_PP_long_r1_795375,poti1,concurrency_001,profile_export_aiperf.json,.json,concurrency/N4_poti_PP_long_r1_795375/poti1/concurrency_001/profile_export_aiperf.json,/home/rafael/programacao/comp-sys-perf-analysis/data/data_compsys/final/concurrency/N4_poti_PP_long_r1_795375/poti1/concurrency_001/profile_export_aiperf.json,11591
concurrency,N4_poti_PP_long_r1_795375,poti1,concurrency_001,server_metrics_export.csv,.csv,concurrency/N4_poti_PP_long_r1_795375/poti1/concurrency_001/server_metrics_export.csv,/home/rafael/programacao/comp-sys-perf-analysis/data/data_compsys/final/concurrency/N4_poti_PP_long_r1_795375/poti1/concurrency_001/server_metrics_export.csv,19584
concurrency,N4_poti_PP_long_r1_795375,poti1,concurrency_001,server_metrics_export.json,.json,concurrency/N4_poti_PP_long_r1_795375/poti1/concurrency_001/server_metrics_export.json,/home/rafael/programacao/comp-sys-perf-analysis/data/data_compsys/final/concurrency/N4_poti_PP_long_r1_795375/poti1/concurrency_001/server_metrics_export.json,51638
concurrency,N4_poti_PP_long_r1_795375,poti1,concurrency_002,aiperf.log,.log,concurrency/N4_poti_PP_long_r1_795375/poti1/concurrency_002/logs/aiperf.log,/home/rafael/programacao/comp-sys-perf-analysis/data/data_compsys/final/concurrency/N4_poti_PP_long_r1_795375/poti1/concurrency_002/logs/aiperf.log,11794
concurrency,N4_poti_PP_long_r1_795375,poti1,concurrency_002,inputs.json,.json,concurrency/N4_poti_PP_long_r1_795375/poti1/concurrency_002/inputs.json,/home/rafael/programacao/comp-sys-perf-analysis/data/data_compsys/final/concurrency/N4_poti_PP_long_r1_795375/poti1/concurrency_002/inputs.json,485075
concurrency,N4_poti_PP_long_r1_795375,poti1,concurrency_002,profile_export.jsonl,.jsonl,concurrency/N4_poti_PP_long_r1_795375/poti1/concurrency_002/profile_export.jsonl,/home/rafael/programacao/comp-sys-perf-analysis/data/data_compsys/final/concurrency/N4_poti_PP_long_r1_795375/poti1/concurrency_002/profile_export.jsonl,243691
concurrency,N4_poti_PP_long_r1_795375,poti1,concurrency_002,profile_export_aiperf.csv,.csv,concurrency/N4_poti_PP_long_r1_795375/poti1/concurrency_002/profile_export_aiperf.csv,/home/rafael/programacao/comp-sys-perf-analysis/data/data_compsys/final/concurrency/N4_poti_PP_long_r1_795375/poti1/concurrency_002/profile_export_aiperf.csv,3655
concurrency,N4_poti_PP_long_r1_795375,poti1,concurrency_002,profile_export_aiperf.json,.json,concurrency/N4_poti_PP_long_r1_795375/poti1/concurrency_002/profile_export_aiperf.json,/home/rafael/programacao/comp-sys-perf-analysis/data/data_compsys/final/concurrency/N4_poti_PP_long_r1_795375/poti1/concurrency_002/profile_export_aiperf.json,11796
concurrency,N4_poti_PP_long_r1_795375,poti1,concurrency_002,server_metrics_export.csv,.csv,concurrency/N4_poti_PP_long_r1_795375/poti1/concurrency_002/server_metrics_export.csv,/home/rafael/programacao/comp-sys-perf-analysis/data/data_compsys/final/concurrency/N4_poti_PP_long_r1_795375/poti1/concurrency_002/server_metrics_export.csv,19571
concurrency,N4_poti_PP_long_r1_795375,poti1,concurrency_002,server_metrics_export.json,.json,concurrency/N4_poti_PP_long_r1_795375/poti1/concurrency_002/server_metrics_export.json,/home/rafael/programacao/comp-sys-perf-analysis/data/data_compsys/final/concurrency/N4_poti_PP_long_r1_795375/poti1/concurrency_002/server_metrics_export.json,51603
concurrency,N4_poti_PP_long_r1_795375,poti1,concurrency_004,aiperf.log,.log,concurrency/N4_poti_PP_long_r1_795375/poti1/concurrency_004/logs/aiperf.log,/home/rafael/programacao/comp-sys-perf-analysis/data/data_compsys/final/concurrency/N4_poti_PP_long_r1_795375/poti1/concurrency_004/logs/aiperf.log,11985
concurrency,N4_poti_PP_long_r1_795375,poti1,concurrency_004,inputs.json,.json,concurrency/N4_poti_PP_long_r1_795375/poti1/concurrency_004/inputs.json,/home/rafael/programacao/comp-sys-perf-analysis/data/data_compsys/final/concurrency/N4_poti_PP_long_r1_795375/poti1/concurrency_004/inputs.json,484119
concurrency,N4_poti_PP_long_r1_795375,poti1,concurrency_004,profile_export.jsonl,.jsonl,concurrency/N4_poti_PP_long_r1_795375/poti1/concurrency_004/profile_export.jsonl,/home/rafael/programacao/comp-sys-perf-analysis/data/data_compsys/final/concurrency/N4_poti_PP_long_r1_795375/poti1/concurrency_004/profile_export.jsonl,324348
concurrency,N4_poti_PP_long_r1_795375,poti1,concurrency_004,profile_export_aiperf.csv,.csv,concurrency/N4_poti_PP_long_r1_795375/poti1/concurrency_004/profile_export_aiperf.csv,/home/rafael/programacao/comp-sys-perf-analysis/data/data_compsys/final/concurrency/N4_poti_PP_long_r1_795375/poti1/concurrency_004/profile_export_aiperf.csv,3665
concurrency,N4_poti_PP_long_r1_795375,poti1,concurrency_004,profile_export_aiperf.json,.json,concurrency/N4_poti_PP_long_r1_795375/poti1/concurrency_004/profile_export_aiperf.json,/home/rafael/programacao/comp-sys-perf-analysis/data/data_compsys/final/concurrency/N4_poti_PP_long_r1_795375/poti1/concurrency_004/profile_export_aiperf.json,11631
concurrency,N4_poti_PP_long_r1_795375,poti1,concurrency_004,server_metrics_export.csv,.csv,concurrency/N4_poti_PP_long_r1_795375/poti1/concurrency_004/server_metrics_export.csv,/home/rafael/programacao/comp-sys-perf-analysis/data/data_compsys/final/concurrency/N4_poti_PP_long_r1_795375/poti1/concurrency_004/server_metrics_export.csv,19587
concurrency,N4_poti_PP_long_r1_795375,poti1,concurrency_004,server_metrics_export.json,.json,concurrency/N4_poti_PP_long_r1_795375/poti1/concurrency_004/server_metrics_export.json,/home/rafael/programacao/comp-sys-perf-analysis/data/data_compsys/final/concurrency/N4_poti_PP_long_r1_795375/poti1/concurrency_004/server_metrics_export.json,51596
concurrency,N4_poti_PP_long_r1_795375,poti1,concurrency_008,aiperf.log,.log,concurrency/N4_poti_PP_long_r1_795375/poti1/concurrency_008/logs/aiperf.log,/home/rafael/programacao/comp-sys-perf-analysis/data/data_compsys/final/concurrency/N4_poti_PP_long_r1_795375/poti1/concurrency_008/logs/aiperf.log,34941
concurrency,N4_poti_PP_long_r1_795375,poti1,concurrency_008,inputs.json,.json,concurrency/N4_poti_PP_long_r1_795375/poti1/concurrency_008/inputs.json,/home/rafael/programacao/comp-sys-perf-analysis/data/data_compsys/final/concurrency/N4_poti_PP_long_r1_795375/poti1/concurrency_008/inputs.json,484656
concurrency,N4_poti_PP_long_r1_795375,poti1,concurrency_008,profile_export.jsonl,.jsonl,concurrency/N4_poti_PP_long_r1_795375/poti1/concurrency_008/profile_export.jsonl,/home/rafael/programacao/comp-sys-perf-analysis/data/data_compsys/final/concurrency/N4_poti_PP_long_r1_795375/poti1/concurrency_008/profile_export.jsonl,240862
concurrency,N4_poti_PP_long_r1_795375,poti1,concurrency_008,profile_export_aiperf.csv,.csv,concurrency/N4_poti_PP_long_r1_795375/poti1/concurrency_008/profile_export_aiperf.csv,/home/rafael/programacao/comp-sys-perf-analysis/data/data_compsys/final/concurrency/N4_poti_PP_long_r1_795375/poti1/concurrency_008/profile_export_aiperf.csv,3895
concurrency,N4_poti_PP_long_r1_795375,poti1,concurrency_008,profile_export_aiperf.json,.json,concurrency/N4_poti_PP_long_r1_795375/poti1/concurrency_008/profile_export_aiperf.json,/home/rafael/programacao/comp-sys-perf-analysis/data/data_compsys/final/concurrency/N4_poti_PP_long_r1_795375/poti1/concurrency_008/profile_export_aiperf.json,12744
concurrency,N4_poti_PP_long_r1_795375,poti1,concurrency_008,server_metrics_export.csv,.csv,concurrency/N4_poti_PP_long_r1_795375/poti1/concurrency_008/server_metrics_export.csv,/home/rafael/programacao/comp-sys-perf-analysis/data/data_compsys/final/concurrency/N4_poti_PP_long_r1_795375/poti1/concurrency_008/server_metrics_export.csv,19741
concurrency,N4_poti_PP_long_r1_795375,poti1,concurrency_008,server_metrics_export.json,.json,concurrency/N4_poti_PP_long_r1_795375/poti1/concurrency_008/server_metrics_export.json,/home/rafael/programacao/comp-sys-perf-analysis/data/data_compsys/final/concurrency/N4_poti_PP_long_r1_795375/poti1/concurrency_008/server_metrics_export.json,51808
concurrency,N4_poti_PP_long_r1_795375,poti1,concurrency_016,aiperf.log,.log,concurrency/N4_poti_PP_long_r1_795375/poti1/concurrency_016/logs/aiperf.log,/home/rafael/programacao/comp-sys-perf-analysis/data/data_compsys/final/concurrency/N4_poti_PP_long_r1_795375/poti1/concurrency_016/logs/aiperf.log,68618
concurrency,N4_poti_PP_long_r1_795375,poti1,concurrency_016,inputs.json,.json,concurrency/N4_poti_PP_long_r1_795375/poti1/concurrency_016/inputs.json,/home/rafael/programacao/comp-sys-perf-analysis/data/data_compsys/final/concurrency/N4_poti_PP_long_r1_795375/poti1/concurrency_016/inputs.json,485239
concurrency,N4_poti_PP_long_r1_795375,poti1,concurrency_016,profile_export.jsonl,.jsonl,concurrency/N4_poti_PP_long_r1_795375/poti1/concurrency_016/profile_export.jsonl,/home/rafael/programacao/comp-sys-perf-analysis/data/data_compsys/final/concurrency/N4_poti_PP_long_r1_795375/poti1/concurrency_016/profile_export.jsonl,149490
concurrency,N4_poti_PP_long_r1_795375,poti1,concurrency_016,profile_export_aiperf.csv,.csv,concurrency/N4_poti_PP_long_r1_795375/poti1/concurrency_016/profile_export_aiperf.csv,/home/rafael/programacao/comp-sys-perf-analysis/data/data_compsys/final/concurrency/N4_poti_PP_long_r1_795375/poti1/concurrency_016/profile_export_aiperf.csv,412
concurrency,N4_poti_PP_long_r1_795375,poti1,concurrency_016,profile_export_aiperf.json,.json,concurrency/N4_poti_PP_long_r1_795375/poti1/concurrency_016/profile_export_aiperf.json,/home/rafael/programacao/comp-sys-perf-analysis/data/data_compsys/final/concurrency/N4_poti_PP_long_r1_795375/poti1/concurrency_016/profile_export_aiperf.json,2715
concurrency,N4_poti_PP_long_r1_795375,poti1,concurrency_032,aiperf.log,.log,concurrency/N4_poti_PP_long_r1_795375/poti1/concurrency_032/logs/aiperf.log,/home/rafael/programacao/comp-sys-perf-analysis/data/data_compsys/final/concurrency/N4_poti_PP_long_r1_795375/poti1/concurrency_032/logs/aiperf.log,121936
concurrency,N4_poti_PP_long_r1_795375,poti1,concurrency_032,inputs.json,.json,concurrency/N4_poti_PP_long_r1_795375/poti1/concurrency_032/inputs.json,/home/rafael/programacao/comp-sys-perf-analysis/data/data_compsys/final/concurrency/N4_poti_PP_long_r1_795375/poti1/concurrency_032/inputs.json,484703
concurrency,N4_poti_PP_long_r1_795375,poti1,concurrency_032,profile_export.jsonl,.jsonl,concurrency/N4_poti_PP_long_r1_795375/poti1/concurrency_032/profile_export.jsonl,/home/rafael/programacao/comp-sys-perf-analysis/data/data_compsys/final/concurrency/N4_poti_PP_long_r1_795375/poti1/concurrency_032/profile_export.jsonl,299090
concurrency,N4_poti_PP_long_r1_795375,poti1,concurrency_032,profile_export_aiperf.csv,.csv,concurrency/N4_poti_PP_long_r1_795375/poti1/concurrency_032/profile_export_aiperf.csv,/home/rafael/programacao/comp-sys-perf-analysis/data/data_compsys/final/concurrency/N4_poti_PP_long_r1_795375/poti1/concurrency_032/profile_export_aiperf.csv,412
concurrency,N4_poti_PP_long_r1_795375,poti1,concurrency_032,profile_export_aiperf.json,.json,concurrency/N4_poti_PP_long_r1_795375/poti1/concurrency_032/profile_export_aiperf.json,/home/rafael/programacao/comp-sys-perf-analysis/data/data_compsys/final/concurrency/N4_poti_PP_long_r1_795375/poti1/concurrency_032/profile_export_aiperf.json,2715
concurrency,N4_poti_PP_long_r1_795375,poti1,,iperf3_server_node1.json,.json,concurrency/N4_poti_PP_long_r1_795375/poti1/network/iperf3_server_node1.json,/home/rafael/programacao/comp-sys-perf-analysis/data/data_compsys/final/concurrency/N4_poti_PP_long_r1_795375/poti1/network/iperf3_server_node1.json,15599
concurrency,N4_poti_PP_long_r1_795375,poti1,,iperf3_server_node2.json,.json,concurrency/N4_poti_PP_long_r1_795375/poti1/network/iperf3_server_node2.json,/home/rafael/programacao/comp-sys-perf-analysis/data/data_compsys/final/concurrency/N4_poti_PP_long_r1_795375/poti1/network/iperf3_server_node2.json,15606
concurrency,N4_poti_PP_long_r1_795375,poti1,,iperf3_server_node3.json,.json,concurrency/N4_poti_PP_long_r1_795375/poti1/network/iperf3_server_node3.json,/home/rafael/programacao/comp-sys-perf-analysis/data/data_compsys/final/concurrency/N4_poti_PP_long_r1_795375/poti1/network/iperf3_server_node3.json,15627
concurrency,N4_poti_PP_long_r1_795375,poti1,,network_telemetry.csv,.csv,concurrency/N4_poti_PP_long_r1_795375/poti1/network_telemetry.csv,/home/rafael/programacao/comp-sys-perf-analysis/data/data_compsys/final/concurrency/N4_poti_PP_long_r1_795375/poti1/network_telemetry.csv,210450
concurrency,N4_poti_PP_long_r1_795375,poti1,,node.log,.log,concurrency/N4_poti_PP_long_r1_795375/poti1/node.log,/home/rafael/programacao/comp-sys-perf-analysis/data/data_compsys/final/concurrency/N4_poti_PP_long_r1_795375/poti1/node.log,333107
concurrency,N4_poti_PP_long_r1_795375,poti1,,telemetry.csv,.csv,concurrency/N4_poti_PP_long_r1_795375/poti1/telemetry.csv,/home/rafael/programacao/comp-sys-perf-analysis/data/data_compsys/final/concurrency/N4_poti_PP_long_r1_795375/poti1/telemetry.csv,1245835
concurrency,N4_poti_PP_long_r1_795375,poti1,,vllm_server.log,.log,concurrency/N4_poti_PP_long_r1_795375/poti1/vllm_server.log,/home/rafael/programacao/comp-sys-perf-analysis/data/data_compsys/final/concurrency/N4_poti_PP_long_r1_795375/poti1/vllm_server.log,584169
concurrency,N4_poti_PP_long_r1_795375,poti2,,iperf3_client.json,.json,concurrency/N4_poti_PP_long_r1_795375/poti2/network/iperf3_client.json,/home/rafael/programacao/comp-sys-perf-analysis/data/data_compsys/final/concurrency/N4_poti_PP_long_r1_795375/poti2/network/iperf3_client.json,21531
concurrency,N4_poti_PP_long_r1_795375,poti2,,network_telemetry.csv,.csv,concurrency/N4_poti_PP_long_r1_795375/poti2/network_telemetry.csv,/home/rafael/programacao/comp-sys-perf-analysis/data/data_compsys/final/concurrency/N4_poti_PP_long_r1_795375/poti2/network_telemetry.csv,205326
concurrency,N4_poti_PP_long_r1_795375,poti2,,node.log,.log,concurrency/N4_poti_PP_long_r1_795375/poti2/node.log,/home/rafael/programacao/comp-sys-perf-analysis/data/data_compsys/final/concurrency/N4_poti_PP_long_r1_795375/poti2/node.log,4817
concurrency,N4_poti_PP_long_r1_795375,poti2,,telemetry.csv,.csv,concurrency/N4_poti_PP_long_r1_795375/poti2/telemetry.csv,/home/rafael/programacao/comp-sys-perf-analysis/data/data_compsys/final/concurrency/N4_poti_PP_long_r1_795375/poti2/telemetry.csv,1225395
concurrency,N4_poti_PP_long_r1_795375,poti3,,iperf3_client.json,.json,concurrency/N4_poti_PP_long_r1_795375/poti3/network/iperf3_client.json,/home/rafael/programacao/comp-sys-perf-analysis/data/data_compsys/final/concurrency/N4_poti_PP_long_r1_795375/poti3/network/iperf3_client.json,21549
concurrency,N4_poti_PP_long_r1_795375,poti3,,network_telemetry.csv,.csv,concurrency/N4_poti_PP_long_r1_795375/poti3/network_telemetry.csv,/home/rafael/programacao/comp-sys-perf-analysis/data/data_compsys/final/concurrency/N4_poti_PP_long_r1_795375/poti3/network_telemetry.csv,215940
concurrency,N4_poti_PP_long_r1_795375,poti3,,node.log,.log,concurrency/N4_poti_PP_long_r1_795375/poti3/node.log,/home/rafael/programacao/comp-sys-perf-analysis/data/data_compsys/final/concurrency/N4_poti_PP_long_r1_795375/poti3/node.log,18932
concurrency,N4_poti_PP_long_r1_795375,poti3,,telemetry.csv,.csv,concurrency/N4_poti_PP_long_r1_795375/poti3/telemetry.csv,/home/rafael/programacao/comp-sys-perf-analysis/data/data_compsys/final/concurrency/N4_poti_PP_long_r1_795375/poti3/telemetry.csv,1249472
concurrency,N4_poti_PP_long_r1_795375,poti4,,iperf3_client.json,.json,concurrency/N4_poti_PP_long_r1_795375/poti4/network/iperf3_client.json,/home/rafael/programacao/comp-sys-perf-analysis/data/data_compsys/final/concurrency/N4_poti_PP_long_r1_795375/poti4/network/iperf3_client.json,21471
concurrency,N4_poti_PP_long_r1_795375,poti4,,network_telemetry.csv,.csv,concurrency/N4_poti_PP_long_r1_795375/poti4/network_telemetry.csv,/home/rafael/programacao/comp-sys-perf-analysis/data/data_compsys/final/concurrency/N4_poti_PP_long_r1_795375/poti4/network_telemetry.csv,216062
concurrency,N4_poti_PP_long_r1_795375,poti4,,node.log,.log,concurrency/N4_poti_PP_long_r1_795375/poti4/node.log,/home/rafael/programacao/comp-sys-perf-analysis/data/data_compsys/final/concurrency/N4_poti_PP_long_r1_795375/poti4/node.log,18929
concurrency,N4_poti_PP_long_r1_795375,poti4,,telemetry.csv,.csv,concurrency/N4_poti_PP_long_r1_795375/poti4/telemetry.csv,/home/rafael/programacao/comp-sys-perf-analysis/data/data_compsys/final/concurrency/N4_poti_PP_long_r1_795375/poti4/telemetry.csv,1268493
concurrency,N4_poti_PP_long_r1_795375,,,795375.err,.err,concurrency/N4_poti_PP_long_r1_795375/795375.err,/home/rafael/programacao/comp-sys-perf-analysis/data/data_compsys/final/concurrency/N4_poti_PP_long_r1_795375/795375.err,11691
concurrency,N4_poti_PP_long_r1_795375,,,795375.out,.out,concurrency/N4_poti_PP_long_r1_795375/795375.out,/home/rafael/programacao/comp-sys-perf-analysis/data/data_compsys/final/concurrency/N4_poti_PP_long_r1_795375/795375.out,1134
concurrency,N4_poti_PP_short_r1_796677,poti2,concurrency_001,aiperf.log,.log,concurrency/N4_poti_PP_short_r1_796677/poti2/concurrency_001/logs/aiperf.log,/home/rafael/programacao/comp-sys-perf-analysis/data/data_compsys/final/concurrency/N4_poti_PP_short_r1_796677/poti2/concurrency_001/logs/aiperf.log,11564
concurrency,N4_poti_PP_short_r1_796677,poti2,concurrency_001,inputs.json,.json,concurrency/N4_poti_PP_short_r1_796677/poti2/concurrency_001/inputs.json,/home/rafael/programacao/comp-sys-perf-analysis/data/data_compsys/final/concurrency/N4_poti_PP_short_r1_796677/poti2/concurrency_001/inputs.json,94237
concurrency,N4_poti_PP_short_r1_796677,poti2,concurrency_001,profile_export.jsonl,.jsonl,concurrency/N4_poti_PP_short_r1_796677/poti2/concurrency_001/profile_export.jsonl,/home/rafael/programacao/comp-sys-perf-analysis/data/data_compsys/final/concurrency/N4_poti_PP_short_r1_796677/poti2/concurrency_001/profile_export.jsonl,105666
concurrency,N4_poti_PP_short_r1_796677,poti2,concurrency_001,profile_export_aiperf.csv,.csv,concurrency/N4_poti_PP_short_r1_796677/poti2/concurrency_001/profile_export_aiperf.csv,/home/rafael/programacao/comp-sys-perf-analysis/data/data_compsys/final/concurrency/N4_poti_PP_short_r1_796677/poti2/concurrency_001/profile_export_aiperf.csv,3526
concurrency,N4_poti_PP_short_r1_796677,poti2,concurrency_001,profile_export_aiperf.json,.json,concurrency/N4_poti_PP_short_r1_796677/poti2/concurrency_001/profile_export_aiperf.json,/home/rafael/programacao/comp-sys-perf-analysis/data/data_compsys/final/concurrency/N4_poti_PP_short_r1_796677/poti2/concurrency_001/profile_export_aiperf.json,11583
concurrency,N4_poti_PP_short_r1_796677,poti2,concurrency_001,server_metrics_export.csv,.csv,concurrency/N4_poti_PP_short_r1_796677/poti2/concurrency_001/server_metrics_export.csv,/home/rafael/programacao/comp-sys-perf-analysis/data/data_compsys/final/concurrency/N4_poti_PP_short_r1_796677/poti2/concurrency_001/server_metrics_export.csv,19498
concurrency,N4_poti_PP_short_r1_796677,poti2,concurrency_001,server_metrics_export.json,.json,concurrency/N4_poti_PP_short_r1_796677/poti2/concurrency_001/server_metrics_export.json,/home/rafael/programacao/comp-sys-perf-analysis/data/data_compsys/final/concurrency/N4_poti_PP_short_r1_796677/poti2/concurrency_001/server_metrics_export.json,51764
concurrency,N4_poti_PP_short_r1_796677,poti2,concurrency_002,aiperf.log,.log,concurrency/N4_poti_PP_short_r1_796677/poti2/concurrency_002/logs/aiperf.log,/home/rafael/programacao/comp-sys-perf-analysis/data/data_compsys/final/concurrency/N4_poti_PP_short_r1_796677/poti2/concurrency_002/logs/aiperf.log,11657
concurrency,N4_poti_PP_short_r1_796677,poti2,concurrency_002,inputs.json,.json,concurrency/N4_poti_PP_short_r1_796677/poti2/concurrency_002/inputs.json,/home/rafael/programacao/comp-sys-perf-analysis/data/data_compsys/final/concurrency/N4_poti_PP_short_r1_796677/poti2/concurrency_002/inputs.json,94778
concurrency,N4_poti_PP_short_r1_796677,poti2,concurrency_002,profile_export.jsonl,.jsonl,concurrency/N4_poti_PP_short_r1_796677/poti2/concurrency_002/profile_export.jsonl,/home/rafael/programacao/comp-sys-perf-analysis/data/data_compsys/final/concurrency/N4_poti_PP_short_r1_796677/poti2/concurrency_002/profile_export.jsonl,104818
concurrency,N4_poti_PP_short_r1_796677,poti2,concurrency_002,profile_export_aiperf.csv,.csv,concurrency/N4_poti_PP_short_r1_796677/poti2/concurrency_002/profile_export_aiperf.csv,/home/rafael/programacao/comp-sys-perf-analysis/data/data_compsys/final/concurrency/N4_poti_PP_short_r1_796677/poti2/concurrency_002/profile_export_aiperf.csv,3531
concurrency,N4_poti_PP_short_r1_796677,poti2,concurrency_002,profile_export_aiperf.json,.json,concurrency/N4_poti_PP_short_r1_796677/poti2/concurrency_002/profile_export_aiperf.json,/home/rafael/programacao/comp-sys-perf-analysis/data/data_compsys/final/concurrency/N4_poti_PP_short_r1_796677/poti2/concurrency_002/profile_export_aiperf.json,11542
concurrency,N4_poti_PP_short_r1_796677,poti2,concurrency_002,server_metrics_export.csv,.csv,concurrency/N4_poti_PP_short_r1_796677/poti2/concurrency_002/server_metrics_export.csv,/home/rafael/programacao/comp-sys-perf-analysis/data/data_compsys/final/concurrency/N4_poti_PP_short_r1_796677/poti2/concurrency_002/server_metrics_export.csv,19500
concurrency,N4_poti_PP_short_r1_796677,poti2,concurrency_002,server_metrics_export.json,.json,concurrency/N4_poti_PP_short_r1_796677/poti2/concurrency_002/server_metrics_export.json,/home/rafael/programacao/comp-sys-perf-analysis/data/data_compsys/final/concurrency/N4_poti_PP_short_r1_796677/poti2/concurrency_002/server_metrics_export.json,51595
concurrency,N4_poti_PP_short_r1_796677,poti2,concurrency_004,aiperf.log,.log,concurrency/N4_poti_PP_short_r1_796677/poti2/concurrency_004/logs/aiperf.log,/home/rafael/programacao/comp-sys-perf-analysis/data/data_compsys/final/concurrency/N4_poti_PP_short_r1_796677/poti2/concurrency_004/logs/aiperf.log,11985
concurrency,N4_poti_PP_short_r1_796677,poti2,concurrency_004,inputs.json,.json,concurrency/N4_poti_PP_short_r1_796677/poti2/concurrency_004/inputs.json,/home/rafael/programacao/comp-sys-perf-analysis/data/data_compsys/final/concurrency/N4_poti_PP_short_r1_796677/poti2/concurrency_004/inputs.json,94073
concurrency,N4_poti_PP_short_r1_796677,poti2,concurrency_004,profile_export.jsonl,.jsonl,concurrency/N4_poti_PP_short_r1_796677/poti2/concurrency_004/profile_export.jsonl,/home/rafael/programacao/comp-sys-perf-analysis/data/data_compsys/final/concurrency/N4_poti_PP_short_r1_796677/poti2/concurrency_004/profile_export.jsonl,140614
concurrency,N4_poti_PP_short_r1_796677,poti2,concurrency_004,profile_export_aiperf.csv,.csv,concurrency/N4_poti_PP_short_r1_796677/poti2/concurrency_004/profile_export_aiperf.csv,/home/rafael/programacao/comp-sys-perf-analysis/data/data_compsys/final/concurrency/N4_poti_PP_short_r1_796677/poti2/concurrency_004/profile_export_aiperf.csv,3530
concurrency,N4_poti_PP_short_r1_796677,poti2,concurrency_004,profile_export_aiperf.json,.json,concurrency/N4_poti_PP_short_r1_796677/poti2/concurrency_004/profile_export_aiperf.json,/home/rafael/programacao/comp-sys-perf-analysis/data/data_compsys/final/concurrency/N4_poti_PP_short_r1_796677/poti2/concurrency_004/profile_export_aiperf.json,11474
concurrency,N4_poti_PP_short_r1_796677,poti2,concurrency_004,server_metrics_export.csv,.csv,concurrency/N4_poti_PP_short_r1_796677/poti2/concurrency_004/server_metrics_export.csv,/home/rafael/programacao/comp-sys-perf-analysis/data/data_compsys/final/concurrency/N4_poti_PP_short_r1_796677/poti2/concurrency_004/server_metrics_export.csv,19505
concurrency,N4_poti_PP_short_r1_796677,poti2,concurrency_004,server_metrics_export.json,.json,concurrency/N4_poti_PP_short_r1_796677/poti2/concurrency_004/server_metrics_export.json,/home/rafael/programacao/comp-sys-perf-analysis/data/data_compsys/final/concurrency/N4_poti_PP_short_r1_796677/poti2/concurrency_004/server_metrics_export.json,51628
concurrency,N4_poti_PP_short_r1_796677,poti2,concurrency_008,aiperf.log,.log,concurrency/N4_poti_PP_short_r1_796677/poti2/concurrency_008/logs/aiperf.log,/home/rafael/programacao/comp-sys-perf-analysis/data/data_compsys/final/concurrency/N4_poti_PP_short_r1_796677/poti2/concurrency_008/logs/aiperf.log,13947
concurrency,N4_poti_PP_short_r1_796677,poti2,concurrency_008,inputs.json,.json,concurrency/N4_poti_PP_short_r1_796677/poti2/concurrency_008/inputs.json,/home/rafael/programacao/comp-sys-perf-analysis/data/data_compsys/final/concurrency/N4_poti_PP_short_r1_796677/poti2/concurrency_008/inputs.json,93926
concurrency,N4_poti_PP_short_r1_796677,poti2,concurrency_008,profile_export.jsonl,.jsonl,concurrency/N4_poti_PP_short_r1_796677/poti2/concurrency_008/profile_export.jsonl,/home/rafael/programacao/comp-sys-perf-analysis/data/data_compsys/final/concurrency/N4_poti_PP_short_r1_796677/poti2/concurrency_008/profile_export.jsonl,283481
concurrency,N4_poti_PP_short_r1_796677,poti2,concurrency_008,profile_export_aiperf.csv,.csv,concurrency/N4_poti_PP_short_r1_796677/poti2/concurrency_008/profile_export_aiperf.csv,/home/rafael/programacao/comp-sys-perf-analysis/data/data_compsys/final/concurrency/N4_poti_PP_short_r1_796677/poti2/concurrency_008/profile_export_aiperf.csv,3553
concurrency,N4_poti_PP_short_r1_796677,poti2,concurrency_008,profile_export_aiperf.json,.json,concurrency/N4_poti_PP_short_r1_796677/poti2/concurrency_008/profile_export_aiperf.json,/home/rafael/programacao/comp-sys-perf-analysis/data/data_compsys/final/concurrency/N4_poti_PP_short_r1_796677/poti2/concurrency_008/profile_export_aiperf.json,11578
concurrency,N4_poti_PP_short_r1_796677,poti2,concurrency_008,server_metrics_export.csv,.csv,concurrency/N4_poti_PP_short_r1_796677/poti2/concurrency_008/server_metrics_export.csv,/home/rafael/programacao/comp-sys-perf-analysis/data/data_compsys/final/concurrency/N4_poti_PP_short_r1_796677/poti2/concurrency_008/server_metrics_export.csv,19543
concurrency,N4_poti_PP_short_r1_796677,poti2,concurrency_008,server_metrics_export.json,.json,concurrency/N4_poti_PP_short_r1_796677/poti2/concurrency_008/server_metrics_export.json,/home/rafael/programacao/comp-sys-perf-analysis/data/data_compsys/final/concurrency/N4_poti_PP_short_r1_796677/poti2/concurrency_008/server_metrics_export.json,51685
concurrency,N4_poti_PP_short_r1_796677,poti2,concurrency_016,aiperf.log,.log,concurrency/N4_poti_PP_short_r1_796677/poti2/concurrency_016/logs/aiperf.log,/home/rafael/programacao/comp-sys-perf-analysis/data/data_compsys/final/concurrency/N4_poti_PP_short_r1_796677/poti2/concurrency_016/logs/aiperf.log,18306
concurrency,N4_poti_PP_short_r1_796677,poti2,concurrency_016,inputs.json,.json,concurrency/N4_poti_PP_short_r1_796677/poti2/concurrency_016/inputs.json,/home/rafael/programacao/comp-sys-perf-analysis/data/data_compsys/final/concurrency/N4_poti_PP_short_r1_796677/poti2/concurrency_016/inputs.json,94132
concurrency,N4_poti_PP_short_r1_796677,poti2,concurrency_016,profile_export.jsonl,.jsonl,concurrency/N4_poti_PP_short_r1_796677/poti2/concurrency_016/profile_export.jsonl,/home/rafael/programacao/comp-sys-perf-analysis/data/data_compsys/final/concurrency/N4_poti_PP_short_r1_796677/poti2/concurrency_016/profile_export.jsonl,576664
concurrency,N4_poti_PP_short_r1_796677,poti2,concurrency_016,profile_export_aiperf.csv,.csv,concurrency/N4_poti_PP_short_r1_796677/poti2/concurrency_016/profile_export_aiperf.csv,/home/rafael/programacao/comp-sys-perf-analysis/data/data_compsys/final/concurrency/N4_poti_PP_short_r1_796677/poti2/concurrency_016/profile_export_aiperf.csv,3575
concurrency,N4_poti_PP_short_r1_796677,poti2,concurrency_016,profile_export_aiperf.json,.json,concurrency/N4_poti_PP_short_r1_796677/poti2/concurrency_016/profile_export_aiperf.json,/home/rafael/programacao/comp-sys-perf-analysis/data/data_compsys/final/concurrency/N4_poti_PP_short_r1_796677/poti2/concurrency_016/profile_export_aiperf.json,11603
concurrency,N4_poti_PP_short_r1_796677,poti2,concurrency_016,server_metrics_export.csv,.csv,concurrency/N4_poti_PP_short_r1_796677/poti2/concurrency_016/server_metrics_export.csv,/home/rafael/programacao/comp-sys-perf-analysis/data/data_compsys/final/concurrency/N4_poti_PP_short_r1_796677/poti2/concurrency_016/server_metrics_export.csv,19745
concurrency,N4_poti_PP_short_r1_796677,poti2,concurrency_016,server_metrics_export.json,.json,concurrency/N4_poti_PP_short_r1_796677/poti2/concurrency_016/server_metrics_export.json,/home/rafael/programacao/comp-sys-perf-analysis/data/data_compsys/final/concurrency/N4_poti_PP_short_r1_796677/poti2/concurrency_016/server_metrics_export.json,51953
concurrency,N4_poti_PP_short_r1_796677,poti2,concurrency_032,aiperf.log,.log,concurrency/N4_poti_PP_short_r1_796677/poti2/concurrency_032/logs/aiperf.log,/home/rafael/programacao/comp-sys-perf-analysis/data/data_compsys/final/concurrency/N4_poti_PP_short_r1_796677/poti2/concurrency_032/logs/aiperf.log,20825
concurrency,N4_poti_PP_short_r1_796677,poti2,concurrency_032,inputs.json,.json,concurrency/N4_poti_PP_short_r1_796677/poti2/concurrency_032/inputs.json,/home/rafael/programacao/comp-sys-perf-analysis/data/data_compsys/final/concurrency/N4_poti_PP_short_r1_796677/poti2/concurrency_032/inputs.json,95339
concurrency,N4_poti_PP_short_r1_796677,poti2,concurrency_032,profile_export.jsonl,.jsonl,concurrency/N4_poti_PP_short_r1_796677/poti2/concurrency_032/profile_export.jsonl,/home/rafael/programacao/comp-sys-perf-analysis/data/data_compsys/final/concurrency/N4_poti_PP_short_r1_796677/poti2/concurrency_032/profile_export.jsonl,1167729
concurrency,N4_poti_PP_short_r1_796677,poti2,concurrency_032,profile_export_aiperf.csv,.csv,concurrency/N4_poti_PP_short_r1_796677/poti2/concurrency_032/profile_export_aiperf.csv,/home/rafael/programacao/comp-sys-perf-analysis/data/data_compsys/final/concurrency/N4_poti_PP_short_r1_796677/poti2/concurrency_032/profile_export_aiperf.csv,3592
concurrency,N4_poti_PP_short_r1_796677,poti2,concurrency_032,profile_export_aiperf.json,.json,concurrency/N4_poti_PP_short_r1_796677/poti2/concurrency_032/profile_export_aiperf.json,/home/rafael/programacao/comp-sys-perf-analysis/data/data_compsys/final/concurrency/N4_poti_PP_short_r1_796677/poti2/concurrency_032/profile_export_aiperf.json,11752
concurrency,N4_poti_PP_short_r1_796677,poti2,concurrency_032,server_metrics_export.csv,.csv,concurrency/N4_poti_PP_short_r1_796677/poti2/concurrency_032/server_metrics_export.csv,/home/rafael/programacao/comp-sys-perf-analysis/data/data_compsys/final/concurrency/N4_poti_PP_short_r1_796677/poti2/concurrency_032/server_metrics_export.csv,19749
concurrency,N4_poti_PP_short_r1_796677,poti2,concurrency_032,server_metrics_export.json,.json,concurrency/N4_poti_PP_short_r1_796677/poti2/concurrency_032/server_metrics_export.json,/home/rafael/programacao/comp-sys-perf-analysis/data/data_compsys/final/concurrency/N4_poti_PP_short_r1_796677/poti2/concurrency_032/server_metrics_export.json,51744
concurrency,N4_poti_PP_short_r1_796677,poti2,,iperf3_server_node1.json,.json,concurrency/N4_poti_PP_short_r1_796677/poti2/network/iperf3_server_node1.json,/home/rafael/programacao/comp-sys-perf-analysis/data/data_compsys/final/concurrency/N4_poti_PP_short_r1_796677/poti2/network/iperf3_server_node1.json,15717
concurrency,N4_poti_PP_short_r1_796677,poti2,,iperf3_server_node2.json,.json,concurrency/N4_poti_PP_short_r1_796677/poti2/network/iperf3_server_node2.json,/home/rafael/programacao/comp-sys-perf-analysis/data/data_compsys/final/concurrency/N4_poti_PP_short_r1_796677/poti2/network/iperf3_server_node2.json,15680
concurrency,N4_poti_PP_short_r1_796677,poti2,,iperf3_server_node3.json,.json,concurrency/N4_poti_PP_short_r1_796677/poti2/network/iperf3_server_node3.json,/home/rafael/programacao/comp-sys-perf-analysis/data/data_compsys/final/concurrency/N4_poti_PP_short_r1_796677/poti2/network/iperf3_server_node3.json,15686
concurrency,N4_poti_PP_short_r1_796677,poti2,,network_telemetry.csv,.csv,concurrency/N4_poti_PP_short_r1_796677/poti2/network_telemetry.csv,/home/rafael/programacao/comp-sys-perf-analysis/data/data_compsys/final/concurrency/N4_poti_PP_short_r1_796677/poti2/network_telemetry.csv,80642
concurrency,N4_poti_PP_short_r1_796677,poti2,,node.log,.log,concurrency/N4_poti_PP_short_r1_796677/poti2/node.log,/home/rafael/programacao/comp-sys-perf-analysis/data/data_compsys/final/concurrency/N4_poti_PP_short_r1_796677/poti2/node.log,152547
concurrency,N4_poti_PP_short_r1_796677,poti2,,telemetry.csv,.csv,concurrency/N4_poti_PP_short_r1_796677/poti2/telemetry.csv,/home/rafael/programacao/comp-sys-perf-analysis/data/data_compsys/final/concurrency/N4_poti_PP_short_r1_796677/poti2/telemetry.csv,475981
concurrency,N4_poti_PP_short_r1_796677,poti2,,vllm_server.log,.log,concurrency/N4_poti_PP_short_r1_796677/poti2/vllm_server.log,/home/rafael/programacao/comp-sys-perf-analysis/data/data_compsys/final/concurrency/N4_poti_PP_short_r1_796677/poti2/vllm_server.log,279045
concurrency,N4_poti_PP_short_r1_796677,poti3,,iperf3_client.json,.json,concurrency/N4_poti_PP_short_r1_796677/poti3/network/iperf3_client.json,/home/rafael/programacao/comp-sys-perf-analysis/data/data_compsys/final/concurrency/N4_poti_PP_short_r1_796677/poti3/network/iperf3_client.json,21377
concurrency,N4_poti_PP_short_r1_796677,poti3,,network_telemetry.csv,.csv,concurrency/N4_poti_PP_short_r1_796677/poti3/network_telemetry.csv,/home/rafael/programacao/comp-sys-perf-analysis/data/data_compsys/final/concurrency/N4_poti_PP_short_r1_796677/poti3/network_telemetry.csv,86132
concurrency,N4_poti_PP_short_r1_796677,poti3,,node.log,.log,concurrency/N4_poti_PP_short_r1_796677/poti3/node.log,/home/rafael/programacao/comp-sys-perf-analysis/data/data_compsys/final/concurrency/N4_poti_PP_short_r1_796677/poti3/node.log,19003
concurrency,N4_poti_PP_short_r1_796677,poti3,,telemetry.csv,.csv,concurrency/N4_poti_PP_short_r1_796677/poti3/telemetry.csv,/home/rafael/programacao/comp-sys-perf-analysis/data/data_compsys/final/concurrency/N4_poti_PP_short_r1_796677/poti3/telemetry.csv,497714
concurrency,N4_poti_PP_short_r1_796677,poti4,,iperf3_client.json,.json,concurrency/N4_poti_PP_short_r1_796677/poti4/network/iperf3_client.json,/home/rafael/programacao/comp-sys-perf-analysis/data/data_compsys/final/concurrency/N4_poti_PP_short_r1_796677/poti4/network/iperf3_client.json,21552
concurrency,N4_poti_PP_short_r1_796677,poti4,,network_telemetry.csv,.csv,concurrency/N4_poti_PP_short_r1_796677/poti4/network_telemetry.csv,/home/rafael/programacao/comp-sys-perf-analysis/data/data_compsys/final/concurrency/N4_poti_PP_short_r1_796677/poti4/network_telemetry.csv,86132
concurrency,N4_poti_PP_short_r1_796677,poti4,,node.log,.log,concurrency/N4_poti_PP_short_r1_796677/poti4/node.log,/home/rafael/programacao/comp-sys-perf-analysis/data/data_compsys/final/concurrency/N4_poti_PP_short_r1_796677/poti4/node.log,11488
concurrency,N4_poti_PP_short_r1_796677,poti4,,telemetry.csv,.csv,concurrency/N4_poti_PP_short_r1_796677/poti4/telemetry.csv,/home/rafael/programacao/comp-sys-perf-analysis/data/data_compsys/final/concurrency/N4_poti_PP_short_r1_796677/poti4/telemetry.csv,497867
concurrency,N4_poti_PP_short_r1_796677,poti5,,iperf3_client.json,.json,concurrency/N4_poti_PP_short_r1_796677/poti5/network/iperf3_client.json,/home/rafael/programacao/comp-sys-perf-analysis/data/data_compsys/final/concurrency/N4_poti_PP_short_r1_796677/poti5/network/iperf3_client.json,21367
concurrency,N4_poti_PP_short_r1_796677,poti5,,network_telemetry.csv,.csv,concurrency/N4_poti_PP_short_r1_796677/poti5/network_telemetry.csv,/home/rafael/programacao/comp-sys-perf-analysis/data/data_compsys/final/concurrency/N4_poti_PP_short_r1_796677/poti5/network_telemetry.csv,86132
concurrency,N4_poti_PP_short_r1_796677,poti5,,node.log,.log,concurrency/N4_poti_PP_short_r1_796677/poti5/node.log,/home/rafael/programacao/comp-sys-perf-analysis/data/data_compsys/final/concurrency/N4_poti_PP_short_r1_796677/poti5/node.log,19004
concurrency,N4_poti_PP_short_r1_796677,poti5,,telemetry.csv,.csv,concurrency/N4_poti_PP_short_r1_796677/poti5/telemetry.csv,/home/rafael/programacao/comp-sys-perf-analysis/data/data_compsys/final/concurrency/N4_poti_PP_short_r1_796677/poti5/telemetry.csv,503720
concurrency,N4_poti_PP_short_r1_796677,,,796677.err,.err,concurrency/N4_poti_PP_short_r1_796677/796677.err,/home/rafael/programacao/comp-sys-perf-analysis/data/data_compsys/final/concurrency/N4_poti_PP_short_r1_796677/796677.err,11740
concurrency,N4_poti_PP_short_r1_796677,,,796677.out,.out,concurrency/N4_poti_PP_short_r1_796677/796677.out,/home/rafael/programacao/comp-sys-perf-analysis/data/data_compsys/final/concurrency/N4_poti_PP_short_r1_796677/796677.out,1143
concurrency,N4_poti_TP_long_r1_796873,poti1,concurrency_001,aiperf.log,.log,concurrency/N4_poti_TP_long_r1_796873/poti1/concurrency_001/logs/aiperf.log,/home/rafael/programacao/comp-sys-perf-analysis/data/data_compsys/final/concurrency/N4_poti_TP_long_r1_796873/poti1/concurrency_001/logs/aiperf.log,11562
concurrency,N4_poti_TP_long_r1_796873,poti1,concurrency_001,inputs.json,.json,concurrency/N4_poti_TP_long_r1_796873/poti1/concurrency_001/inputs.json,/home/rafael/programacao/comp-sys-perf-analysis/data/data_compsys/final/concurrency/N4_poti_TP_long_r1_796873/poti1/concurrency_001/inputs.json,483670
concurrency,N4_poti_TP_long_r1_796873,poti1,concurrency_001,profile_export.jsonl,.jsonl,concurrency/N4_poti_TP_long_r1_796873/poti1/concurrency_001/profile_export.jsonl,/home/rafael/programacao/comp-sys-perf-analysis/data/data_compsys/final/concurrency/N4_poti_TP_long_r1_796873/poti1/concurrency_001/profile_export.jsonl,243483
concurrency,N4_poti_TP_long_r1_796873,poti1,concurrency_001,profile_export_aiperf.csv,.csv,concurrency/N4_poti_TP_long_r1_796873/poti1/concurrency_001/profile_export_aiperf.csv,/home/rafael/programacao/comp-sys-perf-analysis/data/data_compsys/final/concurrency/N4_poti_TP_long_r1_796873/poti1/concurrency_001/profile_export_aiperf.csv,3648
concurrency,N4_poti_TP_long_r1_796873,poti1,concurrency_001,profile_export_aiperf.json,.json,concurrency/N4_poti_TP_long_r1_796873/poti1/concurrency_001/profile_export_aiperf.json,/home/rafael/programacao/comp-sys-perf-analysis/data/data_compsys/final/concurrency/N4_poti_TP_long_r1_796873/poti1/concurrency_001/profile_export_aiperf.json,11702
concurrency,N4_poti_TP_long_r1_796873,poti1,concurrency_001,server_metrics_export.csv,.csv,concurrency/N4_poti_TP_long_r1_796873/poti1/concurrency_001/server_metrics_export.csv,/home/rafael/programacao/comp-sys-perf-analysis/data/data_compsys/final/concurrency/N4_poti_TP_long_r1_796873/poti1/concurrency_001/server_metrics_export.csv,19573
concurrency,N4_poti_TP_long_r1_796873,poti1,concurrency_001,server_metrics_export.json,.json,concurrency/N4_poti_TP_long_r1_796873/poti1/concurrency_001/server_metrics_export.json,/home/rafael/programacao/comp-sys-perf-analysis/data/data_compsys/final/concurrency/N4_poti_TP_long_r1_796873/poti1/concurrency_001/server_metrics_export.json,51546
concurrency,N4_poti_TP_long_r1_796873,poti1,concurrency_002,aiperf.log,.log,concurrency/N4_poti_TP_long_r1_796873/poti1/concurrency_002/logs/aiperf.log,/home/rafael/programacao/comp-sys-perf-analysis/data/data_compsys/final/concurrency/N4_poti_TP_long_r1_796873/poti1/concurrency_002/logs/aiperf.log,11657
concurrency,N4_poti_TP_long_r1_796873,poti1,concurrency_002,inputs.json,.json,concurrency/N4_poti_TP_long_r1_796873/poti1/concurrency_002/inputs.json,/home/rafael/programacao/comp-sys-perf-analysis/data/data_compsys/final/concurrency/N4_poti_TP_long_r1_796873/poti1/concurrency_002/inputs.json,485390
concurrency,N4_poti_TP_long_r1_796873,poti1,concurrency_002,profile_export.jsonl,.jsonl,concurrency/N4_poti_TP_long_r1_796873/poti1/concurrency_002/profile_export.jsonl,/home/rafael/programacao/comp-sys-perf-analysis/data/data_compsys/final/concurrency/N4_poti_TP_long_r1_796873/poti1/concurrency_002/profile_export.jsonl,248406
concurrency,N4_poti_TP_long_r1_796873,poti1,concurrency_002,profile_export_aiperf.csv,.csv,concurrency/N4_poti_TP_long_r1_796873/poti1/concurrency_002/profile_export_aiperf.csv,/home/rafael/programacao/comp-sys-perf-analysis/data/data_compsys/final/concurrency/N4_poti_TP_long_r1_796873/poti1/concurrency_002/profile_export_aiperf.csv,3687
concurrency,N4_poti_TP_long_r1_796873,poti1,concurrency_002,profile_export_aiperf.json,.json,concurrency/N4_poti_TP_long_r1_796873/poti1/concurrency_002/profile_export_aiperf.json,/home/rafael/programacao/comp-sys-perf-analysis/data/data_compsys/final/concurrency/N4_poti_TP_long_r1_796873/poti1/concurrency_002/profile_export_aiperf.json,11822
concurrency,N4_poti_TP_long_r1_796873,poti1,concurrency_002,server_metrics_export.csv,.csv,concurrency/N4_poti_TP_long_r1_796873/poti1/concurrency_002/server_metrics_export.csv,/home/rafael/programacao/comp-sys-perf-analysis/data/data_compsys/final/concurrency/N4_poti_TP_long_r1_796873/poti1/concurrency_002/server_metrics_export.csv,19559
concurrency,N4_poti_TP_long_r1_796873,poti1,concurrency_002,server_metrics_export.json,.json,concurrency/N4_poti_TP_long_r1_796873/poti1/concurrency_002/server_metrics_export.json,/home/rafael/programacao/comp-sys-perf-analysis/data/data_compsys/final/concurrency/N4_poti_TP_long_r1_796873/poti1/concurrency_002/server_metrics_export.json,51466
concurrency,N4_poti_TP_long_r1_796873,poti1,concurrency_004,aiperf.log,.log,concurrency/N4_poti_TP_long_r1_796873/poti1/concurrency_004/logs/aiperf.log,/home/rafael/programacao/comp-sys-perf-analysis/data/data_compsys/final/concurrency/N4_poti_TP_long_r1_796873/poti1/concurrency_004/logs/aiperf.log,11847
concurrency,N4_poti_TP_long_r1_796873,poti1,concurrency_004,inputs.json,.json,concurrency/N4_poti_TP_long_r1_796873/poti1/concurrency_004/inputs.json,/home/rafael/programacao/comp-sys-perf-analysis/data/data_compsys/final/concurrency/N4_poti_TP_long_r1_796873/poti1/concurrency_004/inputs.json,484312
concurrency,N4_poti_TP_long_r1_796873,poti1,concurrency_004,profile_export.jsonl,.jsonl,concurrency/N4_poti_TP_long_r1_796873/poti1/concurrency_004/profile_export.jsonl,/home/rafael/programacao/comp-sys-perf-analysis/data/data_compsys/final/concurrency/N4_poti_TP_long_r1_796873/poti1/concurrency_004/profile_export.jsonl,349097
concurrency,N4_poti_TP_long_r1_796873,poti1,concurrency_004,profile_export_aiperf.csv,.csv,concurrency/N4_poti_TP_long_r1_796873/poti1/concurrency_004/profile_export_aiperf.csv,/home/rafael/programacao/comp-sys-perf-analysis/data/data_compsys/final/concurrency/N4_poti_TP_long_r1_796873/poti1/concurrency_004/profile_export_aiperf.csv,3711
concurrency,N4_poti_TP_long_r1_796873,poti1,concurrency_004,profile_export_aiperf.json,.json,concurrency/N4_poti_TP_long_r1_796873/poti1/concurrency_004/profile_export_aiperf.json,/home/rafael/programacao/comp-sys-perf-analysis/data/data_compsys/final/concurrency/N4_poti_TP_long_r1_796873/poti1/concurrency_004/profile_export_aiperf.json,11682
concurrency,N4_poti_TP_long_r1_796873,poti1,concurrency_004,server_metrics_export.csv,.csv,concurrency/N4_poti_TP_long_r1_796873/poti1/concurrency_004/server_metrics_export.csv,/home/rafael/programacao/comp-sys-perf-analysis/data/data_compsys/final/concurrency/N4_poti_TP_long_r1_796873/poti1/concurrency_004/server_metrics_export.csv,19556
concurrency,N4_poti_TP_long_r1_796873,poti1,concurrency_004,server_metrics_export.json,.json,concurrency/N4_poti_TP_long_r1_796873/poti1/concurrency_004/server_metrics_export.json,/home/rafael/programacao/comp-sys-perf-analysis/data/data_compsys/final/concurrency/N4_poti_TP_long_r1_796873/poti1/concurrency_004/server_metrics_export.json,51432
concurrency,N4_poti_TP_long_r1_796873,poti1,concurrency_008,aiperf.log,.log,concurrency/N4_poti_TP_long_r1_796873/poti1/concurrency_008/logs/aiperf.log,/home/rafael/programacao/comp-sys-perf-analysis/data/data_compsys/final/concurrency/N4_poti_TP_long_r1_796873/poti1/concurrency_008/logs/aiperf.log,13947
concurrency,N4_poti_TP_long_r1_796873,poti1,concurrency_008,inputs.json,.json,concurrency/N4_poti_TP_long_r1_796873/poti1/concurrency_008/inputs.json,/home/rafael/programacao/comp-sys-perf-analysis/data/data_compsys/final/concurrency/N4_poti_TP_long_r1_796873/poti1/concurrency_008/inputs.json,484795
concurrency,N4_poti_TP_long_r1_796873,poti1,concurrency_008,profile_export.jsonl,.jsonl,concurrency/N4_poti_TP_long_r1_796873/poti1/concurrency_008/profile_export.jsonl,/home/rafael/programacao/comp-sys-perf-analysis/data/data_compsys/final/concurrency/N4_poti_TP_long_r1_796873/poti1/concurrency_008/profile_export.jsonl,641904
concurrency,N4_poti_TP_long_r1_796873,poti1,concurrency_008,profile_export_aiperf.csv,.csv,concurrency/N4_poti_TP_long_r1_796873/poti1/concurrency_008/profile_export_aiperf.csv,/home/rafael/programacao/comp-sys-perf-analysis/data/data_compsys/final/concurrency/N4_poti_TP_long_r1_796873/poti1/concurrency_008/profile_export_aiperf.csv,3728
concurrency,N4_poti_TP_long_r1_796873,poti1,concurrency_008,profile_export_aiperf.json,.json,concurrency/N4_poti_TP_long_r1_796873/poti1/concurrency_008/profile_export_aiperf.json,/home/rafael/programacao/comp-sys-perf-analysis/data/data_compsys/final/concurrency/N4_poti_TP_long_r1_796873/poti1/concurrency_008/profile_export_aiperf.json,11723
concurrency,N4_poti_TP_long_r1_796873,poti1,concurrency_008,server_metrics_export.csv,.csv,concurrency/N4_poti_TP_long_r1_796873/poti1/concurrency_008/server_metrics_export.csv,/home/rafael/programacao/comp-sys-perf-analysis/data/data_compsys/final/concurrency/N4_poti_TP_long_r1_796873/poti1/concurrency_008/server_metrics_export.csv,19573
concurrency,N4_poti_TP_long_r1_796873,poti1,concurrency_008,server_metrics_export.json,.json,concurrency/N4_poti_TP_long_r1_796873/poti1/concurrency_008/server_metrics_export.json,/home/rafael/programacao/comp-sys-perf-analysis/data/data_compsys/final/concurrency/N4_poti_TP_long_r1_796873/poti1/concurrency_008/server_metrics_export.json,51485
concurrency,N4_poti_TP_long_r1_796873,poti1,concurrency_016,aiperf.log,.log,concurrency/N4_poti_TP_long_r1_796873/poti1/concurrency_016/logs/aiperf.log,/home/rafael/programacao/comp-sys-perf-analysis/data/data_compsys/final/concurrency/N4_poti_TP_long_r1_796873/poti1/concurrency_016/logs/aiperf.log,18308
concurrency,N4_poti_TP_long_r1_796873,poti1,concurrency_016,inputs.json,.json,concurrency/N4_poti_TP_long_r1_796873/poti1/concurrency_016/inputs.json,/home/rafael/programacao/comp-sys-perf-analysis/data/data_compsys/final/concurrency/N4_poti_TP_long_r1_796873/poti1/concurrency_016/inputs.json,485222
concurrency,N4_poti_TP_long_r1_796873,poti1,concurrency_016,profile_export.jsonl,.jsonl,concurrency/N4_poti_TP_long_r1_796873/poti1/concurrency_016/profile_export.jsonl,/home/rafael/programacao/comp-sys-perf-analysis/data/data_compsys/final/concurrency/N4_poti_TP_long_r1_796873/poti1/concurrency_016/profile_export.jsonl,1347298
concurrency,N4_poti_TP_long_r1_796873,poti1,concurrency_016,profile_export_aiperf.csv,.csv,concurrency/N4_poti_TP_long_r1_796873/poti1/concurrency_016/profile_export_aiperf.csv,/home/rafael/programacao/comp-sys-perf-analysis/data/data_compsys/final/concurrency/N4_poti_TP_long_r1_796873/poti1/concurrency_016/profile_export_aiperf.csv,3771
concurrency,N4_poti_TP_long_r1_796873,poti1,concurrency_016,profile_export_aiperf.json,.json,concurrency/N4_poti_TP_long_r1_796873/poti1/concurrency_016/profile_export_aiperf.json,/home/rafael/programacao/comp-sys-perf-analysis/data/data_compsys/final/concurrency/N4_poti_TP_long_r1_796873/poti1/concurrency_016/profile_export_aiperf.json,11711
concurrency,N4_poti_TP_long_r1_796873,poti1,concurrency_016,server_metrics_export.csv,.csv,concurrency/N4_poti_TP_long_r1_796873/poti1/concurrency_016/server_metrics_export.csv,/home/rafael/programacao/comp-sys-perf-analysis/data/data_compsys/final/concurrency/N4_poti_TP_long_r1_796873/poti1/concurrency_016/server_metrics_export.csv,19749
concurrency,N4_poti_TP_long_r1_796873,poti1,concurrency_016,server_metrics_export.json,.json,concurrency/N4_poti_TP_long_r1_796873/poti1/concurrency_016/server_metrics_export.json,/home/rafael/programacao/comp-sys-perf-analysis/data/data_compsys/final/concurrency/N4_poti_TP_long_r1_796873/poti1/concurrency_016/server_metrics_export.json,51500
concurrency,N4_poti_TP_long_r1_796873,poti1,concurrency_032,aiperf.log,.log,concurrency/N4_poti_TP_long_r1_796873/poti1/concurrency_032/logs/aiperf.log,/home/rafael/programacao/comp-sys-perf-analysis/data/data_compsys/final/concurrency/N4_poti_TP_long_r1_796873/poti1/concurrency_032/logs/aiperf.log,20545
concurrency,N4_poti_TP_long_r1_796873,poti1,concurrency_032,inputs.json,.json,concurrency/N4_poti_TP_long_r1_796873/poti1/concurrency_032/inputs.json,/home/rafael/programacao/comp-sys-perf-analysis/data/data_compsys/final/concurrency/N4_poti_TP_long_r1_796873/poti1/concurrency_032/inputs.json,485123
concurrency,N4_poti_TP_long_r1_796873,poti1,concurrency_032,profile_export.jsonl,.jsonl,concurrency/N4_poti_TP_long_r1_796873/poti1/concurrency_032/profile_export.jsonl,/home/rafael/programacao/comp-sys-perf-analysis/data/data_compsys/final/concurrency/N4_poti_TP_long_r1_796873/poti1/concurrency_032/profile_export.jsonl,2907204
concurrency,N4_poti_TP_long_r1_796873,poti1,concurrency_032,profile_export_aiperf.csv,.csv,concurrency/N4_poti_TP_long_r1_796873/poti1/concurrency_032/profile_export_aiperf.csv,/home/rafael/programacao/comp-sys-perf-analysis/data/data_compsys/final/concurrency/N4_poti_TP_long_r1_796873/poti1/concurrency_032/profile_export_aiperf.csv,3797
concurrency,N4_poti_TP_long_r1_796873,poti1,concurrency_032,profile_export_aiperf.json,.json,concurrency/N4_poti_TP_long_r1_796873/poti1/concurrency_032/profile_export_aiperf.json,/home/rafael/programacao/comp-sys-perf-analysis/data/data_compsys/final/concurrency/N4_poti_TP_long_r1_796873/poti1/concurrency_032/profile_export_aiperf.json,11955
concurrency,N4_poti_TP_long_r1_796873,poti1,concurrency_032,server_metrics_export.csv,.csv,concurrency/N4_poti_TP_long_r1_796873/poti1/concurrency_032/server_metrics_export.csv,/home/rafael/programacao/comp-sys-perf-analysis/data/data_compsys/final/concurrency/N4_poti_TP_long_r1_796873/poti1/concurrency_032/server_metrics_export.csv,19798
concurrency,N4_poti_TP_long_r1_796873,poti1,concurrency_032,server_metrics_export.json,.json,concurrency/N4_poti_TP_long_r1_796873/poti1/concurrency_032/server_metrics_export.json,/home/rafael/programacao/comp-sys-perf-analysis/data/data_compsys/final/concurrency/N4_poti_TP_long_r1_796873/poti1/concurrency_032/server_metrics_export.json,51627
concurrency,N4_poti_TP_long_r1_796873,poti1,,iperf3_server_node1.json,.json,concurrency/N4_poti_TP_long_r1_796873/poti1/network/iperf3_server_node1.json,/home/rafael/programacao/comp-sys-perf-analysis/data/data_compsys/final/concurrency/N4_poti_TP_long_r1_796873/poti1/network/iperf3_server_node1.json,15637
concurrency,N4_poti_TP_long_r1_796873,poti1,,iperf3_server_node2.json,.json,concurrency/N4_poti_TP_long_r1_796873/poti1/network/iperf3_server_node2.json,/home/rafael/programacao/comp-sys-perf-analysis/data/data_compsys/final/concurrency/N4_poti_TP_long_r1_796873/poti1/network/iperf3_server_node2.json,15707
concurrency,N4_poti_TP_long_r1_796873,poti1,,iperf3_server_node3.json,.json,concurrency/N4_poti_TP_long_r1_796873/poti1/network/iperf3_server_node3.json,/home/rafael/programacao/comp-sys-perf-analysis/data/data_compsys/final/concurrency/N4_poti_TP_long_r1_796873/poti1/network/iperf3_server_node3.json,15668
concurrency,N4_poti_TP_long_r1_796873,poti1,,network_telemetry.csv,.csv,concurrency/N4_poti_TP_long_r1_796873/poti1/network_telemetry.csv,/home/rafael/programacao/comp-sys-perf-analysis/data/data_compsys/final/concurrency/N4_poti_TP_long_r1_796873/poti1/network_telemetry.csv,776408
concurrency,N4_poti_TP_long_r1_796873,poti1,,node.log,.log,concurrency/N4_poti_TP_long_r1_796873/poti1/node.log,/home/rafael/programacao/comp-sys-perf-analysis/data/data_compsys/final/concurrency/N4_poti_TP_long_r1_796873/poti1/node.log,161175
concurrency,N4_poti_TP_long_r1_796873,poti1,,telemetry.csv,.csv,concurrency/N4_poti_TP_long_r1_796873/poti1/telemetry.csv,/home/rafael/programacao/comp-sys-perf-analysis/data/data_compsys/final/concurrency/N4_poti_TP_long_r1_796873/poti1/telemetry.csv,4555651
concurrency,N4_poti_TP_long_r1_796873,poti1,,vllm_server.log,.log,concurrency/N4_poti_TP_long_r1_796873/poti1/vllm_server.log,/home/rafael/programacao/comp-sys-perf-analysis/data/data_compsys/final/concurrency/N4_poti_TP_long_r1_796873/poti1/vllm_server.log,1841922
concurrency,N4_poti_TP_long_r1_796873,poti2,,iperf3_client.json,.json,concurrency/N4_poti_TP_long_r1_796873/poti2/network/iperf3_client.json,/home/rafael/programacao/comp-sys-perf-analysis/data/data_compsys/final/concurrency/N4_poti_TP_long_r1_796873/poti2/network/iperf3_client.json,21346
concurrency,N4_poti_TP_long_r1_796873,poti2,,network_telemetry.csv,.csv,concurrency/N4_poti_TP_long_r1_796873/poti2/network_telemetry.csv,/home/rafael/programacao/comp-sys-perf-analysis/data/data_compsys/final/concurrency/N4_poti_TP_long_r1_796873/poti2/network_telemetry.csv,781776
concurrency,N4_poti_TP_long_r1_796873,poti2,,node.log,.log,concurrency/N4_poti_TP_long_r1_796873/poti2/node.log,/home/rafael/programacao/comp-sys-perf-analysis/data/data_compsys/final/concurrency/N4_poti_TP_long_r1_796873/poti2/node.log,11576
concurrency,N4_poti_TP_long_r1_796873,poti2,,telemetry.csv,.csv,concurrency/N4_poti_TP_long_r1_796873/poti2/telemetry.csv,/home/rafael/programacao/comp-sys-perf-analysis/data/data_compsys/final/concurrency/N4_poti_TP_long_r1_796873/poti2/telemetry.csv,4648113
concurrency,N4_poti_TP_long_r1_796873,poti3,,iperf3_client.json,.json,concurrency/N4_poti_TP_long_r1_796873/poti3/network/iperf3_client.json,/home/rafael/programacao/comp-sys-perf-analysis/data/data_compsys/final/concurrency/N4_poti_TP_long_r1_796873/poti3/network/iperf3_client.json,21579
concurrency,N4_poti_TP_long_r1_796873,poti3,,network_telemetry.csv,.csv,concurrency/N4_poti_TP_long_r1_796873/poti3/network_telemetry.csv,/home/rafael/programacao/comp-sys-perf-analysis/data/data_compsys/final/concurrency/N4_poti_TP_long_r1_796873/poti3/network_telemetry.csv,781776
concurrency,N4_poti_TP_long_r1_796873,poti3,,node.log,.log,concurrency/N4_poti_TP_long_r1_796873/poti3/node.log,/home/rafael/programacao/comp-sys-perf-analysis/data/data_compsys/final/concurrency/N4_poti_TP_long_r1_796873/poti3/node.log,19096
concurrency,N4_poti_TP_long_r1_796873,poti3,,telemetry.csv,.csv,concurrency/N4_poti_TP_long_r1_796873/poti3/telemetry.csv,/home/rafael/programacao/comp-sys-perf-analysis/data/data_compsys/final/concurrency/N4_poti_TP_long_r1_796873/poti3/telemetry.csv,4582955
concurrency,N4_poti_TP_long_r1_796873,poti4,,iperf3_client.json,.json,concurrency/N4_poti_TP_long_r1_796873/poti4/network/iperf3_client.json,/home/rafael/programacao/comp-sys-perf-analysis/data/data_compsys/final/concurrency/N4_poti_TP_long_r1_796873/poti4/network/iperf3_client.json,21443
concurrency,N4_poti_TP_long_r1_796873,poti4,,network_telemetry.csv,.csv,concurrency/N4_poti_TP_long_r1_796873/poti4/network_telemetry.csv,/home/rafael/programacao/comp-sys-perf-analysis/data/data_compsys/final/concurrency/N4_poti_TP_long_r1_796873/poti4/network_telemetry.csv,781776
concurrency,N4_poti_TP_long_r1_796873,poti4,,node.log,.log,concurrency/N4_poti_TP_long_r1_796873/poti4/node.log,/home/rafael/programacao/comp-sys-perf-analysis/data/data_compsys/final/concurrency/N4_poti_TP_long_r1_796873/poti4/node.log,11577
concurrency,N4_poti_TP_long_r1_796873,poti4,,telemetry.csv,.csv,concurrency/N4_poti_TP_long_r1_796873/poti4/telemetry.csv,/home/rafael/programacao/comp-sys-perf-analysis/data/data_compsys/final/concurrency/N4_poti_TP_long_r1_796873/poti4/telemetry.csv,4582658
concurrency,N4_poti_TP_short_r1_796873,poti1,concurrency_001,aiperf.log,.log,concurrency/N4_poti_TP_short_r1_796873/poti1/concurrency_001/logs/aiperf.log,/home/rafael/programacao/comp-sys-perf-analysis/data/data_compsys/final/concurrency/N4_poti_TP_short_r1_796873/poti1/concurrency_001/logs/aiperf.log,11564
concurrency,N4_poti_TP_short_r1_796873,poti1,concurrency_001,inputs.json,.json,concurrency/N4_poti_TP_short_r1_796873/poti1/concurrency_001/inputs.json,/home/rafael/programacao/comp-sys-perf-analysis/data/data_compsys/final/concurrency/N4_poti_TP_short_r1_796873/poti1/concurrency_001/inputs.json,94453
concurrency,N4_poti_TP_short_r1_796873,poti1,concurrency_001,profile_export.jsonl,.jsonl,concurrency/N4_poti_TP_short_r1_796873/poti1/concurrency_001/profile_export.jsonl,/home/rafael/programacao/comp-sys-perf-analysis/data/data_compsys/final/concurrency/N4_poti_TP_short_r1_796873/poti1/concurrency_001/profile_export.jsonl,104808
concurrency,N4_poti_TP_short_r1_796873,poti1,concurrency_001,profile_export_aiperf.csv,.csv,concurrency/N4_poti_TP_short_r1_796873/poti1/concurrency_001/profile_export_aiperf.csv,/home/rafael/programacao/comp-sys-perf-analysis/data/data_compsys/final/concurrency/N4_poti_TP_short_r1_796873/poti1/concurrency_001/profile_export_aiperf.csv,3514
concurrency,N4_poti_TP_short_r1_796873,poti1,concurrency_001,profile_export_aiperf.json,.json,concurrency/N4_poti_TP_short_r1_796873/poti1/concurrency_001/profile_export_aiperf.json,/home/rafael/programacao/comp-sys-perf-analysis/data/data_compsys/final/concurrency/N4_poti_TP_short_r1_796873/poti1/concurrency_001/profile_export_aiperf.json,11437
concurrency,N4_poti_TP_short_r1_796873,poti1,concurrency_001,server_metrics_export.csv,.csv,concurrency/N4_poti_TP_short_r1_796873/poti1/concurrency_001/server_metrics_export.csv,/home/rafael/programacao/comp-sys-perf-analysis/data/data_compsys/final/concurrency/N4_poti_TP_short_r1_796873/poti1/concurrency_001/server_metrics_export.csv,19491
concurrency,N4_poti_TP_short_r1_796873,poti1,concurrency_001,server_metrics_export.json,.json,concurrency/N4_poti_TP_short_r1_796873/poti1/concurrency_001/server_metrics_export.json,/home/rafael/programacao/comp-sys-perf-analysis/data/data_compsys/final/concurrency/N4_poti_TP_short_r1_796873/poti1/concurrency_001/server_metrics_export.json,51713
concurrency,N4_poti_TP_short_r1_796873,poti1,concurrency_002,aiperf.log,.log,concurrency/N4_poti_TP_short_r1_796873/poti1/concurrency_002/logs/aiperf.log,/home/rafael/programacao/comp-sys-perf-analysis/data/data_compsys/final/concurrency/N4_poti_TP_short_r1_796873/poti1/concurrency_002/logs/aiperf.log,11659
concurrency,N4_poti_TP_short_r1_796873,poti1,concurrency_002,inputs.json,.json,concurrency/N4_poti_TP_short_r1_796873/poti1/concurrency_002/inputs.json,/home/rafael/programacao/comp-sys-perf-analysis/data/data_compsys/final/concurrency/N4_poti_TP_short_r1_796873/poti1/concurrency_002/inputs.json,94233
concurrency,N4_poti_TP_short_r1_796873,poti1,concurrency_002,profile_export.jsonl,.jsonl,concurrency/N4_poti_TP_short_r1_796873/poti1/concurrency_002/profile_export.jsonl,/home/rafael/programacao/comp-sys-perf-analysis/data/data_compsys/final/concurrency/N4_poti_TP_short_r1_796873/poti1/concurrency_002/profile_export.jsonl,106698
concurrency,N4_poti_TP_short_r1_796873,poti1,concurrency_002,profile_export_aiperf.csv,.csv,concurrency/N4_poti_TP_short_r1_796873/poti1/concurrency_002/profile_export_aiperf.csv,/home/rafael/programacao/comp-sys-perf-analysis/data/data_compsys/final/concurrency/N4_poti_TP_short_r1_796873/poti1/concurrency_002/profile_export_aiperf.csv,3550
concurrency,N4_poti_TP_short_r1_796873,poti1,concurrency_002,profile_export_aiperf.json,.json,concurrency/N4_poti_TP_short_r1_796873/poti1/concurrency_002/profile_export_aiperf.json,/home/rafael/programacao/comp-sys-perf-analysis/data/data_compsys/final/concurrency/N4_poti_TP_short_r1_796873/poti1/concurrency_002/profile_export_aiperf.json,11650
concurrency,N4_poti_TP_short_r1_796873,poti1,concurrency_002,server_metrics_export.csv,.csv,concurrency/N4_poti_TP_short_r1_796873/poti1/concurrency_002/server_metrics_export.csv,/home/rafael/programacao/comp-sys-perf-analysis/data/data_compsys/final/concurrency/N4_poti_TP_short_r1_796873/poti1/concurrency_002/server_metrics_export.csv,19493
concurrency,N4_poti_TP_short_r1_796873,poti1,concurrency_002,server_metrics_export.json,.json,concurrency/N4_poti_TP_short_r1_796873/poti1/concurrency_002/server_metrics_export.json,/home/rafael/programacao/comp-sys-perf-analysis/data/data_compsys/final/concurrency/N4_poti_TP_short_r1_796873/poti1/concurrency_002/server_metrics_export.json,51682
concurrency,N4_poti_TP_short_r1_796873,poti1,concurrency_004,aiperf.log,.log,concurrency/N4_poti_TP_short_r1_796873/poti1/concurrency_004/logs/aiperf.log,/home/rafael/programacao/comp-sys-perf-analysis/data/data_compsys/final/concurrency/N4_poti_TP_short_r1_796873/poti1/concurrency_004/logs/aiperf.log,11849
concurrency,N4_poti_TP_short_r1_796873,poti1,concurrency_004,inputs.json,.json,concurrency/N4_poti_TP_short_r1_796873/poti1/concurrency_004/inputs.json,/home/rafael/programacao/comp-sys-perf-analysis/data/data_compsys/final/concurrency/N4_poti_TP_short_r1_796873/poti1/concurrency_004/inputs.json,94067
concurrency,N4_poti_TP_short_r1_796873,poti1,concurrency_004,profile_export.jsonl,.jsonl,concurrency/N4_poti_TP_short_r1_796873/poti1/concurrency_004/profile_export.jsonl,/home/rafael/programacao/comp-sys-perf-analysis/data/data_compsys/final/concurrency/N4_poti_TP_short_r1_796873/poti1/concurrency_004/profile_export.jsonl,146588
concurrency,N4_poti_TP_short_r1_796873,poti1,concurrency_004,profile_export_aiperf.csv,.csv,concurrency/N4_poti_TP_short_r1_796873/poti1/concurrency_004/profile_export_aiperf.csv,/home/rafael/programacao/comp-sys-perf-analysis/data/data_compsys/final/concurrency/N4_poti_TP_short_r1_796873/poti1/concurrency_004/profile_export_aiperf.csv,3601
concurrency,N4_poti_TP_short_r1_796873,poti1,concurrency_004,profile_export_aiperf.json,.json,concurrency/N4_poti_TP_short_r1_796873/poti1/concurrency_004/profile_export_aiperf.json,/home/rafael/programacao/comp-sys-perf-analysis/data/data_compsys/final/concurrency/N4_poti_TP_short_r1_796873/poti1/concurrency_004/profile_export_aiperf.json,11546
concurrency,N4_poti_TP_short_r1_796873,poti1,concurrency_004,server_metrics_export.csv,.csv,concurrency/N4_poti_TP_short_r1_796873/poti1/concurrency_004/server_metrics_export.csv,/home/rafael/programacao/comp-sys-perf-analysis/data/data_compsys/final/concurrency/N4_poti_TP_short_r1_796873/poti1/concurrency_004/server_metrics_export.csv,19511
concurrency,N4_poti_TP_short_r1_796873,poti1,concurrency_004,server_metrics_export.json,.json,concurrency/N4_poti_TP_short_r1_796873/poti1/concurrency_004/server_metrics_export.json,/home/rafael/programacao/comp-sys-perf-analysis/data/data_compsys/final/concurrency/N4_poti_TP_short_r1_796873/poti1/concurrency_004/server_metrics_export.json,51684
concurrency,N4_poti_TP_short_r1_796873,poti1,concurrency_008,aiperf.log,.log,concurrency/N4_poti_TP_short_r1_796873/poti1/concurrency_008/logs/aiperf.log,/home/rafael/programacao/comp-sys-perf-analysis/data/data_compsys/final/concurrency/N4_poti_TP_short_r1_796873/poti1/concurrency_008/logs/aiperf.log,13949
concurrency,N4_poti_TP_short_r1_796873,poti1,concurrency_008,inputs.json,.json,concurrency/N4_poti_TP_short_r1_796873/poti1/concurrency_008/inputs.json,/home/rafael/programacao/comp-sys-perf-analysis/data/data_compsys/final/concurrency/N4_poti_TP_short_r1_796873/poti1/concurrency_008/inputs.json,94465
concurrency,N4_poti_TP_short_r1_796873,poti1,concurrency_008,profile_export.jsonl,.jsonl,concurrency/N4_poti_TP_short_r1_796873/poti1/concurrency_008/profile_export.jsonl,/home/rafael/programacao/comp-sys-perf-analysis/data/data_compsys/final/concurrency/N4_poti_TP_short_r1_796873/poti1/concurrency_008/profile_export.jsonl,278946
concurrency,N4_poti_TP_short_r1_796873,poti1,concurrency_008,profile_export_aiperf.csv,.csv,concurrency/N4_poti_TP_short_r1_796873/poti1/concurrency_008/profile_export_aiperf.csv,/home/rafael/programacao/comp-sys-perf-analysis/data/data_compsys/final/concurrency/N4_poti_TP_short_r1_796873/poti1/concurrency_008/profile_export_aiperf.csv,3618
concurrency,N4_poti_TP_short_r1_796873,poti1,concurrency_008,profile_export_aiperf.json,.json,concurrency/N4_poti_TP_short_r1_796873/poti1/concurrency_008/profile_export_aiperf.json,/home/rafael/programacao/comp-sys-perf-analysis/data/data_compsys/final/concurrency/N4_poti_TP_short_r1_796873/poti1/concurrency_008/profile_export_aiperf.json,11509
concurrency,N4_poti_TP_short_r1_796873,poti1,concurrency_008,server_metrics_export.csv,.csv,concurrency/N4_poti_TP_short_r1_796873/poti1/concurrency_008/server_metrics_export.csv,/home/rafael/programacao/comp-sys-perf-analysis/data/data_compsys/final/concurrency/N4_poti_TP_short_r1_796873/poti1/concurrency_008/server_metrics_export.csv,19558
concurrency,N4_poti_TP_short_r1_796873,poti1,concurrency_008,server_metrics_export.json,.json,concurrency/N4_poti_TP_short_r1_796873/poti1/concurrency_008/server_metrics_export.json,/home/rafael/programacao/comp-sys-perf-analysis/data/data_compsys/final/concurrency/N4_poti_TP_short_r1_796873/poti1/concurrency_008/server_metrics_export.json,51492
concurrency,N4_poti_TP_short_r1_796873,poti1,concurrency_016,aiperf.log,.log,concurrency/N4_poti_TP_short_r1_796873/poti1/concurrency_016/logs/aiperf.log,/home/rafael/programacao/comp-sys-perf-analysis/data/data_compsys/final/concurrency/N4_poti_TP_short_r1_796873/poti1/concurrency_016/logs/aiperf.log,18459
concurrency,N4_poti_TP_short_r1_796873,poti1,concurrency_016,inputs.json,.json,concurrency/N4_poti_TP_short_r1_796873/poti1/concurrency_016/inputs.json,/home/rafael/programacao/comp-sys-perf-analysis/data/data_compsys/final/concurrency/N4_poti_TP_short_r1_796873/poti1/concurrency_016/inputs.json,94807
concurrency,N4_poti_TP_short_r1_796873,poti1,concurrency_016,profile_export.jsonl,.jsonl,concurrency/N4_poti_TP_short_r1_796873/poti1/concurrency_016/profile_export.jsonl,/home/rafael/programacao/comp-sys-perf-analysis/data/data_compsys/final/concurrency/N4_poti_TP_short_r1_796873/poti1/concurrency_016/profile_export.jsonl,574460
concurrency,N4_poti_TP_short_r1_796873,poti1,concurrency_016,profile_export_aiperf.csv,.csv,concurrency/N4_poti_TP_short_r1_796873/poti1/concurrency_016/profile_export_aiperf.csv,/home/rafael/programacao/comp-sys-perf-analysis/data/data_compsys/final/concurrency/N4_poti_TP_short_r1_796873/poti1/concurrency_016/profile_export_aiperf.csv,3685
concurrency,N4_poti_TP_short_r1_796873,poti1,concurrency_016,profile_export_aiperf.json,.json,concurrency/N4_poti_TP_short_r1_796873/poti1/concurrency_016/profile_export_aiperf.json,/home/rafael/programacao/comp-sys-perf-analysis/data/data_compsys/final/concurrency/N4_poti_TP_short_r1_796873/poti1/concurrency_016/profile_export_aiperf.json,11583
concurrency,N4_poti_TP_short_r1_796873,poti1,concurrency_016,server_metrics_export.csv,.csv,concurrency/N4_poti_TP_short_r1_796873/poti1/concurrency_016/server_metrics_export.csv,/home/rafael/programacao/comp-sys-perf-analysis/data/data_compsys/final/concurrency/N4_poti_TP_short_r1_796873/poti1/concurrency_016/server_metrics_export.csv,19735
concurrency,N4_poti_TP_short_r1_796873,poti1,concurrency_016,server_metrics_export.json,.json,concurrency/N4_poti_TP_short_r1_796873/poti1/concurrency_016/server_metrics_export.json,/home/rafael/programacao/comp-sys-perf-analysis/data/data_compsys/final/concurrency/N4_poti_TP_short_r1_796873/poti1/concurrency_016/server_metrics_export.json,51855
concurrency,N4_poti_TP_short_r1_796873,poti1,concurrency_032,aiperf.log,.log,concurrency/N4_poti_TP_short_r1_796873/poti1/concurrency_032/logs/aiperf.log,/home/rafael/programacao/comp-sys-perf-analysis/data/data_compsys/final/concurrency/N4_poti_TP_short_r1_796873/poti1/concurrency_032/logs/aiperf.log,20271
concurrency,N4_poti_TP_short_r1_796873,poti1,concurrency_032,inputs.json,.json,concurrency/N4_poti_TP_short_r1_796873/poti1/concurrency_032/inputs.json,/home/rafael/programacao/comp-sys-perf-analysis/data/data_compsys/final/concurrency/N4_poti_TP_short_r1_796873/poti1/concurrency_032/inputs.json,93666
concurrency,N4_poti_TP_short_r1_796873,poti1,concurrency_032,profile_export.jsonl,.jsonl,concurrency/N4_poti_TP_short_r1_796873/poti1/concurrency_032/profile_export.jsonl,/home/rafael/programacao/comp-sys-perf-analysis/data/data_compsys/final/concurrency/N4_poti_TP_short_r1_796873/poti1/concurrency_032/profile_export.jsonl,1211715
concurrency,N4_poti_TP_short_r1_796873,poti1,concurrency_032,profile_export_aiperf.csv,.csv,concurrency/N4_poti_TP_short_r1_796873/poti1/concurrency_032/profile_export_aiperf.csv,/home/rafael/programacao/comp-sys-perf-analysis/data/data_compsys/final/concurrency/N4_poti_TP_short_r1_796873/poti1/concurrency_032/profile_export_aiperf.csv,3692
concurrency,N4_poti_TP_short_r1_796873,poti1,concurrency_032,profile_export_aiperf.json,.json,concurrency/N4_poti_TP_short_r1_796873/poti1/concurrency_032/profile_export_aiperf.json,/home/rafael/programacao/comp-sys-perf-analysis/data/data_compsys/final/concurrency/N4_poti_TP_short_r1_796873/poti1/concurrency_032/profile_export_aiperf.json,11807
concurrency,N4_poti_TP_short_r1_796873,poti1,concurrency_032,server_metrics_export.csv,.csv,concurrency/N4_poti_TP_short_r1_796873/poti1/concurrency_032/server_metrics_export.csv,/home/rafael/programacao/comp-sys-perf-analysis/data/data_compsys/final/concurrency/N4_poti_TP_short_r1_796873/poti1/concurrency_032/server_metrics_export.csv,19739
concurrency,N4_poti_TP_short_r1_796873,poti1,concurrency_032,server_metrics_export.json,.json,concurrency/N4_poti_TP_short_r1_796873/poti1/concurrency_032/server_metrics_export.json,/home/rafael/programacao/comp-sys-perf-analysis/data/data_compsys/final/concurrency/N4_poti_TP_short_r1_796873/poti1/concurrency_032/server_metrics_export.json,51869
concurrency,N4_poti_TP_short_r1_796873,poti1,,iperf3_server_node1.json,.json,concurrency/N4_poti_TP_short_r1_796873/poti1/network/iperf3_server_node1.json,/home/rafael/programacao/comp-sys-perf-analysis/data/data_compsys/final/concurrency/N4_poti_TP_short_r1_796873/poti1/network/iperf3_server_node1.json,107948
concurrency,N4_poti_TP_short_r1_796873,poti1,,iperf3_server_node2.json,.json,concurrency/N4_poti_TP_short_r1_796873/poti1/network/iperf3_server_node2.json,/home/rafael/programacao/comp-sys-perf-analysis/data/data_compsys/final/concurrency/N4_poti_TP_short_r1_796873/poti1/network/iperf3_server_node2.json,109474
concurrency,N4_poti_TP_short_r1_796873,poti1,,iperf3_server_node3.json,.json,concurrency/N4_poti_TP_short_r1_796873/poti1/network/iperf3_server_node3.json,/home/rafael/programacao/comp-sys-perf-analysis/data/data_compsys/final/concurrency/N4_poti_TP_short_r1_796873/poti1/network/iperf3_server_node3.json,109155
concurrency,N4_poti_TP_short_r1_796873,poti1,,network_telemetry.csv,.csv,concurrency/N4_poti_TP_short_r1_796873/poti1/network_telemetry.csv,/home/rafael/programacao/comp-sys-perf-analysis/data/data_compsys/final/concurrency/N4_poti_TP_short_r1_796873/poti1/network_telemetry.csv,177632
concurrency,N4_poti_TP_short_r1_796873,poti1,,node.log,.log,concurrency/N4_poti_TP_short_r1_796873/poti1/node.log,/home/rafael/programacao/comp-sys-perf-analysis/data/data_compsys/final/concurrency/N4_poti_TP_short_r1_796873/poti1/node.log,151260
concurrency,N4_poti_TP_short_r1_796873,poti1,,telemetry.csv,.csv,concurrency/N4_poti_TP_short_r1_796873/poti1/telemetry.csv,/home/rafael/programacao/comp-sys-perf-analysis/data/data_compsys/final/concurrency/N4_poti_TP_short_r1_796873/poti1/telemetry.csv,1038579
concurrency,N4_poti_TP_short_r1_796873,poti1,,vllm_server.log,.log,concurrency/N4_poti_TP_short_r1_796873/poti1/vllm_server.log,/home/rafael/programacao/comp-sys-perf-analysis/data/data_compsys/final/concurrency/N4_poti_TP_short_r1_796873/poti1/vllm_server.log,501028
concurrency,N4_poti_TP_short_r1_796873,poti2,,iperf3_client.json,.json,concurrency/N4_poti_TP_short_r1_796873/poti2/network/iperf3_client.json,/home/rafael/programacao/comp-sys-perf-analysis/data/data_compsys/final/concurrency/N4_poti_TP_short_r1_796873/poti2/network/iperf3_client.json,150242
concurrency,N4_poti_TP_short_r1_796873,poti2,,network_telemetry.csv,.csv,concurrency/N4_poti_TP_short_r1_796873/poti2/network_telemetry.csv,/home/rafael/programacao/comp-sys-perf-analysis/data/data_compsys/final/concurrency/N4_poti_TP_short_r1_796873/poti2/network_telemetry.csv,183244
concurrency,N4_poti_TP_short_r1_796873,poti2,,node.log,.log,concurrency/N4_poti_TP_short_r1_796873/poti2/node.log,/home/rafael/programacao/comp-sys-perf-analysis/data/data_compsys/final/concurrency/N4_poti_TP_short_r1_796873/poti2/node.log,11578
concurrency,N4_poti_TP_short_r1_796873,poti2,,telemetry.csv,.csv,concurrency/N4_poti_TP_short_r1_796873/poti2/telemetry.csv,/home/rafael/programacao/comp-sys-perf-analysis/data/data_compsys/final/concurrency/N4_poti_TP_short_r1_796873/poti2/telemetry.csv,1082744
concurrency,N4_poti_TP_short_r1_796873,poti3,,iperf3_client.json,.json,concurrency/N4_poti_TP_short_r1_796873/poti3/network/iperf3_client.json,/home/rafael/programacao/comp-sys-perf-analysis/data/data_compsys/final/concurrency/N4_poti_TP_short_r1_796873/poti3/network/iperf3_client.json,150524
concurrency,N4_poti_TP_short_r1_796873,poti3,,network_telemetry.csv,.csv,concurrency/N4_poti_TP_short_r1_796873/poti3/network_telemetry.csv,/home/rafael/programacao/comp-sys-perf-analysis/data/data_compsys/final/concurrency/N4_poti_TP_short_r1_796873/poti3/network_telemetry.csv,183366
concurrency,N4_poti_TP_short_r1_796873,poti3,,node.log,.log,concurrency/N4_poti_TP_short_r1_796873/poti3/node.log,/home/rafael/programacao/comp-sys-perf-analysis/data/data_compsys/final/concurrency/N4_poti_TP_short_r1_796873/poti3/node.log,11580
concurrency,N4_poti_TP_short_r1_796873,poti3,,telemetry.csv,.csv,concurrency/N4_poti_TP_short_r1_796873/poti3/telemetry.csv,/home/rafael/programacao/comp-sys-perf-analysis/data/data_compsys/final/concurrency/N4_poti_TP_short_r1_796873/poti3/telemetry.csv,1067863
concurrency,N4_poti_TP_short_r1_796873,poti4,,iperf3_client.json,.json,concurrency/N4_poti_TP_short_r1_796873/poti4/network/iperf3_client.json,/home/rafael/programacao/comp-sys-perf-analysis/data/data_compsys/final/concurrency/N4_poti_TP_short_r1_796873/poti4/network/iperf3_client.json,150941
concurrency,N4_poti_TP_short_r1_796873,poti4,,network_telemetry.csv,.csv,concurrency/N4_poti_TP_short_r1_796873/poti4/network_telemetry.csv,/home/rafael/programacao/comp-sys-perf-analysis/data/data_compsys/final/concurrency/N4_poti_TP_short_r1_796873/poti4/network_telemetry.csv,183244
concurrency,N4_poti_TP_short_r1_796873,poti4,,node.log,.log,concurrency/N4_poti_TP_short_r1_796873/poti4/node.log,/home/rafael/programacao/comp-sys-perf-analysis/data/data_compsys/final/concurrency/N4_poti_TP_short_r1_796873/poti4/node.log,11579
concurrency,N4_poti_TP_short_r1_796873,poti4,,telemetry.csv,.csv,concurrency/N4_poti_TP_short_r1_796873/poti4/telemetry.csv,/home/rafael/programacao/comp-sys-perf-analysis/data/data_compsys/final/concurrency/N4_poti_TP_short_r1_796873/poti4/telemetry.csv,1066796
trace,N1_tupi_none_long_r1_790478,tupi2,,aiperf.log,.log,trace/N1_tupi_none_long_r1_790478/tupi2/logs/aiperf.log,/home/rafael/programacao/comp-sys-perf-analysis/data/data_compsys/final/trace/N1_tupi_none_long_r1_790478/tupi2/logs/aiperf.log,11517
trace,N1_tupi_none_long_r1_790478,tupi2,,inputs.json,.json,trace/N1_tupi_none_long_r1_790478/tupi2/inputs.json,/home/rafael/programacao/comp-sys-perf-analysis/data/data_compsys/final/trace/N1_tupi_none_long_r1_790478/tupi2/inputs.json,93909
trace,N1_tupi_none_long_r1_790478,tupi2,,network_telemetry.csv,.csv,trace/N1_tupi_none_long_r1_790478/tupi2/network_telemetry.csv,/home/rafael/programacao/comp-sys-perf-analysis/data/data_compsys/final/trace/N1_tupi_none_long_r1_790478/tupi2/network_telemetry.csv,26840
trace,N1_tupi_none_long_r1_790478,tupi2,,node.log,.log,trace/N1_tupi_none_long_r1_790478/tupi2/node.log,/home/rafael/programacao/comp-sys-perf-analysis/data/data_compsys/final/trace/N1_tupi_none_long_r1_790478/tupi2/node.log,35062
trace,N1_tupi_none_long_r1_790478,tupi2,,profile_export.jsonl,.jsonl,trace/N1_tupi_none_long_r1_790478/tupi2/profile_export.jsonl,/home/rafael/programacao/comp-sys-perf-analysis/data/data_compsys/final/trace/N1_tupi_none_long_r1_790478/tupi2/profile_export.jsonl,105317
trace,N1_tupi_none_long_r1_790478,tupi2,,profile_export_aiperf.csv,.csv,trace/N1_tupi_none_long_r1_790478/tupi2/profile_export_aiperf.csv,/home/rafael/programacao/comp-sys-perf-analysis/data/data_compsys/final/trace/N1_tupi_none_long_r1_790478/tupi2/profile_export_aiperf.csv,3481
trace,N1_tupi_none_long_r1_790478,tupi2,,profile_export_aiperf.json,.json,trace/N1_tupi_none_long_r1_790478/tupi2/profile_export_aiperf.json,/home/rafael/programacao/comp-sys-perf-analysis/data/data_compsys/final/trace/N1_tupi_none_long_r1_790478/tupi2/profile_export_aiperf.json,11421
trace,N1_tupi_none_long_r1_790478,tupi2,,ray_trace.nsys-rep,.nsys-rep,trace/N1_tupi_none_long_r1_790478/tupi2/ray_trace.nsys-rep,/home/rafael/programacao/comp-sys-perf-analysis/data/data_compsys/final/trace/N1_tupi_none_long_r1_790478/tupi2/ray_trace.nsys-rep,24338780
trace,N1_tupi_none_long_r1_790478,tupi2,,server_metrics_export.csv,.csv,trace/N1_tupi_none_long_r1_790478/tupi2/server_metrics_export.csv,/home/rafael/programacao/comp-sys-perf-analysis/data/data_compsys/final/trace/N1_tupi_none_long_r1_790478/tupi2/server_metrics_export.csv,19496
trace,N1_tupi_none_long_r1_790478,tupi2,,server_metrics_export.json,.json,trace/N1_tupi_none_long_r1_790478/tupi2/server_metrics_export.json,/home/rafael/programacao/comp-sys-perf-analysis/data/data_compsys/final/trace/N1_tupi_none_long_r1_790478/tupi2/server_metrics_export.json,51836
trace,N1_tupi_none_long_r1_790478,tupi2,,telemetry.csv,.csv,trace/N1_tupi_none_long_r1_790478/tupi2/telemetry.csv,/home/rafael/programacao/comp-sys-perf-analysis/data/data_compsys/final/trace/N1_tupi_none_long_r1_790478/tupi2/telemetry.csv,152180
trace,N1_tupi_none_long_r1_790478,tupi2,,vllm_server.log,.log,trace/N1_tupi_none_long_r1_790478/tupi2/vllm_server.log,/home/rafael/programacao/comp-sys-perf-analysis/data/data_compsys/final/trace/N1_tupi_none_long_r1_790478/tupi2/vllm_server.log,52137
trace,N1_tupi_none_long_r1_790478,,,790478.err,.err,trace/N1_tupi_none_long_r1_790478/790478.err,/home/rafael/programacao/comp-sys-perf-analysis/data/data_compsys/final/trace/N1_tupi_none_long_r1_790478/790478.err,4977
trace,N1_tupi_none_long_r1_790478,,,790478.out,.out,trace/N1_tupi_none_long_r1_790478/790478.out,/home/rafael/programacao/comp-sys-perf-analysis/data/data_compsys/final/trace/N1_tupi_none_long_r1_790478/790478.out,578
trace,N1_tupi_none_short_r1_790477,tupi2,,aiperf.log,.log,trace/N1_tupi_none_short_r1_790477/tupi2/logs/aiperf.log,/home/rafael/programacao/comp-sys-perf-analysis/data/data_compsys/final/trace/N1_tupi_none_short_r1_790477/tupi2/logs/aiperf.log,11520
trace,N1_tupi_none_short_r1_790477,tupi2,,inputs.json,.json,trace/N1_tupi_none_short_r1_790477/tupi2/inputs.json,/home/rafael/programacao/comp-sys-perf-analysis/data/data_compsys/final/trace/N1_tupi_none_short_r1_790477/tupi2/inputs.json,94314
trace,N1_tupi_none_short_r1_790477,tupi2,,network_telemetry.csv,.csv,trace/N1_tupi_none_short_r1_790477/tupi2/network_telemetry.csv,/home/rafael/programacao/comp-sys-perf-analysis/data/data_compsys/final/trace/N1_tupi_none_short_r1_790477/tupi2/network_telemetry.csv,61610
trace,N1_tupi_none_short_r1_790477,tupi2,,node.log,.log,trace/N1_tupi_none_short_r1_790477/tupi2/node.log,/home/rafael/programacao/comp-sys-perf-analysis/data/data_compsys/final/trace/N1_tupi_none_short_r1_790477/tupi2/node.log,50729
trace,N1_tupi_none_short_r1_790477,tupi2,,profile_export.jsonl,.jsonl,trace/N1_tupi_none_short_r1_790477/tupi2/profile_export.jsonl,/home/rafael/programacao/comp-sys-perf-analysis/data/data_compsys/final/trace/N1_tupi_none_short_r1_790477/tupi2/profile_export.jsonl,105595
trace,N1_tupi_none_short_r1_790477,tupi2,,profile_export_aiperf.csv,.csv,trace/N1_tupi_none_short_r1_790477/tupi2/profile_export_aiperf.csv,/home/rafael/programacao/comp-sys-perf-analysis/data/data_compsys/final/trace/N1_tupi_none_short_r1_790477/tupi2/profile_export_aiperf.csv,3482
trace,N1_tupi_none_short_r1_790477,tupi2,,profile_export_aiperf.json,.json,trace/N1_tupi_none_short_r1_790477/tupi2/profile_export_aiperf.json,/home/rafael/programacao/comp-sys-perf-analysis/data/data_compsys/final/trace/N1_tupi_none_short_r1_790477/tupi2/profile_export_aiperf.json,11386
trace,N1_tupi_none_short_r1_790477,tupi2,,ray_trace.nsys-rep,.nsys-rep,trace/N1_tupi_none_short_r1_790477/tupi2/ray_trace.nsys-rep,/home/rafael/programacao/comp-sys-perf-analysis/data/data_compsys/final/trace/N1_tupi_none_short_r1_790477/tupi2/ray_trace.nsys-rep,102427472
trace,N1_tupi_none_short_r1_790477,tupi2,,server_metrics_export.csv,.csv,trace/N1_tupi_none_short_r1_790477/tupi2/server_metrics_export.csv,/home/rafael/programacao/comp-sys-perf-analysis/data/data_compsys/final/trace/N1_tupi_none_short_r1_790477/tupi2/server_metrics_export.csv,19508
trace,N1_tupi_none_short_r1_790477,tupi2,,server_metrics_export.json,.json,trace/N1_tupi_none_short_r1_790477/tupi2/server_metrics_export.json,/home/rafael/programacao/comp-sys-perf-analysis/data/data_compsys/final/trace/N1_tupi_none_short_r1_790477/tupi2/server_metrics_export.json,51872
trace,N1_tupi_none_short_r1_790477,tupi2,,telemetry.csv,.csv,trace/N1_tupi_none_short_r1_790477/tupi2/telemetry.csv,/home/rafael/programacao/comp-sys-perf-analysis/data/data_compsys/final/trace/N1_tupi_none_short_r1_790477/tupi2/telemetry.csv,343512
trace,N1_tupi_none_short_r1_790477,tupi2,,vllm_server.log,.log,trace/N1_tupi_none_short_r1_790477/tupi2/vllm_server.log,/home/rafael/programacao/comp-sys-perf-analysis/data/data_compsys/final/trace/N1_tupi_none_short_r1_790477/tupi2/vllm_server.log,52870
trace,N1_tupi_none_short_r1_790477,,,790477.err,.err,trace/N1_tupi_none_short_r1_790477/790477.err,/home/rafael/programacao/comp-sys-perf-analysis/data/data_compsys/final/trace/N1_tupi_none_short_r1_790477/790477.err,4994
trace,N1_tupi_none_short_r1_790477,,,790477.out,.out,trace/N1_tupi_none_short_r1_790477/790477.out,/home/rafael/programacao/comp-sys-perf-analysis/data/data_compsys/final/trace/N1_tupi_none_short_r1_790477/790477.out,581
trace,N2_poti_PP_long_r1_790071,poti1,,aiperf.log,.log,trace/N2_poti_PP_long_r1_790071/poti1/logs/aiperf.log,/home/rafael/programacao/comp-sys-perf-analysis/data/data_compsys/final/trace/N2_poti_PP_long_r1_790071/poti1/logs/aiperf.log,11513
trace,N2_poti_PP_long_r1_790071,poti1,,inputs.json,.json,trace/N2_poti_PP_long_r1_790071/poti1/inputs.json,/home/rafael/programacao/comp-sys-perf-analysis/data/data_compsys/final/trace/N2_poti_PP_long_r1_790071/poti1/inputs.json,93994
trace,N2_poti_PP_long_r1_790071,poti1,,iperf3_server_node1.json,.json,trace/N2_poti_PP_long_r1_790071/poti1/network/iperf3_server_node1.json,/home/rafael/programacao/comp-sys-perf-analysis/data/data_compsys/final/trace/N2_poti_PP_long_r1_790071/poti1/network/iperf3_server_node1.json,15746
trace,N2_poti_PP_long_r1_790071,poti1,,network_telemetry.csv,.csv,trace/N2_poti_PP_long_r1_790071/poti1/network_telemetry.csv,/home/rafael/programacao/comp-sys-perf-analysis/data/data_compsys/final/trace/N2_poti_PP_long_r1_790071/poti1/network_telemetry.csv,52338
trace,N2_poti_PP_long_r1_790071,poti1,,node.log,.log,trace/N2_poti_PP_long_r1_790071/poti1/node.log,/home/rafael/programacao/comp-sys-perf-analysis/data/data_compsys/final/trace/N2_poti_PP_long_r1_790071/poti1/node.log,187368
trace,N2_poti_PP_long_r1_790071,poti1,,profile_export.jsonl,.jsonl,trace/N2_poti_PP_long_r1_790071/poti1/profile_export.jsonl,/home/rafael/programacao/comp-sys-perf-analysis/data/data_compsys/final/trace/N2_poti_PP_long_r1_790071/poti1/profile_export.jsonl,104901
trace,N2_poti_PP_long_r1_790071,poti1,,profile_export_aiperf.csv,.csv,trace/N2_poti_PP_long_r1_790071/poti1/profile_export_aiperf.csv,/home/rafael/programacao/comp-sys-perf-analysis/data/data_compsys/final/trace/N2_poti_PP_long_r1_790071/poti1/profile_export_aiperf.csv,3490
trace,N2_poti_PP_long_r1_790071,poti1,,profile_export_aiperf.json,.json,trace/N2_poti_PP_long_r1_790071/poti1/profile_export_aiperf.json,/home/rafael/programacao/comp-sys-perf-analysis/data/data_compsys/final/trace/N2_poti_PP_long_r1_790071/poti1/profile_export_aiperf.json,11444
trace,N2_poti_PP_long_r1_790071,poti1,,ray_trace.nsys-rep,.nsys-rep,trace/N2_poti_PP_long_r1_790071/poti1/ray_trace.nsys-rep,/home/rafael/programacao/comp-sys-perf-analysis/data/data_compsys/final/trace/N2_poti_PP_long_r1_790071/poti1/ray_trace.nsys-rep,219952459
trace,N2_poti_PP_long_r1_790071,poti1,,server_metrics_export.csv,.csv,trace/N2_poti_PP_long_r1_790071/poti1/server_metrics_export.csv,/home/rafael/programacao/comp-sys-perf-analysis/data/data_compsys/final/trace/N2_poti_PP_long_r1_790071/poti1/server_metrics_export.csv,19499
trace,N2_poti_PP_long_r1_790071,poti1,,server_metrics_export.json,.json,trace/N2_poti_PP_long_r1_790071/poti1/server_metrics_export.json,/home/rafael/programacao/comp-sys-perf-analysis/data/data_compsys/final/trace/N2_poti_PP_long_r1_790071/poti1/server_metrics_export.json,51735
trace,N2_poti_PP_long_r1_790071,poti1,,telemetry.csv,.csv,trace/N2_poti_PP_long_r1_790071/poti1/telemetry.csv,/home/rafael/programacao/comp-sys-perf-analysis/data/data_compsys/final/trace/N2_poti_PP_long_r1_790071/poti1/telemetry.csv,292815
trace,N2_poti_PP_long_r1_790071,poti1,,vllm_server.log,.log,trace/N2_poti_PP_long_r1_790071/poti1/vllm_server.log,/home/rafael/programacao/comp-sys-perf-analysis/data/data_compsys/final/trace/N2_poti_PP_long_r1_790071/poti1/vllm_server.log,80822
trace,N2_poti_PP_long_r1_790071,poti2,,iperf3_client.json,.json,trace/N2_poti_PP_long_r1_790071/poti2/network/iperf3_client.json,/home/rafael/programacao/comp-sys-perf-analysis/data/data_compsys/final/trace/N2_poti_PP_long_r1_790071/poti2/network/iperf3_client.json,21575
trace,N2_poti_PP_long_r1_790071,poti2,,network_telemetry.csv,.csv,trace/N2_poti_PP_long_r1_790071/poti2/network_telemetry.csv,/home/rafael/programacao/comp-sys-perf-analysis/data/data_compsys/final/trace/N2_poti_PP_long_r1_790071/poti2/network_telemetry.csv,57218
trace,N2_poti_PP_long_r1_790071,poti2,,node.log,.log,trace/N2_poti_PP_long_r1_790071/poti2/node.log,/home/rafael/programacao/comp-sys-perf-analysis/data/data_compsys/final/trace/N2_poti_PP_long_r1_790071/poti2/node.log,166516
trace,N2_poti_PP_long_r1_790071,poti2,,ray_trace.nsys-rep,.nsys-rep,trace/N2_poti_PP_long_r1_790071/poti2/ray_trace.nsys-rep,/home/rafael/programacao/comp-sys-perf-analysis/data/data_compsys/final/trace/N2_poti_PP_long_r1_790071/poti2/ray_trace.nsys-rep,165784163
trace,N2_poti_PP_long_r1_790071,poti2,,telemetry.csv,.csv,trace/N2_poti_PP_long_r1_790071/poti2/telemetry.csv,/home/rafael/programacao/comp-sys-perf-analysis/data/data_compsys/final/trace/N2_poti_PP_long_r1_790071/poti2/telemetry.csv,318948
trace,N2_poti_PP_long_r1_790071,,,790071.err,.err,trace/N2_poti_PP_long_r1_790071/790071.err,/home/rafael/programacao/comp-sys-perf-analysis/data/data_compsys/final/trace/N2_poti_PP_long_r1_790071/790071.err,7177
trace,N2_poti_PP_long_r1_790071,,,790071.out,.out,trace/N2_poti_PP_long_r1_790071/790071.out,/home/rafael/programacao/comp-sys-perf-analysis/data/data_compsys/final/trace/N2_poti_PP_long_r1_790071/790071.out,762
trace,N2_poti_PP_short_r1_790074,poti3,,aiperf.log,.log,trace/N2_poti_PP_short_r1_790074/poti3/logs/aiperf.log,/home/rafael/programacao/comp-sys-perf-analysis/data/data_compsys/final/trace/N2_poti_PP_short_r1_790074/poti3/logs/aiperf.log,11516
trace,N2_poti_PP_short_r1_790074,poti3,,inputs.json,.json,trace/N2_poti_PP_short_r1_790074/poti3/inputs.json,/home/rafael/programacao/comp-sys-perf-analysis/data/data_compsys/final/trace/N2_poti_PP_short_r1_790074/poti3/inputs.json,94041
trace,N2_poti_PP_short_r1_790074,poti3,,iperf3_server_node1.json,.json,trace/N2_poti_PP_short_r1_790074/poti3/network/iperf3_server_node1.json,/home/rafael/programacao/comp-sys-perf-analysis/data/data_compsys/final/trace/N2_poti_PP_short_r1_790074/poti3/network/iperf3_server_node1.json,15586
trace,N2_poti_PP_short_r1_790074,poti3,,network_telemetry.csv,.csv,trace/N2_poti_PP_short_r1_790074/poti3/network_telemetry.csv,/home/rafael/programacao/comp-sys-perf-analysis/data/data_compsys/final/trace/N2_poti_PP_short_r1_790074/poti3/network_telemetry.csv,31476
trace,N2_poti_PP_short_r1_790074,poti3,,node.log,.log,trace/N2_poti_PP_short_r1_790074/poti3/node.log,/home/rafael/programacao/comp-sys-perf-analysis/data/data_compsys/final/trace/N2_poti_PP_short_r1_790074/poti3/node.log,45968
trace,N2_poti_PP_short_r1_790074,poti3,,profile_export.jsonl,.jsonl,trace/N2_poti_PP_short_r1_790074/poti3/profile_export.jsonl,/home/rafael/programacao/comp-sys-perf-analysis/data/data_compsys/final/trace/N2_poti_PP_short_r1_790074/poti3/profile_export.jsonl,105609
trace,N2_poti_PP_short_r1_790074,poti3,,profile_export_aiperf.csv,.csv,trace/N2_poti_PP_short_r1_790074/poti3/profile_export_aiperf.csv,/home/rafael/programacao/comp-sys-perf-analysis/data/data_compsys/final/trace/N2_poti_PP_short_r1_790074/poti3/profile_export_aiperf.csv,3484
trace,N2_poti_PP_short_r1_790074,poti3,,profile_export_aiperf.json,.json,trace/N2_poti_PP_short_r1_790074/poti3/profile_export_aiperf.json,/home/rafael/programacao/comp-sys-perf-analysis/data/data_compsys/final/trace/N2_poti_PP_short_r1_790074/poti3/profile_export_aiperf.json,11455
trace,N2_poti_PP_short_r1_790074,poti3,,ray_trace.nsys-rep,.nsys-rep,trace/N2_poti_PP_short_r1_790074/poti3/ray_trace.nsys-rep,/home/rafael/programacao/comp-sys-perf-analysis/data/data_compsys/final/trace/N2_poti_PP_short_r1_790074/poti3/ray_trace.nsys-rep,50327929
trace,N2_poti_PP_short_r1_790074,poti3,,server_metrics_export.csv,.csv,trace/N2_poti_PP_short_r1_790074/poti3/server_metrics_export.csv,/home/rafael/programacao/comp-sys-perf-analysis/data/data_compsys/final/trace/N2_poti_PP_short_r1_790074/poti3/server_metrics_export.csv,19499
trace,N2_poti_PP_short_r1_790074,poti3,,server_metrics_export.json,.json,trace/N2_poti_PP_short_r1_790074/poti3/server_metrics_export.json,/home/rafael/programacao/comp-sys-perf-analysis/data/data_compsys/final/trace/N2_poti_PP_short_r1_790074/poti3/server_metrics_export.json,51728
trace,N2_poti_PP_short_r1_790074,poti3,,telemetry.csv,.csv,trace/N2_poti_PP_short_r1_790074/poti3/telemetry.csv,/home/rafael/programacao/comp-sys-perf-analysis/data/data_compsys/final/trace/N2_poti_PP_short_r1_790074/poti3/telemetry.csv,179235
trace,N2_poti_PP_short_r1_790074,poti3,,vllm_server.log,.log,trace/N2_poti_PP_short_r1_790074/poti3/vllm_server.log,/home/rafael/programacao/comp-sys-perf-analysis/data/data_compsys/final/trace/N2_poti_PP_short_r1_790074/poti3/vllm_server.log,87398
trace,N2_poti_PP_short_r1_790074,poti5,,iperf3_client.json,.json,trace/N2_poti_PP_short_r1_790074/poti5/network/iperf3_client.json,/home/rafael/programacao/comp-sys-perf-analysis/data/data_compsys/final/trace/N2_poti_PP_short_r1_790074/poti5/network/iperf3_client.json,21565
trace,N2_poti_PP_short_r1_790074,poti5,,network_telemetry.csv,.csv,trace/N2_poti_PP_short_r1_790074/poti5/network_telemetry.csv,/home/rafael/programacao/comp-sys-perf-analysis/data/data_compsys/final/trace/N2_poti_PP_short_r1_790074/poti5/network_telemetry.csv,36722
trace,N2_poti_PP_short_r1_790074,poti5,,node.log,.log,trace/N2_poti_PP_short_r1_790074/poti5/node.log,/home/rafael/programacao/comp-sys-perf-analysis/data/data_compsys/final/trace/N2_poti_PP_short_r1_790074/poti5/node.log,22941
trace,N2_poti_PP_short_r1_790074,poti5,,ray_trace.nsys-rep,.nsys-rep,trace/N2_poti_PP_short_r1_790074/poti5/ray_trace.nsys-rep,/home/rafael/programacao/comp-sys-perf-analysis/data/data_compsys/final/trace/N2_poti_PP_short_r1_790074/poti5/ray_trace.nsys-rep,12414350
trace,N2_poti_PP_short_r1_790074,poti5,,telemetry.csv,.csv,trace/N2_poti_PP_short_r1_790074/poti5/telemetry.csv,/home/rafael/programacao/comp-sys-perf-analysis/data/data_compsys/final/trace/N2_poti_PP_short_r1_790074/poti5/telemetry.csv,208946
trace,N2_poti_PP_short_r1_790074,,,790074.err,.err,trace/N2_poti_PP_short_r1_790074/790074.err,/home/rafael/programacao/comp-sys-perf-analysis/data/data_compsys/final/trace/N2_poti_PP_short_r1_790074/790074.err,7205
trace,N2_poti_PP_short_r1_790074,,,790074.out,.out,trace/N2_poti_PP_short_r1_790074/790074.out,/home/rafael/programacao/comp-sys-perf-analysis/data/data_compsys/final/trace/N2_poti_PP_short_r1_790074/790074.out,767
trace,N2_poti_TP_long_r1_790072,poti3,,aiperf.log,.log,trace/N2_poti_TP_long_r1_790072/poti3/logs/aiperf.log,/home/rafael/programacao/comp-sys-perf-analysis/data/data_compsys/final/trace/N2_poti_TP_long_r1_790072/poti3/logs/aiperf.log,11513
trace,N2_poti_TP_long_r1_790072,poti3,,inputs.json,.json,trace/N2_poti_TP_long_r1_790072/poti3/inputs.json,/home/rafael/programacao/comp-sys-perf-analysis/data/data_compsys/final/trace/N2_poti_TP_long_r1_790072/poti3/inputs.json,94064
trace,N2_poti_TP_long_r1_790072,poti3,,iperf3_server_node1.json,.json,trace/N2_poti_TP_long_r1_790072/poti3/network/iperf3_server_node1.json,/home/rafael/programacao/comp-sys-perf-analysis/data/data_compsys/final/trace/N2_poti_TP_long_r1_790072/poti3/network/iperf3_server_node1.json,15581
trace,N2_poti_TP_long_r1_790072,poti3,,network_telemetry.csv,.csv,trace/N2_poti_TP_long_r1_790072/poti3/network_telemetry.csv,/home/rafael/programacao/comp-sys-perf-analysis/data/data_compsys/final/trace/N2_poti_TP_long_r1_790072/poti3/network_telemetry.csv,69906
trace,N2_poti_TP_long_r1_790072,poti3,,node.log,.log,trace/N2_poti_TP_long_r1_790072/poti3/node.log,/home/rafael/programacao/comp-sys-perf-analysis/data/data_compsys/final/trace/N2_poti_TP_long_r1_790072/poti3/node.log,198409
trace,N2_poti_TP_long_r1_790072,poti3,,profile_export.jsonl,.jsonl,trace/N2_poti_TP_long_r1_790072/poti3/profile_export.jsonl,/home/rafael/programacao/comp-sys-perf-analysis/data/data_compsys/final/trace/N2_poti_TP_long_r1_790072/poti3/profile_export.jsonl,110073
trace,N2_poti_TP_long_r1_790072,poti3,,profile_export_aiperf.csv,.csv,trace/N2_poti_TP_long_r1_790072/poti3/profile_export_aiperf.csv,/home/rafael/programacao/comp-sys-perf-analysis/data/data_compsys/final/trace/N2_poti_TP_long_r1_790072/poti3/profile_export_aiperf.csv,3512
trace,N2_poti_TP_long_r1_790072,poti3,,profile_export_aiperf.json,.json,trace/N2_poti_TP_long_r1_790072/poti3/profile_export_aiperf.json,/home/rafael/programacao/comp-sys-perf-analysis/data/data_compsys/final/trace/N2_poti_TP_long_r1_790072/poti3/profile_export_aiperf.json,11394
trace,N2_poti_TP_long_r1_790072,poti3,,ray_trace.nsys-rep,.nsys-rep,trace/N2_poti_TP_long_r1_790072/poti3/ray_trace.nsys-rep,/home/rafael/programacao/comp-sys-perf-analysis/data/data_compsys/final/trace/N2_poti_TP_long_r1_790072/poti3/ray_trace.nsys-rep,234620521
trace,N2_poti_TP_long_r1_790072,poti3,,server_metrics_export.csv,.csv,trace/N2_poti_TP_long_r1_790072/poti3/server_metrics_export.csv,/home/rafael/programacao/comp-sys-perf-analysis/data/data_compsys/final/trace/N2_poti_TP_long_r1_790072/poti3/server_metrics_export.csv,19496
trace,N2_poti_TP_long_r1_790072,poti3,,server_metrics_export.json,.json,trace/N2_poti_TP_long_r1_790072/poti3/server_metrics_export.json,/home/rafael/programacao/comp-sys-perf-analysis/data/data_compsys/final/trace/N2_poti_TP_long_r1_790072/poti3/server_metrics_export.json,51662
trace,N2_poti_TP_long_r1_790072,poti3,,telemetry.csv,.csv,trace/N2_poti_TP_long_r1_790072/poti3/telemetry.csv,/home/rafael/programacao/comp-sys-perf-analysis/data/data_compsys/final/trace/N2_poti_TP_long_r1_790072/poti3/telemetry.csv,391108
trace,N2_poti_TP_long_r1_790072,poti3,,vllm_server.log,.log,trace/N2_poti_TP_long_r1_790072/poti3/vllm_server.log,/home/rafael/programacao/comp-sys-perf-analysis/data/data_compsys/final/trace/N2_poti_TP_long_r1_790072/poti3/vllm_server.log,91468
trace,N2_poti_TP_long_r1_790072,poti5,,iperf3_client.json,.json,trace/N2_poti_TP_long_r1_790072/poti5/network/iperf3_client.json,/home/rafael/programacao/comp-sys-perf-analysis/data/data_compsys/final/trace/N2_poti_TP_long_r1_790072/poti5/network/iperf3_client.json,21573
trace,N2_poti_TP_long_r1_790072,poti5,,network_telemetry.csv,.csv,trace/N2_poti_TP_long_r1_790072/poti5/network_telemetry.csv,/home/rafael/programacao/comp-sys-perf-analysis/data/data_compsys/final/trace/N2_poti_TP_long_r1_790072/poti5/network_telemetry.csv,75396
trace,N2_poti_TP_long_r1_790072,poti5,,node.log,.log,trace/N2_poti_TP_long_r1_790072/poti5/node.log,/home/rafael/programacao/comp-sys-perf-analysis/data/data_compsys/final/trace/N2_poti_TP_long_r1_790072/poti5/node.log,165172
trace,N2_poti_TP_long_r1_790072,poti5,,ray_trace.nsys-rep,.nsys-rep,trace/N2_poti_TP_long_r1_790072/poti5/ray_trace.nsys-rep,/home/rafael/programacao/comp-sys-perf-analysis/data/data_compsys/final/trace/N2_poti_TP_long_r1_790072/poti5/ray_trace.nsys-rep,143532153
trace,N2_poti_TP_long_r1_790072,poti5,,telemetry.csv,.csv,trace/N2_poti_TP_long_r1_790072/poti5/telemetry.csv,/home/rafael/programacao/comp-sys-perf-analysis/data/data_compsys/final/trace/N2_poti_TP_long_r1_790072/poti5/telemetry.csv,415514
trace,N2_poti_TP_long_r1_790072,,,790072.err,.err,trace/N2_poti_TP_long_r1_790072/790072.err,/home/rafael/programacao/comp-sys-perf-analysis/data/data_compsys/final/trace/N2_poti_TP_long_r1_790072/790072.err,7177
trace,N2_poti_TP_long_r1_790072,,,790072.out,.out,trace/N2_poti_TP_long_r1_790072/790072.out,/home/rafael/programacao/comp-sys-perf-analysis/data/data_compsys/final/trace/N2_poti_TP_long_r1_790072/790072.out,762
trace,N2_poti_TP_short_r1_790073,poti1,,aiperf.log,.log,trace/N2_poti_TP_short_r1_790073/poti1/logs/aiperf.log,/home/rafael/programacao/comp-sys-perf-analysis/data/data_compsys/final/trace/N2_poti_TP_short_r1_790073/poti1/logs/aiperf.log,11516
trace,N2_poti_TP_short_r1_790073,poti1,,inputs.json,.json,trace/N2_poti_TP_short_r1_790073/poti1/inputs.json,/home/rafael/programacao/comp-sys-perf-analysis/data/data_compsys/final/trace/N2_poti_TP_short_r1_790073/poti1/inputs.json,94196
trace,N2_poti_TP_short_r1_790073,poti1,,iperf3_server_node1.json,.json,trace/N2_poti_TP_short_r1_790073/poti1/network/iperf3_server_node1.json,/home/rafael/programacao/comp-sys-perf-analysis/data/data_compsys/final/trace/N2_poti_TP_short_r1_790073/poti1/network/iperf3_server_node1.json,15726
trace,N2_poti_TP_short_r1_790073,poti1,,network_telemetry.csv,.csv,trace/N2_poti_TP_short_r1_790073/poti1/network_telemetry.csv,/home/rafael/programacao/comp-sys-perf-analysis/data/data_compsys/final/trace/N2_poti_TP_short_r1_790073/poti1/network_telemetry.csv,32574
trace,N2_poti_TP_short_r1_790073,poti1,,node.log,.log,trace/N2_poti_TP_short_r1_790073/poti1/node.log,/home/rafael/programacao/comp-sys-perf-analysis/data/data_compsys/final/trace/N2_poti_TP_short_r1_790073/poti1/node.log,39000
trace,N2_poti_TP_short_r1_790073,poti1,,profile_export.jsonl,.jsonl,trace/N2_poti_TP_short_r1_790073/poti1/profile_export.jsonl,/home/rafael/programacao/comp-sys-perf-analysis/data/data_compsys/final/trace/N2_poti_TP_short_r1_790073/poti1/profile_export.jsonl,110448
trace,N2_poti_TP_short_r1_790073,poti1,,profile_export_aiperf.csv,.csv,trace/N2_poti_TP_short_r1_790073/poti1/profile_export_aiperf.csv,/home/rafael/programacao/comp-sys-perf-analysis/data/data_compsys/final/trace/N2_poti_TP_short_r1_790073/poti1/profile_export_aiperf.csv,3519
trace,N2_poti_TP_short_r1_790073,poti1,,profile_export_aiperf.json,.json,trace/N2_poti_TP_short_r1_790073/poti1/profile_export_aiperf.json,/home/rafael/programacao/comp-sys-perf-analysis/data/data_compsys/final/trace/N2_poti_TP_short_r1_790073/poti1/profile_export_aiperf.json,11556
trace,N2_poti_TP_short_r1_790073,poti1,,ray_trace.nsys-rep,.nsys-rep,trace/N2_poti_TP_short_r1_790073/poti1/ray_trace.nsys-rep,/home/rafael/programacao/comp-sys-perf-analysis/data/data_compsys/final/trace/N2_poti_TP_short_r1_790073/poti1/ray_trace.nsys-rep,58461049
trace,N2_poti_TP_short_r1_790073,poti1,,server_metrics_export.csv,.csv,trace/N2_poti_TP_short_r1_790073/poti1/server_metrics_export.csv,/home/rafael/programacao/comp-sys-perf-analysis/data/data_compsys/final/trace/N2_poti_TP_short_r1_790073/poti1/server_metrics_export.csv,19496
trace,N2_poti_TP_short_r1_790073,poti1,,server_metrics_export.json,.json,trace/N2_poti_TP_short_r1_790073/poti1/server_metrics_export.json,/home/rafael/programacao/comp-sys-perf-analysis/data/data_compsys/final/trace/N2_poti_TP_short_r1_790073/poti1/server_metrics_export.json,51664
trace,N2_poti_TP_short_r1_790073,poti1,,telemetry.csv,.csv,trace/N2_poti_TP_short_r1_790073/poti1/telemetry.csv,/home/rafael/programacao/comp-sys-perf-analysis/data/data_compsys/final/trace/N2_poti_TP_short_r1_790073/poti1/telemetry.csv,188302
trace,N2_poti_TP_short_r1_790073,poti1,,vllm_server.log,.log,trace/N2_poti_TP_short_r1_790073/poti1/vllm_server.log,/home/rafael/programacao/comp-sys-perf-analysis/data/data_compsys/final/trace/N2_poti_TP_short_r1_790073/poti1/vllm_server.log,80789
trace,N2_poti_TP_short_r1_790073,poti2,,iperf3_client.json,.json,trace/N2_poti_TP_short_r1_790073/poti2/network/iperf3_client.json,/home/rafael/programacao/comp-sys-perf-analysis/data/data_compsys/final/trace/N2_poti_TP_short_r1_790073/poti2/network/iperf3_client.json,21545
trace,N2_poti_TP_short_r1_790073,poti2,,network_telemetry.csv,.csv,trace/N2_poti_TP_short_r1_790073/poti2/network_telemetry.csv,/home/rafael/programacao/comp-sys-perf-analysis/data/data_compsys/final/trace/N2_poti_TP_short_r1_790073/poti2/network_telemetry.csv,37454
trace,N2_poti_TP_short_r1_790073,poti2,,node.log,.log,trace/N2_poti_TP_short_r1_790073/poti2/node.log,/home/rafael/programacao/comp-sys-perf-analysis/data/data_compsys/final/trace/N2_poti_TP_short_r1_790073/poti2/node.log,16308
trace,N2_poti_TP_short_r1_790073,poti2,,ray_trace.nsys-rep,.nsys-rep,trace/N2_poti_TP_short_r1_790073/poti2/ray_trace.nsys-rep,/home/rafael/programacao/comp-sys-perf-analysis/data/data_compsys/final/trace/N2_poti_TP_short_r1_790073/poti2/ray_trace.nsys-rep,14145153
trace,N2_poti_TP_short_r1_790073,poti2,,telemetry.csv,.csv,trace/N2_poti_TP_short_r1_790073/poti2/telemetry.csv,/home/rafael/programacao/comp-sys-perf-analysis/data/data_compsys/final/trace/N2_poti_TP_short_r1_790073/poti2/telemetry.csv,213194
trace,N2_poti_TP_short_r1_790073,,,790073.err,.err,trace/N2_poti_TP_short_r1_790073/790073.err,/home/rafael/programacao/comp-sys-perf-analysis/data/data_compsys/final/trace/N2_poti_TP_short_r1_790073/790073.err,7205
trace,N2_poti_TP_short_r1_790073,,,790073.out,.out,trace/N2_poti_TP_short_r1_790073/790073.out,/home/rafael/programacao/comp-sys-perf-analysis/data/data_compsys/final/trace/N2_poti_TP_short_r1_790073/790073.out,767
trace,N2_tupi_PP_long_r1_796872,tupi3,,aiperf.log,.log,trace/N2_tupi_PP_long_r1_796872/tupi3/logs/aiperf.log,/home/rafael/programacao/comp-sys-perf-analysis/data/data_compsys/final/trace/N2_tupi_PP_long_r1_796872/tupi3/logs/aiperf.log,11514
trace,N2_tupi_PP_long_r1_796872,tupi3,,inputs.json,.json,trace/N2_tupi_PP_long_r1_796872/tupi3/inputs.json,/home/rafael/programacao/comp-sys-perf-analysis/data/data_compsys/final/trace/N2_tupi_PP_long_r1_796872/tupi3/inputs.json,482860
trace,N2_tupi_PP_long_r1_796872,tupi3,,iperf3_server_node1.json,.json,trace/N2_tupi_PP_long_r1_796872/tupi3/network/iperf3_server_node1.json,/home/rafael/programacao/comp-sys-perf-analysis/data/data_compsys/final/trace/N2_tupi_PP_long_r1_796872/tupi3/network/iperf3_server_node1.json,15694
trace,N2_tupi_PP_long_r1_796872,tupi3,,network_telemetry.csv,.csv,trace/N2_tupi_PP_long_r1_796872/tupi3/network_telemetry.csv,/home/rafael/programacao/comp-sys-perf-analysis/data/data_compsys/final/trace/N2_tupi_PP_long_r1_796872/tupi3/network_telemetry.csv,56120
trace,N2_tupi_PP_long_r1_796872,tupi3,,node.log,.log,trace/N2_tupi_PP_long_r1_796872/tupi3/node.log,/home/rafael/programacao/comp-sys-perf-analysis/data/data_compsys/final/trace/N2_tupi_PP_long_r1_796872/tupi3/node.log,41331
trace,N2_tupi_PP_long_r1_796872,tupi3,,profile_export.jsonl,.jsonl,trace/N2_tupi_PP_long_r1_796872/tupi3/profile_export.jsonl,/home/rafael/programacao/comp-sys-perf-analysis/data/data_compsys/final/trace/N2_tupi_PP_long_r1_796872/tupi3/profile_export.jsonl,245268
trace,N2_tupi_PP_long_r1_796872,tupi3,,profile_export_aiperf.csv,.csv,trace/N2_tupi_PP_long_r1_796872/tupi3/profile_export_aiperf.csv,/home/rafael/programacao/comp-sys-perf-analysis/data/data_compsys/final/trace/N2_tupi_PP_long_r1_796872/tupi3/profile_export_aiperf.csv,3607
trace,N2_tupi_PP_long_r1_796872,tupi3,,profile_export_aiperf.json,.json,trace/N2_tupi_PP_long_r1_796872/tupi3/profile_export_aiperf.json,/home/rafael/programacao/comp-sys-perf-analysis/data/data_compsys/final/trace/N2_tupi_PP_long_r1_796872/tupi3/profile_export_aiperf.json,11534
trace,N2_tupi_PP_long_r1_796872,tupi3,,ray_trace.nsys-rep,.nsys-rep,trace/N2_tupi_PP_long_r1_796872/tupi3/ray_trace.nsys-rep,/home/rafael/programacao/comp-sys-perf-analysis/data/data_compsys/final/trace/N2_tupi_PP_long_r1_796872/tupi3/ray_trace.nsys-rep,104823953
trace,N2_tupi_PP_long_r1_796872,tupi3,,server_metrics_export.csv,.csv,trace/N2_tupi_PP_long_r1_796872/tupi3/server_metrics_export.csv,/home/rafael/programacao/comp-sys-perf-analysis/data/data_compsys/final/trace/N2_tupi_PP_long_r1_796872/tupi3/server_metrics_export.csv,19587
trace,N2_tupi_PP_long_r1_796872,tupi3,,server_metrics_export.json,.json,trace/N2_tupi_PP_long_r1_796872/tupi3/server_metrics_export.json,/home/rafael/programacao/comp-sys-perf-analysis/data/data_compsys/final/trace/N2_tupi_PP_long_r1_796872/tupi3/server_metrics_export.json,51549
trace,N2_tupi_PP_long_r1_796872,tupi3,,telemetry.csv,.csv,trace/N2_tupi_PP_long_r1_796872/tupi3/telemetry.csv,/home/rafael/programacao/comp-sys-perf-analysis/data/data_compsys/final/trace/N2_tupi_PP_long_r1_796872/tupi3/telemetry.csv,329631
trace,N2_tupi_PP_long_r1_796872,tupi3,,vllm_server.log,.log,trace/N2_tupi_PP_long_r1_796872/tupi3/vllm_server.log,/home/rafael/programacao/comp-sys-perf-analysis/data/data_compsys/final/trace/N2_tupi_PP_long_r1_796872/tupi3/vllm_server.log,139407
trace,N2_tupi_PP_long_r1_796872,tupi4,,iperf3_client.json,.json,trace/N2_tupi_PP_long_r1_796872/tupi4/network/iperf3_client.json,/home/rafael/programacao/comp-sys-perf-analysis/data/data_compsys/final/trace/N2_tupi_PP_long_r1_796872/tupi4/network/iperf3_client.json,21534
trace,N2_tupi_PP_long_r1_796872,tupi4,,network_telemetry.csv,.csv,trace/N2_tupi_PP_long_r1_796872/tupi4/network_telemetry.csv,/home/rafael/programacao/comp-sys-perf-analysis/data/data_compsys/final/trace/N2_tupi_PP_long_r1_796872/tupi4/network_telemetry.csv,59780
trace,N2_tupi_PP_long_r1_796872,tupi4,,node.log,.log,trace/N2_tupi_PP_long_r1_796872/tupi4/node.log,/home/rafael/programacao/comp-sys-perf-analysis/data/data_compsys/final/trace/N2_tupi_PP_long_r1_796872/tupi4/node.log,16343
trace,N2_tupi_PP_long_r1_796872,tupi4,,ray_trace.nsys-rep,.nsys-rep,trace/N2_tupi_PP_long_r1_796872/tupi4/ray_trace.nsys-rep,/home/rafael/programacao/comp-sys-perf-analysis/data/data_compsys/final/trace/N2_tupi_PP_long_r1_796872/tupi4/ray_trace.nsys-rep,28172517
trace,N2_tupi_PP_long_r1_796872,tupi4,,telemetry.csv,.csv,trace/N2_tupi_PP_long_r1_796872/tupi4/telemetry.csv,/home/rafael/programacao/comp-sys-perf-analysis/data/data_compsys/final/trace/N2_tupi_PP_long_r1_796872/tupi4/telemetry.csv,349184
trace,N2_tupi_PP_short_r1_796872,tupi3,,aiperf.log,.log,trace/N2_tupi_PP_short_r1_796872/tupi3/logs/aiperf.log,/home/rafael/programacao/comp-sys-perf-analysis/data/data_compsys/final/trace/N2_tupi_PP_short_r1_796872/tupi3/logs/aiperf.log,11514
trace,N2_tupi_PP_short_r1_796872,tupi3,,inputs.json,.json,trace/N2_tupi_PP_short_r1_796872/tupi3/inputs.json,/home/rafael/programacao/comp-sys-perf-analysis/data/data_compsys/final/trace/N2_tupi_PP_short_r1_796872/tupi3/inputs.json,93440
trace,N2_tupi_PP_short_r1_796872,tupi3,,iperf3_server_node1.json,.json,trace/N2_tupi_PP_short_r1_796872/tupi3/network/iperf3_server_node1.json,/home/rafael/programacao/comp-sys-perf-analysis/data/data_compsys/final/trace/N2_tupi_PP_short_r1_796872/tupi3/network/iperf3_server_node1.json,15670
trace,N2_tupi_PP_short_r1_796872,tupi3,,network_telemetry.csv,.csv,trace/N2_tupi_PP_short_r1_796872/tupi3/network_telemetry.csv,/home/rafael/programacao/comp-sys-perf-analysis/data/data_compsys/final/trace/N2_tupi_PP_short_r1_796872/tupi3/network_telemetry.csv,26230
trace,N2_tupi_PP_short_r1_796872,tupi3,,node.log,.log,trace/N2_tupi_PP_short_r1_796872/tupi3/node.log,/home/rafael/programacao/comp-sys-perf-analysis/data/data_compsys/final/trace/N2_tupi_PP_short_r1_796872/tupi3/node.log,38671
trace,N2_tupi_PP_short_r1_796872,tupi3,,profile_export.jsonl,.jsonl,trace/N2_tupi_PP_short_r1_796872/tupi3/profile_export.jsonl,/home/rafael/programacao/comp-sys-perf-analysis/data/data_compsys/final/trace/N2_tupi_PP_short_r1_796872/tupi3/profile_export.jsonl,105909
trace,N2_tupi_PP_short_r1_796872,tupi3,,profile_export_aiperf.csv,.csv,trace/N2_tupi_PP_short_r1_796872/tupi3/profile_export_aiperf.csv,/home/rafael/programacao/comp-sys-perf-analysis/data/data_compsys/final/trace/N2_tupi_PP_short_r1_796872/tupi3/profile_export_aiperf.csv,3478
trace,N2_tupi_PP_short_r1_796872,tupi3,,profile_export_aiperf.json,.json,trace/N2_tupi_PP_short_r1_796872/tupi3/profile_export_aiperf.json,/home/rafael/programacao/comp-sys-perf-analysis/data/data_compsys/final/trace/N2_tupi_PP_short_r1_796872/tupi3/profile_export_aiperf.json,11472
trace,N2_tupi_PP_short_r1_796872,tupi3,,ray_trace.nsys-rep,.nsys-rep,trace/N2_tupi_PP_short_r1_796872/tupi3/ray_trace.nsys-rep,/home/rafael/programacao/comp-sys-perf-analysis/data/data_compsys/final/trace/N2_tupi_PP_short_r1_796872/tupi3/ray_trace.nsys-rep,46766538
trace,N2_tupi_PP_short_r1_796872,tupi3,,server_metrics_export.csv,.csv,trace/N2_tupi_PP_short_r1_796872/tupi3/server_metrics_export.csv,/home/rafael/programacao/comp-sys-perf-analysis/data/data_compsys/final/trace/N2_tupi_PP_short_r1_796872/tupi3/server_metrics_export.csv,19504
trace,N2_tupi_PP_short_r1_796872,tupi3,,server_metrics_export.json,.json,trace/N2_tupi_PP_short_r1_796872/tupi3/server_metrics_export.json,/home/rafael/programacao/comp-sys-perf-analysis/data/data_compsys/final/trace/N2_tupi_PP_short_r1_796872/tupi3/server_metrics_export.json,51772
trace,N2_tupi_PP_short_r1_796872,tupi3,,telemetry.csv,.csv,trace/N2_tupi_PP_short_r1_796872/tupi3/telemetry.csv,/home/rafael/programacao/comp-sys-perf-analysis/data/data_compsys/final/trace/N2_tupi_PP_short_r1_796872/tupi3/telemetry.csv,149880
trace,N2_tupi_PP_short_r1_796872,tupi3,,vllm_server.log,.log,trace/N2_tupi_PP_short_r1_796872/tupi3/vllm_server.log,/home/rafael/programacao/comp-sys-perf-analysis/data/data_compsys/final/trace/N2_tupi_PP_short_r1_796872/tupi3/vllm_server.log,71106
trace,N2_tupi_PP_short_r1_796872,tupi4,,iperf3_client.json,.json,trace/N2_tupi_PP_short_r1_796872/tupi4/network/iperf3_client.json,/home/rafael/programacao/comp-sys-perf-analysis/data/data_compsys/final/trace/N2_tupi_PP_short_r1_796872/tupi4/network/iperf3_client.json,21586
trace,N2_tupi_PP_short_r1_796872,tupi4,,network_telemetry.csv,.csv,trace/N2_tupi_PP_short_r1_796872/tupi4/network_telemetry.csv,/home/rafael/programacao/comp-sys-perf-analysis/data/data_compsys/final/trace/N2_tupi_PP_short_r1_796872/tupi4/network_telemetry.csv,30988
trace,N2_tupi_PP_short_r1_796872,tupi4,,node.log,.log,trace/N2_tupi_PP_short_r1_796872/tupi4/node.log,/home/rafael/programacao/comp-sys-perf-analysis/data/data_compsys/final/trace/N2_tupi_PP_short_r1_796872/tupi4/node.log,16290
trace,N2_tupi_PP_short_r1_796872,tupi4,,ray_trace.nsys-rep,.nsys-rep,trace/N2_tupi_PP_short_r1_796872/tupi4/ray_trace.nsys-rep,/home/rafael/programacao/comp-sys-perf-analysis/data/data_compsys/final/trace/N2_tupi_PP_short_r1_796872/tupi4/ray_trace.nsys-rep,13749267
trace,N2_tupi_PP_short_r1_796872,tupi4,,telemetry.csv,.csv,trace/N2_tupi_PP_short_r1_796872/tupi4/telemetry.csv,/home/rafael/programacao/comp-sys-perf-analysis/data/data_compsys/final/trace/N2_tupi_PP_short_r1_796872/tupi4/telemetry.csv,174528
trace,N2_tupi_TP_long_r1_796872,tupi3,,aiperf.log,.log,trace/N2_tupi_TP_long_r1_796872/tupi3/logs/aiperf.log,/home/rafael/programacao/comp-sys-perf-analysis/data/data_compsys/final/trace/N2_tupi_TP_long_r1_796872/tupi3/logs/aiperf.log,19085
trace,N2_tupi_TP_long_r1_796872,tupi3,,inputs.json,.json,trace/N2_tupi_TP_long_r1_796872/tupi3/inputs.json,/home/rafael/programacao/comp-sys-perf-analysis/data/data_compsys/final/trace/N2_tupi_TP_long_r1_796872/tupi3/inputs.json,481381
trace,N2_tupi_TP_long_r1_796872,tupi3,,iperf3_server_node1.json,.json,trace/N2_tupi_TP_long_r1_796872/tupi3/network/iperf3_server_node1.json,/home/rafael/programacao/comp-sys-perf-analysis/data/data_compsys/final/trace/N2_tupi_TP_long_r1_796872/tupi3/network/iperf3_server_node1.json,15521
trace,N2_tupi_TP_long_r1_796872,tupi3,,network_telemetry.csv,.csv,trace/N2_tupi_TP_long_r1_796872/tupi3/network_telemetry.csv,/home/rafael/programacao/comp-sys-perf-analysis/data/data_compsys/final/trace/N2_tupi_TP_long_r1_796872/tupi3/network_telemetry.csv,83570
trace,N2_tupi_TP_long_r1_796872,tupi3,,node.log,.log,trace/N2_tupi_TP_long_r1_796872/tupi3/node.log,/home/rafael/programacao/comp-sys-perf-analysis/data/data_compsys/final/trace/N2_tupi_TP_long_r1_796872/tupi3/node.log,51095
trace,N2_tupi_TP_long_r1_796872,tupi3,,profile_export.jsonl,.jsonl,trace/N2_tupi_TP_long_r1_796872/tupi3/profile_export.jsonl,/home/rafael/programacao/comp-sys-perf-analysis/data/data_compsys/final/trace/N2_tupi_TP_long_r1_796872/tupi3/profile_export.jsonl,93467
trace,N2_tupi_TP_long_r1_796872,tupi3,,profile_export_aiperf.csv,.csv,trace/N2_tupi_TP_long_r1_796872/tupi3/profile_export_aiperf.csv,/home/rafael/programacao/comp-sys-perf-analysis/data/data_compsys/final/trace/N2_tupi_TP_long_r1_796872/tupi3/profile_export_aiperf.csv,3860
trace,N2_tupi_TP_long_r1_796872,tupi3,,profile_export_aiperf.json,.json,trace/N2_tupi_TP_long_r1_796872/tupi3/profile_export_aiperf.json,/home/rafael/programacao/comp-sys-perf-analysis/data/data_compsys/final/trace/N2_tupi_TP_long_r1_796872/tupi3/profile_export_aiperf.json,13050
trace,N2_tupi_TP_long_r1_796872,tupi3,,ray_trace.nsys-rep,.nsys-rep,trace/N2_tupi_TP_long_r1_796872/tupi3/ray_trace.nsys-rep,/home/rafael/programacao/comp-sys-perf-analysis/data/data_compsys/final/trace/N2_tupi_TP_long_r1_796872/tupi3/ray_trace.nsys-rep,153882229
trace,N2_tupi_TP_long_r1_796872,tupi3,,server_metrics_export.csv,.csv,trace/N2_tupi_TP_long_r1_796872/tupi3/server_metrics_export.csv,/home/rafael/programacao/comp-sys-perf-analysis/data/data_compsys/final/trace/N2_tupi_TP_long_r1_796872/tupi3/server_metrics_export.csv,19544
trace,N2_tupi_TP_long_r1_796872,tupi3,,server_metrics_export.json,.json,trace/N2_tupi_TP_long_r1_796872/tupi3/server_metrics_export.json,/home/rafael/programacao/comp-sys-perf-analysis/data/data_compsys/final/trace/N2_tupi_TP_long_r1_796872/tupi3/server_metrics_export.json,51331
trace,N2_tupi_TP_long_r1_796872,tupi3,,telemetry.csv,.csv,trace/N2_tupi_TP_long_r1_796872/tupi3/telemetry.csv,/home/rafael/programacao/comp-sys-perf-analysis/data/data_compsys/final/trace/N2_tupi_TP_long_r1_796872/tupi3/telemetry.csv,478311
trace,N2_tupi_TP_long_r1_796872,tupi3,,vllm_server.log,.log,trace/N2_tupi_TP_long_r1_796872/tupi3/vllm_server.log,/home/rafael/programacao/comp-sys-perf-analysis/data/data_compsys/final/trace/N2_tupi_TP_long_r1_796872/tupi3/vllm_server.log,200724
trace,N2_tupi_TP_long_r1_796872,tupi4,,iperf3_client.json,.json,trace/N2_tupi_TP_long_r1_796872/tupi4/network/iperf3_client.json,/home/rafael/programacao/comp-sys-perf-analysis/data/data_compsys/final/trace/N2_tupi_TP_long_r1_796872/tupi4/network/iperf3_client.json,21449
trace,N2_tupi_TP_long_r1_796872,tupi4,,network_telemetry.csv,.csv,trace/N2_tupi_TP_long_r1_796872/tupi4/network_telemetry.csv,/home/rafael/programacao/comp-sys-perf-analysis/data/data_compsys/final/trace/N2_tupi_TP_long_r1_796872/tupi4/network_telemetry.csv,86864
trace,N2_tupi_TP_long_r1_796872,tupi4,,node.log,.log,trace/N2_tupi_TP_long_r1_796872/tupi4/node.log,/home/rafael/programacao/comp-sys-perf-analysis/data/data_compsys/final/trace/N2_tupi_TP_long_r1_796872/tupi4/node.log,17015
trace,N2_tupi_TP_long_r1_796872,tupi4,,ray_trace.nsys-rep,.nsys-rep,trace/N2_tupi_TP_long_r1_796872/tupi4/ray_trace.nsys-rep,/home/rafael/programacao/comp-sys-perf-analysis/data/data_compsys/final/trace/N2_tupi_TP_long_r1_796872/tupi4/ray_trace.nsys-rep,40752195
trace,N2_tupi_TP_long_r1_796872,tupi4,,telemetry.csv,.csv,trace/N2_tupi_TP_long_r1_796872/tupi4/telemetry.csv,/home/rafael/programacao/comp-sys-perf-analysis/data/data_compsys/final/trace/N2_tupi_TP_long_r1_796872/tupi4/telemetry.csv,495541
trace,N2_tupi_TP_short_r1_796872,tupi3,,aiperf.log,.log,trace/N2_tupi_TP_short_r1_796872/tupi3/logs/aiperf.log,/home/rafael/programacao/comp-sys-perf-analysis/data/data_compsys/final/trace/N2_tupi_TP_short_r1_796872/tupi3/logs/aiperf.log,11516
trace,N2_tupi_TP_short_r1_796872,tupi3,,inputs.json,.json,trace/N2_tupi_TP_short_r1_796872/tupi3/inputs.json,/home/rafael/programacao/comp-sys-perf-analysis/data/data_compsys/final/trace/N2_tupi_TP_short_r1_796872/tupi3/inputs.json,93727
trace,N2_tupi_TP_short_r1_796872,tupi3,,iperf3_server_node1.json,.json,trace/N2_tupi_TP_short_r1_796872/tupi3/network/iperf3_server_node1.json,/home/rafael/programacao/comp-sys-perf-analysis/data/data_compsys/final/trace/N2_tupi_TP_short_r1_796872/tupi3/network/iperf3_server_node1.json,15713
trace,N2_tupi_TP_short_r1_796872,tupi3,,network_telemetry.csv,.csv,trace/N2_tupi_TP_short_r1_796872/tupi3/network_telemetry.csv,/home/rafael/programacao/comp-sys-perf-analysis/data/data_compsys/final/trace/N2_tupi_TP_short_r1_796872/tupi3/network_telemetry.csv,73078
trace,N2_tupi_TP_short_r1_796872,tupi3,,node.log,.log,trace/N2_tupi_TP_short_r1_796872/tupi3/node.log,/home/rafael/programacao/comp-sys-perf-analysis/data/data_compsys/final/trace/N2_tupi_TP_short_r1_796872/tupi3/node.log,47713
trace,N2_tupi_TP_short_r1_796872,tupi3,,profile_export.jsonl,.jsonl,trace/N2_tupi_TP_short_r1_796872/tupi3/profile_export.jsonl,/home/rafael/programacao/comp-sys-perf-analysis/data/data_compsys/final/trace/N2_tupi_TP_short_r1_796872/tupi3/profile_export.jsonl,107014
trace,N2_tupi_TP_short_r1_796872,tupi3,,profile_export_aiperf.csv,.csv,trace/N2_tupi_TP_short_r1_796872/tupi3/profile_export_aiperf.csv,/home/rafael/programacao/comp-sys-perf-analysis/data/data_compsys/final/trace/N2_tupi_TP_short_r1_796872/tupi3/profile_export_aiperf.csv,3514
trace,N2_tupi_TP_short_r1_796872,tupi3,,profile_export_aiperf.json,.json,trace/N2_tupi_TP_short_r1_796872/tupi3/profile_export_aiperf.json,/home/rafael/programacao/comp-sys-perf-analysis/data/data_compsys/final/trace/N2_tupi_TP_short_r1_796872/tupi3/profile_export_aiperf.json,11546
trace,N2_tupi_TP_short_r1_796872,tupi3,,ray_trace.nsys-rep,.nsys-rep,trace/N2_tupi_TP_short_r1_796872/tupi3/ray_trace.nsys-rep,/home/rafael/programacao/comp-sys-perf-analysis/data/data_compsys/final/trace/N2_tupi_TP_short_r1_796872/tupi3/ray_trace.nsys-rep,181460837
trace,N2_tupi_TP_short_r1_796872,tupi3,,server_metrics_export.csv,.csv,trace/N2_tupi_TP_short_r1_796872/tupi3/server_metrics_export.csv,/home/rafael/programacao/comp-sys-perf-analysis/data/data_compsys/final/trace/N2_tupi_TP_short_r1_796872/tupi3/server_metrics_export.csv,19501
trace,N2_tupi_TP_short_r1_796872,tupi3,,server_metrics_export.json,.json,trace/N2_tupi_TP_short_r1_796872/tupi3/server_metrics_export.json,/home/rafael/programacao/comp-sys-perf-analysis/data/data_compsys/final/trace/N2_tupi_TP_short_r1_796872/tupi3/server_metrics_export.json,51695
trace,N2_tupi_TP_short_r1_796872,tupi3,,telemetry.csv,.csv,trace/N2_tupi_TP_short_r1_796872/tupi3/telemetry.csv,/home/rafael/programacao/comp-sys-perf-analysis/data/data_compsys/final/trace/N2_tupi_TP_short_r1_796872/tupi3/telemetry.csv,411912
trace,N2_tupi_TP_short_r1_796872,tupi3,,vllm_server.log,.log,trace/N2_tupi_TP_short_r1_796872/tupi3/vllm_server.log,/home/rafael/programacao/comp-sys-perf-analysis/data/data_compsys/final/trace/N2_tupi_TP_short_r1_796872/tupi3/vllm_server.log,91704
trace,N2_tupi_TP_short_r1_796872,tupi4,,iperf3_client.json,.json,trace/N2_tupi_TP_short_r1_796872/tupi4/network/iperf3_client.json,/home/rafael/programacao/comp-sys-perf-analysis/data/data_compsys/final/trace/N2_tupi_TP_short_r1_796872/tupi4/network/iperf3_client.json,21578
trace,N2_tupi_TP_short_r1_796872,tupi4,,network_telemetry.csv,.csv,trace/N2_tupi_TP_short_r1_796872/tupi4/network_telemetry.csv,/home/rafael/programacao/comp-sys-perf-analysis/data/data_compsys/final/trace/N2_tupi_TP_short_r1_796872/tupi4/network_telemetry.csv,76372
trace,N2_tupi_TP_short_r1_796872,tupi4,,node.log,.log,trace/N2_tupi_TP_short_r1_796872/tupi4/node.log,/home/rafael/programacao/comp-sys-perf-analysis/data/data_compsys/final/trace/N2_tupi_TP_short_r1_796872/tupi4/node.log,18811
trace,N2_tupi_TP_short_r1_796872,tupi4,,ray_trace.nsys-rep,.nsys-rep,trace/N2_tupi_TP_short_r1_796872/tupi4/ray_trace.nsys-rep,/home/rafael/programacao/comp-sys-perf-analysis/data/data_compsys/final/trace/N2_tupi_TP_short_r1_796872/tupi4/ray_trace.nsys-rep,82150901
trace,N2_tupi_TP_short_r1_796872,tupi4,,telemetry.csv,.csv,trace/N2_tupi_TP_short_r1_796872/tupi4/telemetry.csv,/home/rafael/programacao/comp-sys-perf-analysis/data/data_compsys/final/trace/N2_tupi_TP_short_r1_796872/tupi4/telemetry.csv,428526
trace,N4_poti_PP_long_r1_790467,poti1,,aiperf.log,.log,trace/N4_poti_PP_long_r1_790467/poti1/logs/aiperf.log,/home/rafael/programacao/comp-sys-perf-analysis/data/data_compsys/final/trace/N4_poti_PP_long_r1_790467/poti1/logs/aiperf.log,11513
trace,N4_poti_PP_long_r1_790467,poti1,,inputs.json,.json,trace/N4_poti_PP_long_r1_790467/poti1/inputs.json,/home/rafael/programacao/comp-sys-perf-analysis/data/data_compsys/final/trace/N4_poti_PP_long_r1_790467/poti1/inputs.json,94683
trace,N4_poti_PP_long_r1_790467,poti1,,iperf3_server_node1.json,.json,trace/N4_poti_PP_long_r1_790467/poti1/network/iperf3_server_node1.json,/home/rafael/programacao/comp-sys-perf-analysis/data/data_compsys/final/trace/N4_poti_PP_long_r1_790467/poti1/network/iperf3_server_node1.json,15699
trace,N4_poti_PP_long_r1_790467,poti1,,iperf3_server_node2.json,.json,trace/N4_poti_PP_long_r1_790467/poti1/network/iperf3_server_node2.json,/home/rafael/programacao/comp-sys-perf-analysis/data/data_compsys/final/trace/N4_poti_PP_long_r1_790467/poti1/network/iperf3_server_node2.json,15611
trace,N4_poti_PP_long_r1_790467,poti1,,iperf3_server_node3.json,.json,trace/N4_poti_PP_long_r1_790467/poti1/network/iperf3_server_node3.json,/home/rafael/programacao/comp-sys-perf-analysis/data/data_compsys/final/trace/N4_poti_PP_long_r1_790467/poti1/network/iperf3_server_node3.json,15604
trace,N4_poti_PP_long_r1_790467,poti1,,network_telemetry.csv,.csv,trace/N4_poti_PP_long_r1_790467/poti1/network_telemetry.csv,/home/rafael/programacao/comp-sys-perf-analysis/data/data_compsys/final/trace/N4_poti_PP_long_r1_790467/poti1/network_telemetry.csv,33550
trace,N4_poti_PP_long_r1_790467,poti1,,node.log,.log,trace/N4_poti_PP_long_r1_790467/poti1/node.log,/home/rafael/programacao/comp-sys-perf-analysis/data/data_compsys/final/trace/N4_poti_PP_long_r1_790467/poti1/node.log,45605
trace,N4_poti_PP_long_r1_790467,poti1,,profile_export.jsonl,.jsonl,trace/N4_poti_PP_long_r1_790467/poti1/profile_export.jsonl,/home/rafael/programacao/comp-sys-perf-analysis/data/data_compsys/final/trace/N4_poti_PP_long_r1_790467/poti1/profile_export.jsonl,105160
trace,N4_poti_PP_long_r1_790467,poti1,,profile_export_aiperf.csv,.csv,trace/N4_poti_PP_long_r1_790467/poti1/profile_export_aiperf.csv,/home/rafael/programacao/comp-sys-perf-analysis/data/data_compsys/final/trace/N4_poti_PP_long_r1_790467/poti1/profile_export_aiperf.csv,3522
trace,N4_poti_PP_long_r1_790467,poti1,,profile_export_aiperf.json,.json,trace/N4_poti_PP_long_r1_790467/poti1/profile_export_aiperf.json,/home/rafael/programacao/comp-sys-perf-analysis/data/data_compsys/final/trace/N4_poti_PP_long_r1_790467/poti1/profile_export_aiperf.json,11630
trace,N4_poti_PP_long_r1_790467,poti1,,ray_trace.nsys-rep,.nsys-rep,trace/N4_poti_PP_long_r1_790467/poti1/ray_trace.nsys-rep,/home/rafael/programacao/comp-sys-perf-analysis/data/data_compsys/final/trace/N4_poti_PP_long_r1_790467/poti1/ray_trace.nsys-rep,63951155
trace,N4_poti_PP_long_r1_790467,poti1,,server_metrics_export.csv,.csv,trace/N4_poti_PP_long_r1_790467/poti1/server_metrics_export.csv,/home/rafael/programacao/comp-sys-perf-analysis/data/data_compsys/final/trace/N4_poti_PP_long_r1_790467/poti1/server_metrics_export.csv,19498
trace,N4_poti_PP_long_r1_790467,poti1,,server_metrics_export.json,.json,trace/N4_poti_PP_long_r1_790467/poti1/server_metrics_export.json,/home/rafael/programacao/comp-sys-perf-analysis/data/data_compsys/final/trace/N4_poti_PP_long_r1_790467/poti1/server_metrics_export.json,51760
trace,N4_poti_PP_long_r1_790467,poti1,,telemetry.csv,.csv,trace/N4_poti_PP_long_r1_790467/poti1/telemetry.csv,/home/rafael/programacao/comp-sys-perf-analysis/data/data_compsys/final/trace/N4_poti_PP_long_r1_790467/poti1/telemetry.csv,190996
trace,N4_poti_PP_long_r1_790467,poti1,,vllm_server.log,.log,trace/N4_poti_PP_long_r1_790467/poti1/vllm_server.log,/home/rafael/programacao/comp-sys-perf-analysis/data/data_compsys/final/trace/N4_poti_PP_long_r1_790467/poti1/vllm_server.log,109737
trace,N4_poti_PP_long_r1_790467,poti2,,iperf3_client.json,.json,trace/N4_poti_PP_long_r1_790467/poti2/network/iperf3_client.json,/home/rafael/programacao/comp-sys-perf-analysis/data/data_compsys/final/trace/N4_poti_PP_long_r1_790467/poti2/network/iperf3_client.json,21558
trace,N4_poti_PP_long_r1_790467,poti2,,network_telemetry.csv,.csv,trace/N4_poti_PP_long_r1_790467/poti2/network_telemetry.csv,/home/rafael/programacao/comp-sys-perf-analysis/data/data_compsys/final/trace/N4_poti_PP_long_r1_790467/poti2/network_telemetry.csv,38430
trace,N4_poti_PP_long_r1_790467,poti2,,node.log,.log,trace/N4_poti_PP_long_r1_790467/poti2/node.log,/home/rafael/programacao/comp-sys-perf-analysis/data/data_compsys/final/trace/N4_poti_PP_long_r1_790467/poti2/node.log,23609
trace,N4_poti_PP_long_r1_790467,poti2,,ray_trace.nsys-rep,.nsys-rep,trace/N4_poti_PP_long_r1_790467/poti2/ray_trace.nsys-rep,/home/rafael/programacao/comp-sys-perf-analysis/data/data_compsys/final/trace/N4_poti_PP_long_r1_790467/poti2/ray_trace.nsys-rep,18526474
trace,N4_poti_PP_long_r1_790467,poti2,,telemetry.csv,.csv,trace/N4_poti_PP_long_r1_790467/poti2/telemetry.csv,/home/rafael/programacao/comp-sys-perf-analysis/data/data_compsys/final/trace/N4_poti_PP_long_r1_790467/poti2/telemetry.csv,215387
trace,N4_poti_PP_long_r1_790467,poti3,,iperf3_client.json,.json,trace/N4_poti_PP_long_r1_790467/poti3/network/iperf3_client.json,/home/rafael/programacao/comp-sys-perf-analysis/data/data_compsys/final/trace/N4_poti_PP_long_r1_790467/poti3/network/iperf3_client.json,21519
trace,N4_poti_PP_long_r1_790467,poti3,,network_telemetry.csv,.csv,trace/N4_poti_PP_long_r1_790467/poti3/network_telemetry.csv,/home/rafael/programacao/comp-sys-perf-analysis/data/data_compsys/final/trace/N4_poti_PP_long_r1_790467/poti3/network_telemetry.csv,38552
trace,N4_poti_PP_long_r1_790467,poti3,,node.log,.log,trace/N4_poti_PP_long_r1_790467/poti3/node.log,/home/rafael/programacao/comp-sys-perf-analysis/data/data_compsys/final/trace/N4_poti_PP_long_r1_790467/poti3/node.log,15802
trace,N4_poti_PP_long_r1_790467,poti3,,ray_trace.nsys-rep,.nsys-rep,trace/N4_poti_PP_long_r1_790467/poti3/ray_trace.nsys-rep,/home/rafael/programacao/comp-sys-perf-analysis/data/data_compsys/final/trace/N4_poti_PP_long_r1_790467/poti3/ray_trace.nsys-rep,18717809
trace,N4_poti_PP_long_r1_790467,poti3,,telemetry.csv,.csv,trace/N4_poti_PP_long_r1_790467/poti3/telemetry.csv,/home/rafael/programacao/comp-sys-perf-analysis/data/data_compsys/final/trace/N4_poti_PP_long_r1_790467/poti3/telemetry.csv,216930
trace,N4_poti_PP_long_r1_790467,poti4,,iperf3_client.json,.json,trace/N4_poti_PP_long_r1_790467/poti4/network/iperf3_client.json,/home/rafael/programacao/comp-sys-perf-analysis/data/data_compsys/final/trace/N4_poti_PP_long_r1_790467/poti4/network/iperf3_client.json,21575
trace,N4_poti_PP_long_r1_790467,poti4,,network_telemetry.csv,.csv,trace/N4_poti_PP_long_r1_790467/poti4/network_telemetry.csv,/home/rafael/programacao/comp-sys-perf-analysis/data/data_compsys/final/trace/N4_poti_PP_long_r1_790467/poti4/network_telemetry.csv,38308
trace,N4_poti_PP_long_r1_790467,poti4,,node.log,.log,trace/N4_poti_PP_long_r1_790467/poti4/node.log,/home/rafael/programacao/comp-sys-perf-analysis/data/data_compsys/final/trace/N4_poti_PP_long_r1_790467/poti4/node.log,23554
trace,N4_poti_PP_long_r1_790467,poti4,,ray_trace.nsys-rep,.nsys-rep,trace/N4_poti_PP_long_r1_790467/poti4/ray_trace.nsys-rep,/home/rafael/programacao/comp-sys-perf-analysis/data/data_compsys/final/trace/N4_poti_PP_long_r1_790467/poti4/ray_trace.nsys-rep,17177648
trace,N4_poti_PP_long_r1_790467,poti4,,telemetry.csv,.csv,trace/N4_poti_PP_long_r1_790467/poti4/telemetry.csv,/home/rafael/programacao/comp-sys-perf-analysis/data/data_compsys/final/trace/N4_poti_PP_long_r1_790467/poti4/telemetry.csv,217182
trace,N4_poti_PP_long_r1_790467,,,790467.err,.err,trace/N4_poti_PP_long_r1_790467/790467.err,/home/rafael/programacao/comp-sys-perf-analysis/data/data_compsys/final/trace/N4_poti_PP_long_r1_790467/790467.err,11621
trace,N4_poti_PP_long_r1_790467,,,790467.out,.out,trace/N4_poti_PP_long_r1_790467/790467.out,/home/rafael/programacao/comp-sys-perf-analysis/data/data_compsys/final/trace/N4_poti_PP_long_r1_790467/790467.out,1134
trace,N4_poti_PP_short_r1_796873,poti1,,aiperf.log,.log,trace/N4_poti_PP_short_r1_796873/poti1/logs/aiperf.log,/home/rafael/programacao/comp-sys-perf-analysis/data/data_compsys/final/trace/N4_poti_PP_short_r1_796873/poti1/logs/aiperf.log,11516
trace,N4_poti_PP_short_r1_796873,poti1,,inputs.json,.json,trace/N4_poti_PP_short_r1_796873/poti1/inputs.json,/home/rafael/programacao/comp-sys-perf-analysis/data/data_compsys/final/trace/N4_poti_PP_short_r1_796873/poti1/inputs.json,93960
trace,N4_poti_PP_short_r1_796873,poti1,,iperf3_server_node1.json,.json,trace/N4_poti_PP_short_r1_796873/poti1/network/iperf3_server_node1.json,/home/rafael/programacao/comp-sys-perf-analysis/data/data_compsys/final/trace/N4_poti_PP_short_r1_796873/poti1/network/iperf3_server_node1.json,15647
trace,N4_poti_PP_short_r1_796873,poti1,,iperf3_server_node2.json,.json,trace/N4_poti_PP_short_r1_796873/poti1/network/iperf3_server_node2.json,/home/rafael/programacao/comp-sys-perf-analysis/data/data_compsys/final/trace/N4_poti_PP_short_r1_796873/poti1/network/iperf3_server_node2.json,15610
trace,N4_poti_PP_short_r1_796873,poti1,,iperf3_server_node3.json,.json,trace/N4_poti_PP_short_r1_796873/poti1/network/iperf3_server_node3.json,/home/rafael/programacao/comp-sys-perf-analysis/data/data_compsys/final/trace/N4_poti_PP_short_r1_796873/poti1/network/iperf3_server_node3.json,15707
trace,N4_poti_PP_short_r1_796873,poti1,,network_telemetry.csv,.csv,trace/N4_poti_PP_short_r1_796873/poti1/network_telemetry.csv,/home/rafael/programacao/comp-sys-perf-analysis/data/data_compsys/final/trace/N4_poti_PP_short_r1_796873/poti1/network_telemetry.csv,81008
trace,N4_poti_PP_short_r1_796873,poti1,,node.log,.log,trace/N4_poti_PP_short_r1_796873/poti1/node.log,/home/rafael/programacao/comp-sys-perf-analysis/data/data_compsys/final/trace/N4_poti_PP_short_r1_796873/poti1/node.log,53466
trace,N4_poti_PP_short_r1_796873,poti1,,profile_export.jsonl,.jsonl,trace/N4_poti_PP_short_r1_796873/poti1/profile_export.jsonl,/home/rafael/programacao/comp-sys-perf-analysis/data/data_compsys/final/trace/N4_poti_PP_short_r1_796873/poti1/profile_export.jsonl,104477
trace,N4_poti_PP_short_r1_796873,poti1,,profile_export_aiperf.csv,.csv,trace/N4_poti_PP_short_r1_796873/poti1/profile_export_aiperf.csv,/home/rafael/programacao/comp-sys-perf-analysis/data/data_compsys/final/trace/N4_poti_PP_short_r1_796873/poti1/profile_export_aiperf.csv,3524
trace,N4_poti_PP_short_r1_796873,poti1,,profile_export_aiperf.json,.json,trace/N4_poti_PP_short_r1_796873/poti1/profile_export_aiperf.json,/home/rafael/programacao/comp-sys-perf-analysis/data/data_compsys/final/trace/N4_poti_PP_short_r1_796873/poti1/profile_export_aiperf.json,11437
trace,N4_poti_PP_short_r1_796873,poti1,,ray_trace.nsys-rep,.nsys-rep,trace/N4_poti_PP_short_r1_796873/poti1/ray_trace.nsys-rep,/home/rafael/programacao/comp-sys-perf-analysis/data/data_compsys/final/trace/N4_poti_PP_short_r1_796873/poti1/ray_trace.nsys-rep,276674438
trace,N4_poti_PP_short_r1_796873,poti1,,server_metrics_export.csv,.csv,trace/N4_poti_PP_short_r1_796873/poti1/server_metrics_export.csv,/home/rafael/programacao/comp-sys-perf-analysis/data/data_compsys/final/trace/N4_poti_PP_short_r1_796873/poti1/server_metrics_export.csv,19498
trace,N4_poti_PP_short_r1_796873,poti1,,server_metrics_export.json,.json,trace/N4_poti_PP_short_r1_796873/poti1/server_metrics_export.json,/home/rafael/programacao/comp-sys-perf-analysis/data/data_compsys/final/trace/N4_poti_PP_short_r1_796873/poti1/server_metrics_export.json,51755
trace,N4_poti_PP_short_r1_796873,poti1,,telemetry.csv,.csv,trace/N4_poti_PP_short_r1_796873/poti1/telemetry.csv,/home/rafael/programacao/comp-sys-perf-analysis/data/data_compsys/final/trace/N4_poti_PP_short_r1_796873/poti1/telemetry.csv,450055
trace,N4_poti_PP_short_r1_796873,poti1,,vllm_server.log,.log,trace/N4_poti_PP_short_r1_796873/poti1/vllm_server.log,/home/rafael/programacao/comp-sys-perf-analysis/data/data_compsys/final/trace/N4_poti_PP_short_r1_796873/poti1/vllm_server.log,111244
trace,N4_poti_PP_short_r1_796873,poti2,,iperf3_client.json,.json,trace/N4_poti_PP_short_r1_796873/poti2/network/iperf3_client.json,/home/rafael/programacao/comp-sys-perf-analysis/data/data_compsys/final/trace/N4_poti_PP_short_r1_796873/poti2/network/iperf3_client.json,21568
trace,N4_poti_PP_short_r1_796873,poti2,,network_telemetry.csv,.csv,trace/N4_poti_PP_short_r1_796873/poti2/network_telemetry.csv,/home/rafael/programacao/comp-sys-perf-analysis/data/data_compsys/final/trace/N4_poti_PP_short_r1_796873/poti2/network_telemetry.csv,85522
trace,N4_poti_PP_short_r1_796873,poti2,,node.log,.log,trace/N4_poti_PP_short_r1_796873/poti2/node.log,/home/rafael/programacao/comp-sys-perf-analysis/data/data_compsys/final/trace/N4_poti_PP_short_r1_796873/poti2/node.log,38666
trace,N4_poti_PP_short_r1_796873,poti2,,ray_trace.nsys-rep,.nsys-rep,trace/N4_poti_PP_short_r1_796873/poti2/ray_trace.nsys-rep,/home/rafael/programacao/comp-sys-perf-analysis/data/data_compsys/final/trace/N4_poti_PP_short_r1_796873/poti2/ray_trace.nsys-rep,187679673
trace,N4_poti_PP_short_r1_796873,poti2,,telemetry.csv,.csv,trace/N4_poti_PP_short_r1_796873/poti2/telemetry.csv,/home/rafael/programacao/comp-sys-perf-analysis/data/data_compsys/final/trace/N4_poti_PP_short_r1_796873/poti2/telemetry.csv,474832
trace,N4_poti_PP_short_r1_796873,poti3,,iperf3_client.json,.json,trace/N4_poti_PP_short_r1_796873/poti3/network/iperf3_client.json,/home/rafael/programacao/comp-sys-perf-analysis/data/data_compsys/final/trace/N4_poti_PP_short_r1_796873/poti3/network/iperf3_client.json,21525
trace,N4_poti_PP_short_r1_796873,poti3,,network_telemetry.csv,.csv,trace/N4_poti_PP_short_r1_796873/poti3/network_telemetry.csv,/home/rafael/programacao/comp-sys-perf-analysis/data/data_compsys/final/trace/N4_poti_PP_short_r1_796873/poti3/network_telemetry.csv,86620
trace,N4_poti_PP_short_r1_796873,poti3,,node.log,.log,trace/N4_poti_PP_short_r1_796873/poti3/node.log,/home/rafael/programacao/comp-sys-perf-analysis/data/data_compsys/final/trace/N4_poti_PP_short_r1_796873/poti3/node.log,38193
trace,N4_poti_PP_short_r1_796873,poti3,,ray_trace.nsys-rep,.nsys-rep,trace/N4_poti_PP_short_r1_796873/poti3/ray_trace.nsys-rep,/home/rafael/programacao/comp-sys-perf-analysis/data/data_compsys/final/trace/N4_poti_PP_short_r1_796873/poti3/ray_trace.nsys-rep,155315269
trace,N4_poti_PP_short_r1_796873,poti3,,telemetry.csv,.csv,trace/N4_poti_PP_short_r1_796873/poti3/telemetry.csv,/home/rafael/programacao/comp-sys-perf-analysis/data/data_compsys/final/trace/N4_poti_PP_short_r1_796873/poti3/telemetry.csv,480673
trace,N4_poti_PP_short_r1_796873,poti4,,iperf3_client.json,.json,trace/N4_poti_PP_short_r1_796873/poti4/network/iperf3_client.json,/home/rafael/programacao/comp-sys-perf-analysis/data/data_compsys/final/trace/N4_poti_PP_short_r1_796873/poti4/network/iperf3_client.json,21453
trace,N4_poti_PP_short_r1_796873,poti4,,network_telemetry.csv,.csv,trace/N4_poti_PP_short_r1_796873/poti4/network_telemetry.csv,/home/rafael/programacao/comp-sys-perf-analysis/data/data_compsys/final/trace/N4_poti_PP_short_r1_796873/poti4/network_telemetry.csv,86132
trace,N4_poti_PP_short_r1_796873,poti4,,node.log,.log,trace/N4_poti_PP_short_r1_796873/poti4/node.log,/home/rafael/programacao/comp-sys-perf-analysis/data/data_compsys/final/trace/N4_poti_PP_short_r1_796873/poti4/node.log,38443
trace,N4_poti_PP_short_r1_796873,poti4,,ray_trace.nsys-rep,.nsys-rep,trace/N4_poti_PP_short_r1_796873/poti4/ray_trace.nsys-rep,/home/rafael/programacao/comp-sys-perf-analysis/data/data_compsys/final/trace/N4_poti_PP_short_r1_796873/poti4/ray_trace.nsys-rep,150117406
trace,N4_poti_PP_short_r1_796873,poti4,,telemetry.csv,.csv,trace/N4_poti_PP_short_r1_796873/poti4/telemetry.csv,/home/rafael/programacao/comp-sys-perf-analysis/data/data_compsys/final/trace/N4_poti_PP_short_r1_796873/poti4/telemetry.csv,479311
trace,N4_poti_TP_long_r1_790077,poti1,,aiperf.log,.log,trace/N4_poti_TP_long_r1_790077/poti1/logs/aiperf.log,/home/rafael/programacao/comp-sys-perf-analysis/data/data_compsys/final/trace/N4_poti_TP_long_r1_790077/poti1/logs/aiperf.log,14137
trace,N4_poti_TP_long_r1_790077,poti1,,inputs.json,.json,trace/N4_poti_TP_long_r1_790077/poti1/inputs.json,/home/rafael/programacao/comp-sys-perf-analysis/data/data_compsys/final/trace/N4_poti_TP_long_r1_790077/poti1/inputs.json,94545
trace,N4_poti_TP_long_r1_790077,poti1,,iperf3_server_node1.json,.json,trace/N4_poti_TP_long_r1_790077/poti1/network/iperf3_server_node1.json,/home/rafael/programacao/comp-sys-perf-analysis/data/data_compsys/final/trace/N4_poti_TP_long_r1_790077/poti1/network/iperf3_server_node1.json,15517
trace,N4_poti_TP_long_r1_790077,poti1,,iperf3_server_node2.json,.json,trace/N4_poti_TP_long_r1_790077/poti1/network/iperf3_server_node2.json,/home/rafael/programacao/comp-sys-perf-analysis/data/data_compsys/final/trace/N4_poti_TP_long_r1_790077/poti1/network/iperf3_server_node2.json,15680
trace,N4_poti_TP_long_r1_790077,poti1,,iperf3_server_node3.json,.json,trace/N4_poti_TP_long_r1_790077/poti1/network/iperf3_server_node3.json,/home/rafael/programacao/comp-sys-perf-analysis/data/data_compsys/final/trace/N4_poti_TP_long_r1_790077/poti1/network/iperf3_server_node3.json,15621
trace,N4_poti_TP_long_r1_790077,poti1,,network_telemetry.csv,.csv,trace/N4_poti_TP_long_r1_790077/poti1/network_telemetry.csv,/home/rafael/programacao/comp-sys-perf-analysis/data/data_compsys/final/trace/N4_poti_TP_long_r1_790077/poti1/network_telemetry.csv,55632
trace,N4_poti_TP_long_r1_790077,poti1,,node.log,.log,trace/N4_poti_TP_long_r1_790077/poti1/node.log,/home/rafael/programacao/comp-sys-perf-analysis/data/data_compsys/final/trace/N4_poti_TP_long_r1_790077/poti1/node.log,56916
trace,N4_poti_TP_long_r1_790077,poti1,,profile_export.jsonl,.jsonl,trace/N4_poti_TP_long_r1_790077/poti1/profile_export.jsonl,/home/rafael/programacao/comp-sys-perf-analysis/data/data_compsys/final/trace/N4_poti_TP_long_r1_790077/poti1/profile_export.jsonl,27779
trace,N4_poti_TP_long_r1_790077,poti1,,profile_export_aiperf.csv,.csv,trace/N4_poti_TP_long_r1_790077/poti1/profile_export_aiperf.csv,/home/rafael/programacao/comp-sys-perf-analysis/data/data_compsys/final/trace/N4_poti_TP_long_r1_790077/poti1/profile_export_aiperf.csv,3695
trace,N4_poti_TP_long_r1_790077,poti1,,profile_export_aiperf.json,.json,trace/N4_poti_TP_long_r1_790077/poti1/profile_export_aiperf.json,/home/rafael/programacao/comp-sys-perf-analysis/data/data_compsys/final/trace/N4_poti_TP_long_r1_790077/poti1/profile_export_aiperf.json,12263
trace,N4_poti_TP_long_r1_790077,poti1,,ray_trace.nsys-rep,.nsys-rep,trace/N4_poti_TP_long_r1_790077/poti1/ray_trace.nsys-rep,/home/rafael/programacao/comp-sys-perf-analysis/data/data_compsys/final/trace/N4_poti_TP_long_r1_790077/poti1/ray_trace.nsys-rep,89440181
trace,N4_poti_TP_long_r1_790077,poti1,,server_metrics_export.csv,.csv,trace/N4_poti_TP_long_r1_790077/poti1/server_metrics_export.csv,/home/rafael/programacao/comp-sys-perf-analysis/data/data_compsys/final/trace/N4_poti_TP_long_r1_790077/poti1/server_metrics_export.csv,19452
trace,N4_poti_TP_long_r1_790077,poti1,,server_metrics_export.json,.json,trace/N4_poti_TP_long_r1_790077/poti1/server_metrics_export.json,/home/rafael/programacao/comp-sys-perf-analysis/data/data_compsys/final/trace/N4_poti_TP_long_r1_790077/poti1/server_metrics_export.json,52006
trace,N4_poti_TP_long_r1_790077,poti1,,telemetry.csv,.csv,trace/N4_poti_TP_long_r1_790077/poti1/telemetry.csv,/home/rafael/programacao/comp-sys-perf-analysis/data/data_compsys/final/trace/N4_poti_TP_long_r1_790077/poti1/telemetry.csv,324264
trace,N4_poti_TP_long_r1_790077,poti1,,vllm_server.log,.log,trace/N4_poti_TP_long_r1_790077/poti1/vllm_server.log,/home/rafael/programacao/comp-sys-perf-analysis/data/data_compsys/final/trace/N4_poti_TP_long_r1_790077/poti1/vllm_server.log,170168
trace,N4_poti_TP_long_r1_790077,poti2,,iperf3_client.json,.json,trace/N4_poti_TP_long_r1_790077/poti2/network/iperf3_client.json,/home/rafael/programacao/comp-sys-perf-analysis/data/data_compsys/final/trace/N4_poti_TP_long_r1_790077/poti2/network/iperf3_client.json,21571
trace,N4_poti_TP_long_r1_790077,poti2,,network_telemetry.csv,.csv,trace/N4_poti_TP_long_r1_790077/poti2/network_telemetry.csv,/home/rafael/programacao/comp-sys-perf-analysis/data/data_compsys/final/trace/N4_poti_TP_long_r1_790077/poti2/network_telemetry.csv,59902
trace,N4_poti_TP_long_r1_790077,poti2,,node.log,.log,trace/N4_poti_TP_long_r1_790077/poti2/node.log,/home/rafael/programacao/comp-sys-perf-analysis/data/data_compsys/final/trace/N4_poti_TP_long_r1_790077/poti2/node.log,16249
trace,N4_poti_TP_long_r1_790077,poti2,,ray_trace.nsys-rep,.nsys-rep,trace/N4_poti_TP_long_r1_790077/poti2/ray_trace.nsys-rep,/home/rafael/programacao/comp-sys-perf-analysis/data/data_compsys/final/trace/N4_poti_TP_long_r1_790077/poti2/ray_trace.nsys-rep,16670161
trace,N4_poti_TP_long_r1_790077,poti2,,telemetry.csv,.csv,trace/N4_poti_TP_long_r1_790077/poti2/telemetry.csv,/home/rafael/programacao/comp-sys-perf-analysis/data/data_compsys/final/trace/N4_poti_TP_long_r1_790077/poti2/telemetry.csv,328682
trace,N4_poti_TP_long_r1_790077,poti3,,iperf3_client.json,.json,trace/N4_poti_TP_long_r1_790077/poti3/network/iperf3_client.json,/home/rafael/programacao/comp-sys-perf-analysis/data/data_compsys/final/trace/N4_poti_TP_long_r1_790077/poti3/network/iperf3_client.json,21431
trace,N4_poti_TP_long_r1_790077,poti3,,network_telemetry.csv,.csv,trace/N4_poti_TP_long_r1_790077/poti3/network_telemetry.csv,/home/rafael/programacao/comp-sys-perf-analysis/data/data_compsys/final/trace/N4_poti_TP_long_r1_790077/poti3/network_telemetry.csv,60024
trace,N4_poti_TP_long_r1_790077,poti3,,node.log,.log,trace/N4_poti_TP_long_r1_790077/poti3/node.log,/home/rafael/programacao/comp-sys-perf-analysis/data/data_compsys/final/trace/N4_poti_TP_long_r1_790077/poti3/node.log,15917
trace,N4_poti_TP_long_r1_790077,poti3,,ray_trace.nsys-rep,.nsys-rep,trace/N4_poti_TP_long_r1_790077/poti3/ray_trace.nsys-rep,/home/rafael/programacao/comp-sys-perf-analysis/data/data_compsys/final/trace/N4_poti_TP_long_r1_790077/poti3/ray_trace.nsys-rep,16698834
trace,N4_poti_TP_long_r1_790077,poti3,,telemetry.csv,.csv,trace/N4_poti_TP_long_r1_790077/poti3/telemetry.csv,/home/rafael/programacao/comp-sys-perf-analysis/data/data_compsys/final/trace/N4_poti_TP_long_r1_790077/poti3/telemetry.csv,332665
trace,N4_poti_TP_long_r1_790077,poti5,,iperf3_client.json,.json,trace/N4_poti_TP_long_r1_790077/poti5/network/iperf3_client.json,/home/rafael/programacao/comp-sys-perf-analysis/data/data_compsys/final/trace/N4_poti_TP_long_r1_790077/poti5/network/iperf3_client.json,21560
trace,N4_poti_TP_long_r1_790077,poti5,,network_telemetry.csv,.csv,trace/N4_poti_TP_long_r1_790077/poti5/network_telemetry.csv,/home/rafael/programacao/comp-sys-perf-analysis/data/data_compsys/final/trace/N4_poti_TP_long_r1_790077/poti5/network_telemetry.csv,60512
trace,N4_poti_TP_long_r1_790077,poti5,,node.log,.log,trace/N4_poti_TP_long_r1_790077/poti5/node.log,/home/rafael/programacao/comp-sys-perf-analysis/data/data_compsys/final/trace/N4_poti_TP_long_r1_790077/poti5/node.log,16362
trace,N4_poti_TP_long_r1_790077,poti5,,ray_trace.nsys-rep,.nsys-rep,trace/N4_poti_TP_long_r1_790077/poti5/ray_trace.nsys-rep,/home/rafael/programacao/comp-sys-perf-analysis/data/data_compsys/final/trace/N4_poti_TP_long_r1_790077/poti5/ray_trace.nsys-rep,16965009
trace,N4_poti_TP_long_r1_790077,poti5,,telemetry.csv,.csv,trace/N4_poti_TP_long_r1_790077/poti5/telemetry.csv,/home/rafael/programacao/comp-sys-perf-analysis/data/data_compsys/final/trace/N4_poti_TP_long_r1_790077/poti5/telemetry.csv,349022
trace,N4_poti_TP_long_r1_790077,,,790077.err,.err,trace/N4_poti_TP_long_r1_790077/790077.err,/home/rafael/programacao/comp-sys-perf-analysis/data/data_compsys/final/trace/N4_poti_TP_long_r1_790077/790077.err,11625
trace,N4_poti_TP_long_r1_790077,,,790077.out,.out,trace/N4_poti_TP_long_r1_790077/790077.out,/home/rafael/programacao/comp-sys-perf-analysis/data/data_compsys/final/trace/N4_poti_TP_long_r1_790077/790077.out,1136
trace,N4_poti_TP_short_r1_790075,poti1,,aiperf.log,.log,trace/N4_poti_TP_short_r1_790075/poti1/logs/aiperf.log,/home/rafael/programacao/comp-sys-perf-analysis/data/data_compsys/final/trace/N4_poti_TP_short_r1_790075/poti1/logs/aiperf.log,14140
trace,N4_poti_TP_short_r1_790075,poti1,,inputs.json,.json,trace/N4_poti_TP_short_r1_790075/poti1/inputs.json,/home/rafael/programacao/comp-sys-perf-analysis/data/data_compsys/final/trace/N4_poti_TP_short_r1_790075/poti1/inputs.json,93963
trace,N4_poti_TP_short_r1_790075,poti1,,iperf3_server_node1.json,.json,trace/N4_poti_TP_short_r1_790075/poti1/network/iperf3_server_node1.json,/home/rafael/programacao/comp-sys-perf-analysis/data/data_compsys/final/trace/N4_poti_TP_short_r1_790075/poti1/network/iperf3_server_node1.json,15138
trace,N4_poti_TP_short_r1_790075,poti1,,iperf3_server_node2.json,.json,trace/N4_poti_TP_short_r1_790075/poti1/network/iperf3_server_node2.json,/home/rafael/programacao/comp-sys-perf-analysis/data/data_compsys/final/trace/N4_poti_TP_short_r1_790075/poti1/network/iperf3_server_node2.json,15718
trace,N4_poti_TP_short_r1_790075,poti1,,iperf3_server_node3.json,.json,trace/N4_poti_TP_short_r1_790075/poti1/network/iperf3_server_node3.json,/home/rafael/programacao/comp-sys-perf-analysis/data/data_compsys/final/trace/N4_poti_TP_short_r1_790075/poti1/network/iperf3_server_node3.json,15527
trace,N4_poti_TP_short_r1_790075,poti1,,network_telemetry.csv,.csv,trace/N4_poti_TP_short_r1_790075/poti1/network_telemetry.csv,/home/rafael/programacao/comp-sys-perf-analysis/data/data_compsys/final/trace/N4_poti_TP_short_r1_790075/poti1/network_telemetry.csv,56242
trace,N4_poti_TP_short_r1_790075,poti1,,node.log,.log,trace/N4_poti_TP_short_r1_790075/poti1/node.log,/home/rafael/programacao/comp-sys-perf-analysis/data/data_compsys/final/trace/N4_poti_TP_short_r1_790075/poti1/node.log,57307
trace,N4_poti_TP_short_r1_790075,poti1,,profile_export.jsonl,.jsonl,trace/N4_poti_TP_short_r1_790075/poti1/profile_export.jsonl,/home/rafael/programacao/comp-sys-perf-analysis/data/data_compsys/final/trace/N4_poti_TP_short_r1_790075/poti1/profile_export.jsonl,27936
trace,N4_poti_TP_short_r1_790075,poti1,,profile_export_aiperf.csv,.csv,trace/N4_poti_TP_short_r1_790075/poti1/profile_export_aiperf.csv,/home/rafael/programacao/comp-sys-perf-analysis/data/data_compsys/final/trace/N4_poti_TP_short_r1_790075/poti1/profile_export_aiperf.csv,3699
trace,N4_poti_TP_short_r1_790075,poti1,,profile_export_aiperf.json,.json,trace/N4_poti_TP_short_r1_790075/poti1/profile_export_aiperf.json,/home/rafael/programacao/comp-sys-perf-analysis/data/data_compsys/final/trace/N4_poti_TP_short_r1_790075/poti1/profile_export_aiperf.json,12191
trace,N4_poti_TP_short_r1_790075,poti1,,ray_trace.nsys-rep,.nsys-rep,trace/N4_poti_TP_short_r1_790075/poti1/ray_trace.nsys-rep,/home/rafael/programacao/comp-sys-perf-analysis/data/data_compsys/final/trace/N4_poti_TP_short_r1_790075/poti1/ray_trace.nsys-rep,90471934
trace,N4_poti_TP_short_r1_790075,poti1,,server_metrics_export.csv,.csv,trace/N4_poti_TP_short_r1_790075/poti1/server_metrics_export.csv,/home/rafael/programacao/comp-sys-perf-analysis/data/data_compsys/final/trace/N4_poti_TP_short_r1_790075/poti1/server_metrics_export.csv,19452
trace,N4_poti_TP_short_r1_790075,poti1,,server_metrics_export.json,.json,trace/N4_poti_TP_short_r1_790075/poti1/server_metrics_export.json,/home/rafael/programacao/comp-sys-perf-analysis/data/data_compsys/final/trace/N4_poti_TP_short_r1_790075/poti1/server_metrics_export.json,52082
trace,N4_poti_TP_short_r1_790075,poti1,,telemetry.csv,.csv,trace/N4_poti_TP_short_r1_790075/poti1/telemetry.csv,/home/rafael/programacao/comp-sys-perf-analysis/data/data_compsys/final/trace/N4_poti_TP_short_r1_790075/poti1/telemetry.csv,328225
trace,N4_poti_TP_short_r1_790075,poti1,,vllm_server.log,.log,trace/N4_poti_TP_short_r1_790075/poti1/vllm_server.log,/home/rafael/programacao/comp-sys-perf-analysis/data/data_compsys/final/trace/N4_poti_TP_short_r1_790075/poti1/vllm_server.log,175907
trace,N4_poti_TP_short_r1_790075,poti2,,iperf3_client.json,.json,trace/N4_poti_TP_short_r1_790075/poti2/network/iperf3_client.json,/home/rafael/programacao/comp-sys-perf-analysis/data/data_compsys/final/trace/N4_poti_TP_short_r1_790075/poti2/network/iperf3_client.json,21536
trace,N4_poti_TP_short_r1_790075,poti2,,network_telemetry.csv,.csv,trace/N4_poti_TP_short_r1_790075/poti2/network_telemetry.csv,/home/rafael/programacao/comp-sys-perf-analysis/data/data_compsys/final/trace/N4_poti_TP_short_r1_790075/poti2/network_telemetry.csv,61122
trace,N4_poti_TP_short_r1_790075,poti2,,node.log,.log,trace/N4_poti_TP_short_r1_790075/poti2/node.log,/home/rafael/programacao/comp-sys-perf-analysis/data/data_compsys/final/trace/N4_poti_TP_short_r1_790075/poti2/node.log,23836
trace,N4_poti_TP_short_r1_790075,poti2,,ray_trace.nsys-rep,.nsys-rep,trace/N4_poti_TP_short_r1_790075/poti2/ray_trace.nsys-rep,/home/rafael/programacao/comp-sys-perf-analysis/data/data_compsys/final/trace/N4_poti_TP_short_r1_790075/poti2/ray_trace.nsys-rep,17188089
trace,N4_poti_TP_short_r1_790075,poti2,,telemetry.csv,.csv,trace/N4_poti_TP_short_r1_790075/poti2/telemetry.csv,/home/rafael/programacao/comp-sys-perf-analysis/data/data_compsys/final/trace/N4_poti_TP_short_r1_790075/poti2/telemetry.csv,334972
trace,N4_poti_TP_short_r1_790075,poti3,,iperf3_client.json,.json,trace/N4_poti_TP_short_r1_790075/poti3/network/iperf3_client.json,/home/rafael/programacao/comp-sys-perf-analysis/data/data_compsys/final/trace/N4_poti_TP_short_r1_790075/poti3/network/iperf3_client.json,21554
trace,N4_poti_TP_short_r1_790075,poti3,,network_telemetry.csv,.csv,trace/N4_poti_TP_short_r1_790075/poti3/network_telemetry.csv,/home/rafael/programacao/comp-sys-perf-analysis/data/data_compsys/final/trace/N4_poti_TP_short_r1_790075/poti3/network_telemetry.csv,60756
trace,N4_poti_TP_short_r1_790075,poti3,,node.log,.log,trace/N4_poti_TP_short_r1_790075/poti3/node.log,/home/rafael/programacao/comp-sys-perf-analysis/data/data_compsys/final/trace/N4_poti_TP_short_r1_790075/poti3/node.log,23560
trace,N4_poti_TP_short_r1_790075,poti3,,ray_trace.nsys-rep,.nsys-rep,trace/N4_poti_TP_short_r1_790075/poti3/ray_trace.nsys-rep,/home/rafael/programacao/comp-sys-perf-analysis/data/data_compsys/final/trace/N4_poti_TP_short_r1_790075/poti3/ray_trace.nsys-rep,16920162
trace,N4_poti_TP_short_r1_790075,poti3,,telemetry.csv,.csv,trace/N4_poti_TP_short_r1_790075/poti3/telemetry.csv,/home/rafael/programacao/comp-sys-perf-analysis/data/data_compsys/final/trace/N4_poti_TP_short_r1_790075/poti3/telemetry.csv,337325
trace,N4_poti_TP_short_r1_790075,poti5,,iperf3_client.json,.json,trace/N4_poti_TP_short_r1_790075/poti5/network/iperf3_client.json,/home/rafael/programacao/comp-sys-perf-analysis/data/data_compsys/final/trace/N4_poti_TP_short_r1_790075/poti5/network/iperf3_client.json,21333
trace,N4_poti_TP_short_r1_790075,poti5,,network_telemetry.csv,.csv,trace/N4_poti_TP_short_r1_790075/poti5/network_telemetry.csv,/home/rafael/programacao/comp-sys-perf-analysis/data/data_compsys/final/trace/N4_poti_TP_short_r1_790075/poti5/network_telemetry.csv,61244
trace,N4_poti_TP_short_r1_790075,poti5,,node.log,.log,trace/N4_poti_TP_short_r1_790075/poti5/node.log,/home/rafael/programacao/comp-sys-perf-analysis/data/data_compsys/final/trace/N4_poti_TP_short_r1_790075/poti5/node.log,16253
trace,N4_poti_TP_short_r1_790075,poti5,,ray_trace.nsys-rep,.nsys-rep,trace/N4_poti_TP_short_r1_790075/poti5/ray_trace.nsys-rep,/home/rafael/programacao/comp-sys-perf-analysis/data/data_compsys/final/trace/N4_poti_TP_short_r1_790075/poti5/ray_trace.nsys-rep,17242200
trace,N4_poti_TP_short_r1_790075,poti5,,telemetry.csv,.csv,trace/N4_poti_TP_short_r1_790075/poti5/telemetry.csv,/home/rafael/programacao/comp-sys-perf-analysis/data/data_compsys/final/trace/N4_poti_TP_short_r1_790075/poti5/telemetry.csv,353620
trace,N4_poti_TP_short_r1_790075,,,790075.err,.err,trace/N4_poti_TP_short_r1_790075/790075.err,/home/rafael/programacao/comp-sys-perf-analysis/data/data_compsys/final/trace/N4_poti_TP_short_r1_790075/790075.err,11675
trace,N4_poti_TP_short_r1_790075,,,790075.out,.out,trace/N4_poti_TP_short_r1_790075/790075.out,/home/rafael/programacao/comp-sys-perf-analysis/data/data_compsys/final/trace/N4_poti_TP_short_r1_790075/790075.out,1145
