{
  "schema_version": "1.0",
  "aiperf_version": "0.7.0",
  "benchmark_id": "56444cbf-38e4-4bde-bde2-cad700247aa3",
  "request_throughput": {
    "unit": "requests/sec",
    "avg": 0.23245893043144103
  },
  "request_latency": {
    "unit": "ms",
    "avg": 4300.549346966666,
    "p1": 4290.54815988,
    "p5": 4291.63273435,
    "p10": 4292.0944352,
    "p25": 4293.222608,
    "p50": 4295.8480309999995,
    "p75": 4305.34881075,
    "p90": 4311.0786689999995,
    "p95": 4312.991926899999,
    "p99": 4343.70446422,
    "min": 4290.231401,
    "max": 4356.231763,
    "std": 12.317000506034447
  },
  "request_count": {
    "unit": "requests",
    "avg": 30.0
  },
  "time_to_first_token": {
    "unit": "ms",
    "avg": 546.8541207333333,
    "p1": 544.32427703,
    "p5": 544.4387833999999,
    "p10": 544.5465317000001,
    "p25": 544.6244385,
    "p50": 544.896855,
    "p75": 545.06194575,
    "p90": 545.1417017,
    "p95": 546.8674542,
    "p99": 586.37129341,
    "min": 544.2955069999999,
    "max": 601.9786789999999,
    "std": 10.256540222229997
  },
  "time_to_second_token": {
    "unit": "ms",
    "avg": 29.41876883333333,
    "p1": 27.4453258,
    "p5": 29.2287225,
    "p10": 29.294363699999998,
    "p25": 29.372729999999997,
    "p50": 29.4371685,
    "p75": 29.58063525,
    "p90": 29.741952199999997,
    "p95": 29.90245955,
    "p99": 30.113028739999997,
    "min": 26.731513999999997,
    "max": 30.173579,
    "std": 0.5389768402568014
  },
  "inter_token_latency": {
    "unit": "ms",
    "avg": 29.55665532467191,
    "p1": 29.480059373307085,
    "p5": 29.498921120078737,
    "p10": 29.50708588031496,
    "p25": 29.51476227559055,
    "p50": 29.534663870078738,
    "p75": 29.585190312992125,
    "p90": 29.636528014960632,
    "p95": 29.663085082677167,
    "p99": 29.670932896299213,
    "min": 29.473728858267716,
    "max": 29.671789818897636,
    "std": 0.05374830586320579
  },
  "output_token_throughput": {
    "unit": "tokens/sec",
    "avg": 29.754743095224452
  },
  "output_token_throughput_per_user": {
    "unit": "tokens/sec/user",
    "avg": 33.833439245261644,
    "p1": 33.70301855817053,
    "p5": 33.71193667609079,
    "p10": 33.74214576402404,
    "p25": 33.800695571052714,
    "p50": 33.858519755180566,
    "p75": 33.88135103188413,
    "p90": 33.89016476090955,
    "p95": 33.89954540415891,
    "p99": 33.92123808838714,
    "min": 33.70204514468186,
    "max": 33.92852003249289,
    "std": 0.06143868451217276
  },
  "output_sequence_length": {
    "unit": "tokens",
    "avg": 128.0,
    "p1": 128.0,
    "p5": 128.0,
    "p10": 128.0,
    "p25": 128.0,
    "p50": 128.0,
    "p75": 128.0,
    "p90": 128.0,
    "p95": 128.0,
    "p99": 128.0,
    "min": 128.0,
    "max": 128.0,
    "std": 0.0
  },
  "input_sequence_length": {
    "unit": "tokens",
    "avg": 128.0,
    "p1": 128.0,
    "p5": 128.0,
    "p10": 128.0,
    "p25": 128.0,
    "p50": 128.0,
    "p75": 128.0,
    "p90": 128.0,
    "p95": 128.0,
    "p99": 128.0,
    "min": 128.0,
    "max": 128.0,
    "std": 0.0
  },
  "output_token_count": {
    "unit": "tokens",
    "avg": 128.0,
    "p1": 128.0,
    "p5": 128.0,
    "p10": 128.0,
    "p25": 128.0,
    "p50": 128.0,
    "p75": 128.0,
    "p90": 128.0,
    "p95": 128.0,
    "p99": 128.0,
    "min": 128.0,
    "max": 128.0,
    "std": 0.0
  },
  "inter_chunk_latency": {
    "unit": "ms",
    "avg": 29.556655324671915,
    "p1": 29.25188755,
    "p5": 29.356890949999997,
    "p10": 29.3966236,
    "p25": 29.458525249999997,
    "p50": 29.5389715,
    "p75": 29.634269,
    "p90": 29.746649199999997,
    "p95": 29.827785149999997,
    "p99": 30.09539101,
    "min": 25.416608999999998,
    "max": 33.848863,
    "std": 0.2812139971843205
  },
  "total_output_tokens": {
    "unit": "tokens",
    "avg": 3840.0
  },
  "benchmark_duration": {
    "unit": "sec",
    "avg": 129.05505477600002
  },
  "total_isl": {
    "unit": "tokens",
    "avg": 3840.0
  },
  "total_osl": {
    "unit": "tokens",
    "avg": 3840.0
  },
  "telemetry_data": {
    "summary": {
      "endpoints_configured": [],
      "endpoints_successful": [],
      "start_time": "2026-05-04T22:49:35.399375",
      "end_time": "2026-05-04T22:51:46.459931"
    },
    "endpoints": {},
    "error_summary": []
  },
  "input_config": {
    "endpoint": {
      "model_names": [
        "Qwen/Qwen2.5-7B-Instruct"
      ],
      "type": "chat",
      "streaming": true,
      "urls": [
        "http://127.0.0.1:8000"
      ]
    },
    "input": {
      "extra": [
        [
          "ignore_eos",
          true
        ]
      ],
      "prompt": {
        "input_tokens": {
          "mean": 128
        },
        "output_tokens": {
          "mean": 128
        }
      }
    },
    "output": {
      "artifact_directory": "/scratch/matregnago/cmp223/results/N2_poti_TP_short_r1_780627/poti1"
    },
    "loadgen": {
      "concurrency": 1,
      "arrival_pattern": "concurrency_burst",
      "request_count": 30,
      "warmup_request_count": 3
    },
    "cli_command": "aiperf profile --model 'Qwen/Qwen2.5-7B-Instruct' --endpoint-type 'chat' --url 'http://127.0.0.1:8000' --streaming --request-count 30 --warmup-request-count 3 --prompt-input-tokens-mean 128 --prompt-output-tokens-mean 128 --extra-inputs 'ignore_eos:true' --output-artifact-dir '/scratch/matregnago/cmp223/results/N2_poti_TP_short_r1_780627/poti1'",
    "benchmark_id": "56444cbf-38e4-4bde-bde2-cad700247aa3"
  },
  "was_cancelled": false,
  "error_summary": [],
  "start_time": "2026-05-04T22:49:35.399375",
  "end_time": "2026-05-04T22:51:44.456435",
  "http_req_waiting": {
    "unit": "ms",
    "avg": 546.7144927,
    "p1": 544.19543458,
    "p5": 544.3111615,
    "p10": 544.4188327,
    "p25": 544.5016664999999,
    "p50": 544.7671,
    "p75": 544.91244475,
    "p90": 544.9660776,
    "p95": 546.74086215,
    "p99": 586.20248096,
    "min": 544.1672169999999,
    "max": 601.791337,
    "std": 10.247688533265475
  },
  "http_req_data_sent": {
    "unit": "KB",
    "avg": 0.6740234375,
    "p1": 0.602314453125,
    "p5": 0.613525390625,
    "p10": 0.6302734375,
    "p25": 0.64990234375,
    "p50": 0.67236328125,
    "p75": 0.693359375,
    "p90": 0.72255859375,
    "p95": 0.7326171875,
    "p99": 0.7572558593750001,
    "min": 0.5986328125,
    "max": 0.7666015625,
    "std": 0.03765903235744326
  },
  "http_req_blocked": {
    "unit": "ms",
    "avg": 0.0,
    "p1": 0.0,
    "p5": 0.0,
    "p10": 0.0,
    "p25": 0.0,
    "p50": 0.0,
    "p75": 0.0,
    "p90": 0.0,
    "p95": 0.0,
    "p99": 0.0,
    "min": 0.0,
    "max": 0.0,
    "std": 0.0
  },
  "http_req_chunks_received": {
    "unit": "count",
    "avg": 128.0,
    "p1": 128.0,
    "p5": 128.0,
    "p10": 128.0,
    "p25": 128.0,
    "p50": 128.0,
    "p75": 128.0,
    "p90": 128.0,
    "p95": 128.0,
    "p99": 128.0,
    "min": 128.0,
    "max": 128.0,
    "std": 0.0
  },
  "http_req_data_received": {
    "unit": "KB",
    "avg": 32.36240234375,
    "p1": 32.28033203125,
    "p5": 32.2935546875,
    "p10": 32.30751953125,
    "p25": 32.3369140625,
    "p50": 32.359375,
    "p75": 32.382568359375,
    "p90": 32.422265625,
    "p95": 32.43330078125,
    "p99": 32.44083984375,
    "min": 32.2763671875,
    "max": 32.44140625,
    "std": 0.04150972692027458
  },
  "http_req_chunks_sent": {
    "unit": "count",
    "avg": 1.0,
    "p1": 1.0,
    "p5": 1.0,
    "p10": 1.0,
    "p25": 1.0,
    "p50": 1.0,
    "p75": 1.0,
    "p90": 1.0,
    "p95": 1.0,
    "p99": 1.0,
    "min": 1.0,
    "max": 1.0,
    "std": 0.0
  },
  "http_req_dns_lookup": {
    "unit": "ms",
    "avg": 0.0,
    "p1": 0.0,
    "p5": 0.0,
    "p10": 0.0,
    "p25": 0.0,
    "p50": 0.0,
    "p75": 0.0,
    "p90": 0.0,
    "p95": 0.0,
    "p99": 0.0,
    "min": 0.0,
    "max": 0.0,
    "std": 0.0
  },
  "http_req_connecting": {
    "unit": "ms",
    "avg": 0.0,
    "p1": 0.0,
    "p5": 0.0,
    "p10": 0.0,
    "p25": 0.0,
    "p50": 0.0,
    "p75": 0.0,
    "p90": 0.0,
    "p95": 0.0,
    "p99": 0.0,