{
  "schema_version": "1.0",
  "aiperf_version": "0.7.0",
  "benchmark_id": "11880688-7e7c-4854-8440-3504fb34af75",
  "request_throughput": {
    "unit": "requests/sec",
    "avg": 0.20980656987564178
  },
  "request_latency": {
    "unit": "ms",
    "avg": 4764.476048666666,
    "p1": 4746.91845852,
    "p5": 4748.625013649999,
    "p10": 4751.4071595,
    "p25": 4754.59089425,
    "p50": 4760.81421,
    "p75": 4765.253833,
    "p90": 4791.9483193999995,
    "p95": 4797.386117,
    "p99": 4819.7146585,
    "min": 4746.862956,
    "max": 4827.565524,
    "std": 17.240032406690037
  },
  "request_count": {
    "unit": "requests",
    "avg": 30.0
  },
  "time_to_first_token": {
    "unit": "ms",
    "avg": 119.99822136666666,
    "p1": 117.50270778,
    "p5": 117.89738595,
    "p10": 117.9419834,
    "p25": 118.15273775,
    "p50": 118.50912249999999,
    "p75": 118.72692475,
    "p90": 128.17915109999998,
    "p95": 129.15669595,
    "p99": 129.49120862,
    "min": 117.35159399999999,
    "max": 129.565368,
    "std": 3.7408654477511973
  },
  "time_to_second_token": {
    "unit": "ms",
    "avg": 36.49970483333333,
    "p1": 36.21725807999999,
    "p5": 36.257087299999995,
    "p10": 36.3041128,
    "p25": 36.33532175,
    "p50": 36.4803615,
    "p75": 36.579241249999995,
    "p90": 36.8142274,
    "p95": 36.90644245,
    "p99": 36.960125219999995,
    "min": 36.211414,
    "max": 36.972328999999995,
    "std": 0.20111965082475705
  },
  "inter_token_latency": {
    "unit": "ms",
    "avg": 36.58035043839311,
    "p1": 36.44540909133858,
    "p5": 36.46024168937008,
    "p10": 36.48391203779527,
    "p25": 36.49772152952756,
    "p50": 36.546051622047244,
    "p75": 36.5755636496063,
    "p90": 36.801496443700785,
    "p95": 36.84174825433071,
    "p99": 37.019745942598426,
    "min": 36.4451959527559,
    "max": 37.08244188976378,
    "std": 0.13805595556845185
  },
  "output_token_throughput": {
    "unit": "tokens/sec",
    "avg": 26.84824739175296
  },
  "output_token_throughput_per_user": {
    "unit": "tokens/sec/user",
    "avg": 27.337467279845153,
    "p1": 27.012801250817976,
    "p5": 27.143134840292145,
    "p10": 27.172808318875227,
    "p25": 27.340658631691188,
    "p50": 27.362738456106175,
    "p75": 27.398970838874614,
    "p90": 27.40934146952265,
    "p95": 27.427140960768348,
    "p99": 27.438298129060847,
    "min": 26.966940391162304,
    "max": 27.43845859125864,
    "std": 0.10237420746773462
  },
  "output_sequence_length": {
    "unit": "tokens",
    "avg": 127.96666666666667,
    "p1": 127.29,
    "p5": 128.0,
    "p10": 128.0,
    "p25": 128.0,
    "p50": 128.0,
    "p75": 128.0,
    "p90": 128.0,
    "p95": 128.0,
    "p99": 128.0,
    "min": 127.0,
    "max": 128.0,
    "std": 0.17950549357115014
  },
  "input_sequence_length": {
    "unit": "tokens",
    "avg": 128.0,
    "p1": 128.0,
    "p5": 128.0,
    "p10": 128.0,
    "p25": 128.0,
    "p50": 128.0,
    "p75": 128.0,
    "p90": 128.0,
    "p95": 128.0,
    "p99": 128.0,
    "min": 128.0,
    "max": 128.0,
    "std": 0.0
  },
  "output_token_count": {
    "unit": "tokens",
    "avg": 127.96666666666667,
    "p1": 127.29,
    "p5": 128.0,
    "p10": 128.0,
    "p25": 128.0,
    "p50": 128.0,
    "p75": 128.0,
    "p90": 128.0,
    "p95": 128.0,
    "p99": 128.0,
    "min": 127.0,
    "max": 128.0,
    "std": 0.17950549357115014
  },
  "inter_chunk_latency": {
    "unit": "ms",
    "avg": 36.570691553543305,
    "p1": 36.23075701,
    "p5": 36.32709395,
    "p10": 36.367112899999995,
    "p25": 36.4221035,
    "p50": 36.494656,
    "p75": 36.5795945,
    "p90": 36.736344700000004,
    "p95": 37.028535299999994,
    "p99": 37.48326589,
    "min": 31.901778,
    "max": 80.690781,
    "std": 1.1586514692813752
  },
  "total_output_tokens": {
    "unit": "tokens",
    "avg": 3839.0
  },
  "benchmark_duration": {
    "unit": "sec",
    "avg": 142.98884929000002
  },
  "total_isl": {
    "unit": "tokens",
    "avg": 3840.0
  },
  "total_osl": {
    "unit": "tokens",
    "avg": 3839.0
  },
  "telemetry_data": {
    "summary": {
      "endpoints_configured": [],
      "endpoints_successful": [],
      "start_time": "2026-05-04T23:30:53.769510",
      "end_time": "2026-05-04T23:33:18.765170"
    },
    "endpoints": {},
    "error_summary": []
  },
  "input_config": {
    "endpoint": {
      "model_names": [
        "Qwen/Qwen2.5-7B-Instruct"
      ],
      "type": "chat",
      "streaming": true,
      "urls": [
        "http://127.0.0.1:8000"
      ]
    },
    "input": {
      "extra": [
        [
          "ignore_eos",
          true
        ]
      ],
      "prompt": {
        "input_tokens": {
          "mean": 128
        },
        "output_tokens": {
          "mean": 128
        }
      }
    },
    "output": {
      "artifact_directory": "/scratch/matregnago/cmp223/results/N4_poti_PP_short_r1_780634/poti1"
    },
    "loadgen": {
      "concurrency": 1,
      "arrival_pattern": "concurrency_burst",
      "request_count": 30,
      "warmup_request_count": 3
    },
    "cli_command": "aiperf profile --model 'Qwen/Qwen2.5-7B-Instruct' --endpoint-type 'chat' --url 'http://127.0.0.1:8000' --streaming --request-count 30 --warmup-request-count 3 --prompt-input-tokens-mean 128 --prompt-output-tokens-mean 128 --extra-inputs 'ignore_eos:true' --output-artifact-dir '/scratch/matregnago/cmp223/results/N4_poti_PP_short_r1_780634/poti1'",
    "benchmark_id": "11880688-7e7c-4854-8440-3504fb34af75"
  },
  "was_cancelled": false,
  "error_summary": [],
  "start_time": "2026-05-04T23:30:53.769510",
  "end_time": "2026-05-04T23:33:16.760452",
  "http_req_connection_reused": {
    "unit": "ratio",
    "avg": 1.0,
    "p1": 1.0,
    "p5": 1.0,
    "p10": 1.0,
    "p25": 1.0,
    "p50": 1.0,
    "p75": 1.0,
    "p90": 1.0,
    "p95": 1.0,
    "p99": 1.0,
    "min": 1.0,
    "max": 1.0,
    "std": 0.0
  },
  "http_req_duration": {
    "unit": "ms",
    "avg": 4764.424741899999,
    "p1": 4746.862442109999,
    "p5": 4748.57035325,
    "p10": 4751.3515048,
    "p25": 4754.54945475,
    "p50": 4760.7667955,
    "p75": 4765.21319375,
    "p90": 4791.894021,
    "p95": 4797.33165225,
    "p99": 4819.6616562399995,
    "min": 4746.80631,
    "max": 4827.512984,
    "std": 17.239535215923365
  },
  "http_req_waiting": {
    "unit": "ms",
    "avg": 119.824945,
    "p1": 117.32064632,
    "p5": 117.71592919999999,
    "p10": 117.75454359999999,
    "p25": 117.961339,
    "p50": 118.34277399999999,
    "p75": 118.59318599999999,
    "p90": 128.0489298,
    "p95": 128.97939815,
    "p99": 129.30103334999998,
    "min": 117.16897399999999,
    "max": 129.368686,
    "std": 3.7425094721997785
  },
  "http_req_blocked": {
    "unit": "ms",
    "avg": 0.0,
    "p1": 0.0,
    "p5": 0.0,
    "p10": 0.0,
    "p25": 0.0,
    "p50": 0.0,
    "p75": 0.0,
    "p90": 0.0,
    "p95": 0.0,
    "p99": 0.0,
    "min": 0.0,
    "max": 0.0,
    "std": 0.0
  },
  "http_req_data_received": {
    "unit": "KB",
    "avg": 32.3666015625,
    "p1": 32.305849609375,
    "p5": 32.31787109375,
    "p10": 32.32412109375,
    "p25": 32.3349609375,
    "p50": 32.35888671875,
    "p75": 32.400634765625,
    "p90": 32.418359375,
    "p95": 32.42724609375,
    "p99": 32.442734375,
    "min": 32.302734375,
    "max": 32.447265625,
    "std": 0.03787132374597085
  },
  "http_req_connecting": {
    "unit": "ms",
    "avg": 0.0,
    "p1": 0.0,
    "p5": 0.0,
    "p10": 0.0,
    "p25": 0.0,
    "p50": 0.0,
    "p75": 0.0,
    "p90": 0.0,
    "p95": 0.0,
    "p99": 0.0,
    "min": 0.0,
    "max": 0.0,
    "std": 0.0
  },
  "http_req_data_sent": {
    "unit": "KB",
    "avg": 0.67265625,
    "p1": 0.627802734375,
    "p5": 0.6298828125,
    "p10": 0.63603515625,
    "p25": 0.6533203125,
    "p50": 0.66455078125,
    "p75": 0.6904296875,
    "p90": 0.7240234375,
    "p95": 0.73076171875,
    "p99": 0.736865234375,
    "min": 0.626953125,
    "max": 0.73828125,
    "std": 0.03128395778687853
  },