{
  "schema_version": "1.0",
  "aiperf_version": "0.7.0",
  "benchmark_id": "7e1c3fca-e7e9-42c2-a413-2ed4b258c6d9",
  "request_throughput": {
    "unit": "requests/sec",
    "avg": 0.0694908666998159
  },
  "request_latency": {
    "unit": "ms",
    "avg": 14388.556105333333,
    "p1": 13559.908103419999,
    "p5": 13698.496253299998,
    "p10": 13814.846161200001,
    "p25": 14108.24100875,
    "p50": 14397.221651,
    "p75": 14679.119654999999,
    "p90": 14986.977699799998,
    "p95": 15110.16465925,
    "p99": 15222.76908512,
    "min": 13513.058546,
    "max": 15232.865514,
    "std": 439.04991368853035
  },
  "request_count": {
    "unit": "requests",
    "avg": 30.0
  },
  "time_to_first_token": {
    "unit": "ms",
    "avg": 5257.542793899999,
    "p1": 5093.319227939999,
    "p5": 5108.0691016499995,
    "p10": 5116.9132981,
    "p25": 5152.254816,
    "p50": 5216.6984864999995,
    "p75": 5302.195152249999,
    "p90": 5390.7561796,
    "p95": 5562.712119849999,
    "p99": 5747.57917038,
    "min": 5089.317348,
    "max": 5769.5120959999995,
    "std": 153.6318314420558
  },
  "time_to_second_token": {
    "unit": "ms",
    "avg": 65.72714873333334,
    "p1": 65.34079652999999,
    "p5": 65.4499783,
    "p10": 65.4732297,
    "p25": 65.54163175,
    "p50": 65.6960505,
    "p75": 65.841804,
    "p90": 66.0488919,
    "p95": 66.2504227,
    "p99": 66.2949362,
    "min": 65.297483,
    "max": 66.309384,
    "std": 0.24344002113278104
  },
  "inter_token_latency": {
    "unit": "ms",
    "avg": 71.89774260971127,
    "p1": 66.05814173354331,
    "p5": 66.60105850944882,
    "p10": 66.95249471574803,
    "p25": 69.92393639566929,
    "p50": 71.62763675984252,
    "p75": 74.40676724409448,
    "p90": 76.15733689291338,
    "p95": 76.9305120074803,
    "p99": 78.82818072795274,
    "min": 65.95280733070865,
    "max": 79.3765887559055,
    "std": 3.290573739973816
  },
  "output_token_throughput": {
    "unit": "tokens/sec",
    "avg": 8.894830937576435
  },
  "output_token_throughput_per_user": {
    "unit": "tokens/sec/user",
    "avg": 13.937748794961173,
    "p1": 12.687337288767992,
    "p5": 12.999571892053499,
    "p10": 13.13071350525359,
    "p25": 13.439649682659853,
    "p50": 13.961092411650107,
    "p75": 14.301260593368367,
    "p90": 14.935963244966326,
    "p95": 15.015112178198608,
    "p99": 15.138273414575515,
    "min": 12.59817303405598,
    "max": 15.162356849886269,
    "std": 0.6369438195454881
  },
  "output_sequence_length": {
    "unit": "tokens",
    "avg": 128.0,
    "p1": 128.0,
    "p5": 128.0,
    "p10": 128.0,
    "p25": 128.0,
    "p50": 128.0,
    "p75": 128.0,
    "p90": 128.0,
    "p95": 128.0,
    "p99": 128.0,
    "min": 128.0,
    "max": 128.0,
    "std": 0.0
  },
  "input_sequence_length": {
    "unit": "tokens",
    "avg": 128.0,
    "p1": 128.0,
    "p5": 128.0,
    "p10": 128.0,
    "p25": 128.0,
    "p50": 128.0,
    "p75": 128.0,
    "p90": 128.0,
    "p95": 128.0,
    "p99": 128.0,
    "min": 128.0,
    "max": 128.0,
    "std": 0.0
  },
  "output_token_count": {
    "unit": "tokens",
    "avg": 128.0,
    "p1": 128.0,
    "p5": 128.0,
    "p10": 128.0,
    "p25": 128.0,
    "p50": 128.0,
    "p75": 128.0,
    "p90": 128.0,
    "p95": 128.0,
    "p99": 128.0,
    "min": 128.0,
    "max": 128.0,
    "std": 0.0
  },
  "inter_chunk_latency": {
    "unit": "ms",
    "avg": 71.89774260971129,
    "p1": 64.81611246,
    "p5": 65.08532935,
    "p10": 65.1541828,
    "p25": 65.2771775,
    "p50": 65.426531,
    "p75": 65.606427,
    "p90": 65.92716329999999,
    "p95": 79.57343299999967,
    "p99": 271.85707642999995,
    "min": 60.824583,
    "max": 289.578401,
    "std": 31.849611158072783
  },
  "total_output_tokens": {
    "unit": "tokens",
    "avg": 3840.0
  },
  "benchmark_duration": {
    "unit": "sec",
    "avg": 431.71140935100004
  },
  "total_isl": {
    "unit": "tokens",
    "avg": 3840.0
  },
  "total_osl": {
    "unit": "tokens",
    "avg": 3840.0
  },
  "telemetry_data": {
    "summary": {
      "endpoints_configured": [],
      "endpoints_successful": [],
      "start_time": "2026-05-05T17:03:11.291255",
      "end_time": "2026-05-05T17:10:25.011910"
    },
    "endpoints": {},
    "error_summary": []
  },
  "input_config": {
    "endpoint": {
      "model_names": [
        "Qwen/Qwen2.5-7B-Instruct"
      ],
      "type": "chat",
      "streaming": true,
      "urls": [
        "http://127.0.0.1:8000"
      ]
    },
    "input": {
      "extra": [
        [
          "ignore_eos",
          true
        ]
      ],
      "prompt": {
        "input_tokens": {
          "mean": 128
        },
        "output_tokens": {
          "mean": 128
        }
      }
    },
    "output": {
      "artifact_directory": "/scratch/matregnago/cmp223/results/N2_tupi_TP_short_r1_781235/tupi3"
    },
    "loadgen": {
      "concurrency": 1,
      "arrival_pattern": "concurrency_burst",
      "request_count": 30,
      "warmup_request_count": 3
    },
    "cli_command": "aiperf profile --model 'Qwen/Qwen2.5-7B-Instruct' --endpoint-type 'chat' --url 'http://127.0.0.1:8000' --streaming --request-count 30 --warmup-request-count 3 --prompt-input-tokens-mean 128 --prompt-output-tokens-mean 128 --extra-inputs 'ignore_eos:true' --output-artifact-dir '/scratch/matregnago/cmp223/results/N2_tupi_TP_short_r1_781235/tupi3'",
    "benchmark_id": "7e1c3fca-e7e9-42c2-a413-2ed4b258c6d9"
  },
  "was_cancelled": false,
  "error_summary": [],
  "start_time": "2026-05-05T17:03:11.291255",
  "end_time": "2026-05-05T17:10:23.004483",
  "http_req_chunks_received": {
    "unit": "count",
    "avg": 128.0,
    "p1": 128.0,
    "p5": 128.0,
    "p10": 128.0,
    "p25": 128.0,
    "p50": 128.0,
    "p75": 128.0,
    "p90": 128.0,
    "p95": 128.0,
    "p99": 128.0,
    "min": 128.0,
    "max": 128.0,
    "std": 0.0
  },
  "http_req_connection_reused": {
    "unit": "ratio",
    "avg": 1.0,
    "p1": 1.0,
    "p5": 1.0,
    "p10": 1.0,
    "p25": 1.0,
    "p50": 1.0,
    "p75": 1.0,
    "p90": 1.0,
    "p95": 1.0,
    "p99": 1.0,
    "min": 1.0,
    "max": 1.0,
    "std": 0.0
  },
  "time_to_first_output_token": {
    "unit": "ms",
    "avg": 5257.542793899999,
    "p1": 5093.319227939999,
    "p5": 5108.0691016499995,
    "p10": 5116.9132981,
    "p25": 5152.254816,
    "p50": 5216.6984864999995,
    "p75": 5302.195152249999,
    "p90": 5390.7561796,
    "p95": 5562.712119849999,
    "p99": 5747.57917038,
    "min": 5089.317348,
    "max": 5769.5120959999995,
    "std": 153.6318314420558
  },
  "http_req_sending": {
    "unit": "ms",
    "avg": 0.11599116666666667,
    "p1": 0.07695105999999999,
    "p5": 0.07877245,
    "p10": 0.084051,
    "p25": 0.12085325,
    "p50": 0.12322799999999999,
    "p75": 0.12527725,
    "p90": 0.1266395,
    "p95": 0.12768939999999998,
    "p99": 0.12867981,
    "min": 0.07674399999999999,
    "max": 0.128741,
    "std": 0.016438467631510613
  },
  "http_req_dns_lookup": {
    "unit": "ms",
    "avg": 0.0,
    "p1": 0.0,
    "p5": 0.0,
    "p10": 0.0,
    "p25": 0.0,
    "p50": 0.0,
    "p75": 0.0,
    "p90": 0.0,
    "p95": 0.0,
    "p99": 0.0,
    "min": 0.0,
    "max": 0.0,
    "std": 0.0
  },
  "http_req_waiting": {
    "unit": "ms",
    "avg": 5257.368906833332,
    "p1": 5093.13664109,
    "p5": 5107.884356699999,
    "p10": 5116.7284142,
    "p25": 5152.0713165,
    "p50": 5216.512925999999,
    "p75": 5302.02735875,
    "p90": 5390.5753956,
    "p95": 5562.52237835,
    "p99": 5747.38912361,
    "min": 5089.135795,
    "max": 5769.322169,
    "std": 153.6292087019391
  },
  "http_req_receiving": {
    "unit": "ms",
    "avg": 9131.018643966667,
    "p1": 8389.39082336,
    "p5": 8458.34018825,
    "p10": 8502.9738815,
    "p25": 8880.344275,
    "p50": 9096.712964,
    "p75": 9449.66628125,
    "p90": 9671.9868611,
    "p95": 9770.179182449998,
    "p99": 10011.186115069999,
    "min": 8376.013418,
    "max": 10080.834289,
    "std": 417.90272381257915
  },
  "http_req_blocked": {
    "unit": "ms",