{
  "schema_version": "1.0",
  "aiperf_version": "0.7.0",
  "benchmark_id": "c7b705fa-560a-4e37-8eb5-51b6f928cb7c",
  "request_throughput": {
    "unit": "requests/sec",
    "avg": 0.05310231575546048
  },
  "request_latency": {
    "unit": "ms",
    "avg": 18828.286170966665,
    "p1": 18680.567967439998,
    "p5": 18686.21849725,
    "p10": 18694.2827071,
    "p25": 18714.110459,
    "p50": 18876.225261,
    "p75": 18896.865408999998,
    "p90": 18911.525732799997,
    "p95": 18918.6689577,
    "p99": 18925.02245999,
    "min": 18680.460309,
    "max": 18927.209253999998,
    "std": 90.5794207679482
  },
  "request_count": {
    "unit": "requests",
    "avg": 30.0
  },
  "time_to_first_token": {
    "unit": "ms",
    "avg": 3863.712938633333,
    "p1": 3862.8940359099997,
    "p5": 3863.2641998,
    "p10": 3863.2949062,
    "p25": 3863.4261297499997,
    "p50": 3863.5759745,
    "p75": 3863.691888,
    "p90": 3864.0098934999996,
    "p95": 3864.1152959,
    "p99": 3866.9565089499997,
    "min": 3862.74939,
    "max": 3868.1135639999998,
    "std": 0.8594954045965374
  },
  "time_to_second_token": {
    "unit": "ms",
    "avg": 29.367977466666662,
    "p1": 28.754689789999997,
    "p5": 28.82599745,
    "p10": 28.8863686,
    "p25": 29.041752499999998,
    "p50": 29.376125,
    "p75": 29.580422,
    "p90": 29.6809065,
    "p95": 29.791039849999997,
    "p99": 30.9054648,
    "min": 28.730401999999998,
    "max": 31.333702,
    "std": 0.4692459698732093
  },
  "inter_token_latency": {
    "unit": "ms",
    "avg": 29.518628377275547,
    "p1": 29.003480244187863,
    "p5": 29.021788157925634,
    "p10": 29.040885381996084,
    "p25": 29.37632591144814,
    "p50": 29.425559251341767,
    "p75": 29.72074392920792,
    "p90": 30.0689425042,
    "p95": 30.13952016635491,
    "p99": 30.27249915671865,
    "min": 28.99652763209393,
    "max": 30.3228051030303,
    "std": 0.3463657535347171
  },
  "output_token_throughput": {
    "unit": "tokens/sec",
    "avg": 26.975976403773924
  },
  "output_token_throughput_per_user": {
    "unit": "tokens/sec/user",
    "avg": 33.88154722983023,
    "p1": 33.033505824789486,
    "p5": 33.17903284910636,
    "p10": 33.256920187641654,
    "p25": 33.64653632969951,
    "p50": 33.9840609921239,
    "p75": 34.04101668740283,
    "p90": 34.4342132594321,
    "p95": 34.45687071238362,
    "p99": 34.47862574489781,
    "min": 32.97847928653755,
    "max": 34.48688797113693,
    "std": 0.39499910988893827
  },
  "output_sequence_length": {
    "unit": "tokens",
    "avg": 508.0,
    "p1": 497.16,
    "p5": 500.45,
    "p10": 501.0,
    "p25": 506.0,
    "p50": 510.0,
    "p75": 512.0,
    "p90": 512.0,
    "p95": 512.0,
    "p99": 512.0,
    "min": 496.0,
    "max": 512.0,
    "std": 4.604345773288535
  },
  "input_sequence_length": {
    "unit": "tokens",
    "avg": 1024.0,
    "p1": 1024.0,
    "p5": 1024.0,
    "p10": 1024.0,
    "p25": 1024.0,
    "p50": 1024.0,
    "p75": 1024.0,
    "p90": 1024.0,
    "p95": 1024.0,
    "p99": 1024.0,
    "min": 1024.0,
    "max": 1024.0,
    "std": 0.0
  },
  "output_token_count": {
    "unit": "tokens",
    "avg": 508.0,
    "p1": 497.16,
    "p5": 500.45,
    "p10": 501.0,
    "p25": 506.0,
    "p50": 510.0,
    "p75": 512.0,
    "p90": 512.0,
    "p95": 512.0,
    "p99": 512.0,
    "min": 496.0,
    "max": 512.0,
    "std": 4.604345773288535
  },
  "inter_chunk_latency": {
    "unit": "ms",
    "avg": 29.452023681033914,
    "p1": 28.767816999999997,
    "p5": 28.8931732,
    "p10": 28.9520156,
    "p25": 29.095978,
    "p50": 29.320833,
    "p75": 29.441031,
    "p90": 29.546266199999998,
    "p95": 29.6279523,
    "p99": 30.73190796,
    "min": 24.950585999999998,
    "max": 118.01841399999999,
    "std": 2.5936758567546567
  },
  "total_output_tokens": {
    "unit": "tokens",
    "avg": 15240.0
  },
  "benchmark_duration": {
    "unit": "sec",
    "avg": 564.947113383
  },
  "total_isl": {
    "unit": "tokens",
    "avg": 30720.0
  },
  "total_osl": {
    "unit": "tokens",
    "avg": 15240.0
  },
  "telemetry_data": {
    "summary": {
      "endpoints_configured": [],
      "endpoints_successful": [],
      "start_time": "2026-05-04T22:55:07.982189",
      "end_time": "2026-05-04T23:04:34.934908"
    },
    "endpoints": {},
    "error_summary": []
  },
  "input_config": {
    "endpoint": {
      "model_names": [
        "Qwen/Qwen2.5-7B-Instruct"
      ],
      "type": "chat",
      "streaming": true,
      "urls": [
        "http://127.0.0.1:8000"
      ]
    },
    "input": {
      "extra": [
        [
          "ignore_eos",
          true
        ]
      ],
      "prompt": {
        "input_tokens": {
          "mean": 1024
        },
        "output_tokens": {
          "mean": 512
        }
      }
    },
    "output": {
      "artifact_directory": "/scratch/matregnago/cmp223/results/N2_poti_TP_long_r1_780629/poti1"
    },
    "loadgen": {
      "concurrency": 1,
      "arrival_pattern": "concurrency_burst",
      "request_count": 30,
      "warmup_request_count": 3
    },
    "cli_command": "aiperf profile --model 'Qwen/Qwen2.5-7B-Instruct' --endpoint-type 'chat' --url 'http://127.0.0.1:8000' --streaming --request-count 30 --warmup-request-count 3 --prompt-input-tokens-mean 1024 --prompt-output-tokens-mean 512 --extra-inputs 'ignore_eos:true' --output-artifact-dir '/scratch/matregnago/cmp223/results/N2_poti_TP_long_r1_780629/poti1'",
    "benchmark_id": "c7b705fa-560a-4e37-8eb5-51b6f928cb7c"
  },
  "was_cancelled": false,
  "error_summary": [],
  "start_time": "2026-05-04T22:55:07.982189",
  "end_time": "2026-05-04T23:04:32.931704",
  "http_req_chunks_received": {
    "unit": "count",
    "avg": 512.0,
    "p1": 512.0,
    "p5": 512.0,
    "p10": 512.0,
    "p25": 512.0,
    "p50": 512.0,
    "p75": 512.0,
    "p90": 512.0,
    "p95": 512.0,
    "p99": 512.0,
    "min": 512.0,
    "max": 512.0,
    "std": 0.0
  },
  "http_req_data_sent": {
    "unit": "KB",
    "avg": 4.484505208333333,
    "p1": 4.087392578125,
    "p5": 4.210791015625,
    "p10": 4.29912109375,
    "p25": 4.389404296875,
    "p50": 4.5166015625,
    "p75": 4.609130859375,
    "p90": 4.67802734375,
    "p95": 4.70341796875,
    "p99": 4.76060546875,
    "min": 4.064453125,
    "max": 4.779296875,
    "std": 0.16366261668739662
  },
  "http_req_dns_lookup": {
    "unit": "ms",
    "avg": 0.0,
    "p1": 0.0,
    "p5": 0.0,
    "p10": 0.0,
    "p25": 0.0,
    "p50": 0.0,
    "p75": 0.0,
    "p90": 0.0,
    "p95": 0.0,
    "p99": 0.0,
    "min": 0.0,
    "max": 0.0,
    "std": 0.0
  },
  "http_req_receiving": {
    "unit": "ms",
    "avg": 14964.5806356,
    "p1": 14816.79192844,
    "p5": 14822.744187999999,
    "p10": 14830.798099399999,
    "p25": 14850.47029075,
    "p50": 15011.7595645,
    "p75": 15033.34628075,
    "p90": 15047.8798832,
    "p95": 15055.363414299998,
    "p99": 15061.62965712,
    "min": 14816.612959,
    "max": 15063.767993,
    "std": 90.53863738814285
  },
  "http_req_sending": {
    "unit": "ms",
    "avg": 0.09294396666666666,
    "p1": 0.07686082000000001,
    "p5": 0.0793314,
    "p10": 0.07979969999999999,
    "p25": 0.08098024999999999,
    "p50": 0.082721,
    "p75": 0.08662199999999999,
    "p90": 0.12728040000000002,
    "p95": 0.1306984,
    "p99": 0.13268619,
    "min": 0.075887,
    "max": 0.133118,
    "std": 0.019800494434034272
  },
  "http_req_connecting": {
    "unit": "ms",
    "avg": 0.0,
    "p1": 0.0,
    "p5": 0.0,
    "p10": 0.0,
    "p25": 0.0,
    "p50": 0.0,
    "p75": 0.0,
    "p90": 0.0,
    "p95": 0.0,
    "p99": 0.0,
    "min": 0.0,
    "max": 0.0,
    "std": 0.0
  },
  "http_req_chunks_sent": {
    "unit": "count",
    "avg": 1.0,
    "p1": 1.0,
    "p5": 1.0,
    "p10": 1.0,
    "p25": 1.0,
    "p50": 1.0,
    "p75": 1.0,
    "p90": 1.0,
    "p95": 1.0,
    "p99": 1.0,
    "min": 1.0,
    "max": 1.0,
    "std": 0.0
  },
  "http_req_blocked": {
    "unit": "ms",
    "avg": 0.0,
    "p1": 0.0,
    "p5": 0.0,
    "p10": 0.0,
    "p25": 0.0,