{
  "schema_version": "1.0",
  "aiperf_version": "0.7.0",
  "benchmark_id": "c3b84787-731e-4626-ae98-cecfde489865",
  "request_throughput": {
    "unit": "requests/sec",
    "avg": 0.22385952668135434
  },
  "request_latency": {
    "unit": "ms",
    "avg": 4465.753990833333,
    "p1": 4455.5164609799995,
    "p5": 4458.47073525,
    "p10": 4460.1790671,
    "p25": 4461.44441525,
    "p50": 4464.4850455,
    "p75": 4466.64266025,
    "p90": 4468.736419899999,
    "p95": 4472.20658135,
    "p99": 4499.62839322,
    "min": 4454.805101999999,
    "max": 4510.016565,
    "std": 9.07023613677813
  },
  "request_count": {
    "unit": "requests",
    "avg": 30.0
  },
  "time_to_first_token": {
    "unit": "ms",
    "avg": 78.53379456666666,
    "p1": 77.68559742,
    "p5": 77.80545465,
    "p10": 77.9688417,
    "p25": 78.13119499999999,
    "p50": 78.5177215,
    "p75": 78.7556425,
    "p90": 79.07359079999999,
    "p95": 79.34410195,
    "p99": 80.87054034,
    "min": 77.659701,
    "max": 81.421121,
    "std": 0.6879664508004579
  },
  "time_to_second_token": {
    "unit": "ms",
    "avg": 34.539725133333334,
    "p1": 34.18706735,
    "p5": 34.2628546,
    "p10": 34.2828827,
    "p25": 34.407418,
    "p50": 34.447945,
    "p75": 34.6194275,
    "p90": 34.7261764,
    "p95": 34.8870839,
    "p99": 35.70185675,
    "min": 34.162326,
    "max": 35.998765999999996,
    "std": 0.31846335141590293
  },
  "inter_token_latency": {
    "unit": "ms",
    "avg": 34.545040915485565,
    "p1": 34.47044916527559,
    "p5": 34.491207433858264,
    "p10": 34.5061203527559,
    "p25": 34.51067747834646,
    "p50": 34.53622379527559,
    "p75": 34.55551396062992,
    "p90": 34.566677568503934,
    "p95": 34.59575967716535,
    "p99": 34.806738598346456,
    "min": 34.46571181889763,
    "max": 34.88577951181102,
    "std": 0.06972368360328834
  },
  "output_token_throughput": {
    "unit": "tokens/sec",
    "avg": 28.654019415213355
  },
  "output_token_throughput_per_user": {
    "unit": "tokens/sec/user",
    "avg": 28.947832053308538,
    "p1": 28.73043287793673,
    "p5": 28.90528552786462,
    "p10": 28.929595665718676,
    "p25": 28.9389416714073,
    "p50": 28.955105401150433,
    "p75": 28.976539252878737,
    "p90": 28.980366122494274,
    "p95": 28.99289878774979,
    "p99": 29.010357290040243,
    "min": 28.66497506989738,
    "max": 29.014343451096153,
    "std": 0.05798210590628905
  },
  "output_sequence_length": {
    "unit": "tokens",
    "avg": 128.0,
    "p1": 128.0,
    "p5": 128.0,
    "p10": 128.0,
    "p25": 128.0,
    "p50": 128.0,
    "p75": 128.0,
    "p90": 128.0,
    "p95": 128.0,
    "p99": 128.0,
    "min": 128.0,
    "max": 128.0,
    "std": 0.0
  },
  "input_sequence_length": {
    "unit": "tokens",
    "avg": 128.0,
    "p1": 128.0,
    "p5": 128.0,
    "p10": 128.0,
    "p25": 128.0,
    "p50": 128.0,
    "p75": 128.0,
    "p90": 128.0,
    "p95": 128.0,
    "p99": 128.0,
    "min": 128.0,
    "max": 128.0,
    "std": 0.0
  },
  "output_token_count": {
    "unit": "tokens",
    "avg": 128.0,
    "p1": 128.0,
    "p5": 128.0,
    "p10": 128.0,
    "p25": 128.0,
    "p50": 128.0,
    "p75": 128.0,
    "p90": 128.0,
    "p95": 128.0,
    "p99": 128.0,
    "min": 128.0,
    "max": 128.0,
    "std": 0.0
  },
  "inter_chunk_latency": {
    "unit": "ms",
    "avg": 34.54504091548556,
    "p1": 34.232518899999995,
    "p5": 34.3555928,
    "p10": 34.39752,
    "p25": 34.456095,
    "p50": 34.520284,
    "p75": 34.59180875,
    "p90": 34.6831824,
    "p95": 34.776841649999994,
    "p99": 35.15422708999999,
    "min": 30.347779,
    "max": 69.573342,
    "std": 0.6300112295960699
  },
  "total_output_tokens": {
    "unit": "tokens",
    "avg": 3840.0
  },
  "benchmark_duration": {
    "unit": "sec",
    "avg": 134.01261248400002
  },
  "total_isl": {
    "unit": "tokens",
    "avg": 3840.0
  },
  "total_osl": {
    "unit": "tokens",
    "avg": 3840.0
  },
  "telemetry_data": {
    "summary": {
      "endpoints_configured": [],
      "endpoints_successful": [],
      "start_time": "2026-05-04T22:49:36.410283",
      "end_time": "2026-05-04T22:51:52.432343"
    },
    "endpoints": {},
    "error_summary": []
  },
  "input_config": {
    "endpoint": {
      "model_names": [
        "Qwen/Qwen2.5-7B-Instruct"
      ],
      "type": "chat",
      "streaming": true,
      "urls": [
        "http://127.0.0.1:8000"
      ]
    },
    "input": {
      "extra": [
        [
          "ignore_eos",
          true
        ]
      ],
      "prompt": {
        "input_tokens": {
          "mean": 128
        },
        "output_tokens": {
          "mean": 128
        }
      }
    },
    "output": {
      "artifact_directory": "/scratch/matregnago/cmp223/results/N2_poti_PP_short_r1_780628/poti3"
    },
    "loadgen": {
      "concurrency": 1,
      "arrival_pattern": "concurrency_burst",
      "request_count": 30,
      "warmup_request_count": 3
    },
    "cli_command": "aiperf profile --model 'Qwen/Qwen2.5-7B-Instruct' --endpoint-type 'chat' --url 'http://127.0.0.1:8000' --streaming --request-count 30 --warmup-request-count 3 --prompt-input-tokens-mean 128 --prompt-output-tokens-mean 128 --extra-inputs 'ignore_eos:true' --output-artifact-dir '/scratch/matregnago/cmp223/results/N2_poti_PP_short_r1_780628/poti3'",
    "benchmark_id": "c3b84787-731e-4626-ae98-cecfde489865"
  },
  "was_cancelled": false,
  "error_summary": [],
  "start_time": "2026-05-04T22:49:36.410283",
  "end_time": "2026-05-04T22:51:50.424233",
  "http_req_sending": {
    "unit": "ms",
    "avg": 0.09086103333333334,
    "p1": 0.07483947999999999,
    "p5": 0.0753158,
    "p10": 0.0759201,
    "p25": 0.07759075,
    "p50": 0.07990549999999999,
    "p75": 0.11205725,
    "p90": 0.1241748,
    "p95": 0.1252998,
    "p99": 0.1260563,
    "min": 0.074778,
    "max": 0.12609399999999998,
    "std": 0.02006206604927707
  },
  "http_req_receiving": {
    "unit": "ms",
    "avg": 4387.2220771,
    "p1": 4377.74852801,
    "p5": 4380.38717,
    "p10": 4382.277190100001,
    "p25": 4382.8605824999995,
    "p50": 4386.102065,
    "p75": 4388.552262499999,
    "p90": 4389.9699616,
    "p95": 4393.6626926,
    "p99": 4420.45733242,
    "min": 4377.146119999999,
    "max": 4430.494755,
    "std": 8.854796497755666
  },
  "http_req_waiting": {
    "unit": "ms",
    "avg": 78.40115116666666,
    "p1": 77.56956306,
    "p5": 77.6917065,
    "p10": 77.8496646,
    "p25": 78.01000975,
    "p50": 78.37999549999999,
    "p75": 78.5867835,
    "p90": 78.9592383,
    "p95": 79.2303663,
    "p99": 80.71023023000001,
    "min": 77.544735,
    "max": 81.242413,
    "std": 0.6777805434883812
  },
  "http_req_blocked": {
    "unit": "ms",
    "avg": 0.0,
    "p1": 0.0,
    "p5": 0.0,
    "p10": 0.0,
    "p25": 0.0,
    "p50": 0.0,
    "p75": 0.0,
    "p90": 0.0,
    "p95": 0.0,
    "p99": 0.0,
    "min": 0.0,
    "max": 0.0,
    "std": 0.0
  },
  "http_req_dns_lookup": {
    "unit": "ms",
    "avg": 0.0,
    "p1": 0.0,
    "p5": 0.0,
    "p10": 0.0,
    "p25": 0.0,
    "p50": 0.0,
    "p75": 0.0,
    "p90": 0.0,
    "p95": 0.0,
    "p99": 0.0,
    "min": 0.0,
    "max": 0.0,
    "std": 0.0
  },
  "http_req_connecting": {
    "unit": "ms",
    "avg": 0.0,
    "p1": 0.0,
    "p5": 0.0,
    "p10": 0.0,
    "p25": 0.0,
    "p50": 0.0,
    "p75": 0.0,
    "p90": 0.0,
    "p95": 0.0,
    "p99": 0.0,
    "min": 0.0,
    "max": 0.0,
    "std": 0.0
  },
  "http_req_data_received": {
    "unit": "KB",
    "avg": 32.380533854166664,
    "p1": 32.302099609375,
    "p5": 32.313818359375,
    "p10": 32.3224609375,
    "p25": 32.357421875,
    "p50": 32.37890625,
    "p75": 32.406982421875,
    "p90": 32.43095703125,
    "p95": 32.443994140625,
    "p99": 32.464033203125,
    "min": 32.2978515625,
    "max": 32.4716796875,
    "std": 0.0409033474813242
  },
  "time_to_first_output_token": {
    "unit": "ms",
    "avg": 78.53379456666666,
    "p1": 77.68559742,
    "p5": 77.80545465,
    "p10": 77.9688417,
    "p25": 78.13119499999999,