{
  "schema_version": "1.0",
  "aiperf_version": "0.7.0",
  "benchmark_id": "bdbbc3b1-b141-4394-b7dd-2600bba5ee31",
  "request_throughput": {
    "unit": "requests/sec",
    "avg": 0.01350327989465017
  },
  "request_latency": {
    "unit": "ms",
    "avg": 74051.25968756666,
    "p1": 72328.20355694,
    "p5": 72775.4833327,
    "p10": 73107.69168599999,
    "p25": 73266.42122599999,
    "p50": 74065.814829,
    "p75": 74605.331846,
    "p90": 75044.08614,
    "p95": 75569.60104075,
    "p99": 76528.54977136999,
    "min": 72214.543716,
    "max": 76829.098071,
    "std": 960.632249531795
  },
  "request_count": {
    "unit": "requests",
    "avg": 30.0
  },
  "time_to_first_token": {
    "unit": "ms",
    "avg": 38246.07492683333,
    "p1": 37753.95959342,
    "p5": 37893.2757476,
    "p10": 37974.0905574,
    "p25": 38088.48408175,
    "p50": 38222.992152499995,
    "p75": 38429.00608675,
    "p90": 38482.5889329,
    "p95": 38540.01937425,
    "p99": 38732.97028633,
    "min": 37710.531137,
    "max": 38806.485989,
    "std": 236.03840657708298
  },
  "time_to_second_token": {
    "unit": "ms",
    "avg": 65.93704173333333,
    "p1": 64.53578157,
    "p5": 65.25209865,
    "p10": 65.3930771,
    "p25": 65.5823625,
    "p50": 65.668367,
    "p75": 65.88206674999999,
    "p90": 67.4477189,
    "p95": 68.1391233,
    "p99": 68.40905293,
    "min": 64.27512,
    "max": 68.443964,
    "std": 0.8851008631672789
  },
  "inter_token_latency": {
    "unit": "ms",
    "avg": 70.79682598927944,
    "p1": 67.44310912549213,
    "p5": 68.09546667929295,
    "p10": 68.51893393737768,
    "p25": 69.48674228673345,
    "p50": 70.78297874038356,
    "p75": 72.06962326488754,
    "p90": 72.65901233487035,
    "p95": 74.36558156575342,
    "p99": 75.25501341153642,
    "min": 67.2747323996063,
    "max": 75.33828789692983,
    "std": 1.9167522590913781
  },
  "output_token_throughput": {
    "unit": "tokens/sec",
    "avg": 6.844362469268349
  },
  "output_token_throughput_per_user": {
    "unit": "tokens/sec/user",
    "avg": 14.135183060968233,
    "p1": 13.288191143182482,
    "p5": 13.448480769466666,
    "p10": 13.763133884353309,
    "p25": 13.875507617372273,
    "p50": 14.127745930859076,
    "p75": 14.391238970489308,
    "p90": 14.594511955488336,
    "p95": 14.685488405536937,
    "p99": 14.827537135190186,
    "min": 13.273463306839385,
    "max": 14.864421816798664,
    "std": 0.37904844197874876
  },
  "output_sequence_length": {
    "unit": "tokens",
    "avg": 506.8666666666667,
    "p1": 468.6,
    "p5": 499.25,
    "p10": 504.7,
    "p25": 506.0,
    "p50": 509.0,
    "p75": 512.0,
    "p90": 512.0,
    "p95": 512.0,
    "p99": 512.0,
    "min": 457.0,
    "max": 512.0,
    "std": 9.9154200897166
  },
  "input_sequence_length": {
    "unit": "tokens",
    "avg": 1024.0,
    "p1": 1024.0,
    "p5": 1024.0,
    "p10": 1024.0,
    "p25": 1024.0,
    "p50": 1024.0,
    "p75": 1024.0,
    "p90": 1024.0,
    "p95": 1024.0,
    "p99": 1024.0,
    "min": 1024.0,
    "max": 1024.0,
    "std": 0.0
  },
  "output_token_count": {
    "unit": "tokens",
    "avg": 506.8666666666667,
    "p1": 468.6,
    "p5": 499.25,
    "p10": 504.7,
    "p25": 506.0,
    "p50": 509.0,
    "p75": 512.0,
    "p90": 512.0,
    "p95": 512.0,
    "p99": 512.0,
    "min": 457.0,
    "max": 512.0,
    "std": 9.9154200897166
  },
  "inter_chunk_latency": {
    "unit": "ms",
    "avg": 70.56599282761792,
    "p1": 65.08889832,
    "p5": 65.39957475,
    "p10": 65.4691035,
    "p25": 65.57575775,
    "p50": 65.70317949999999,
    "p75": 65.850808,
    "p90": 66.07866849999999,
    "p95": 68.2730321,
    "p99": 270.4205876599999,
    "min": 60.850331,
    "max": 338.446179,
    "std": 27.4882978959109
  },
  "total_output_tokens": {
    "unit": "tokens",
    "avg": 15206.0
  },
  "benchmark_duration": {
    "unit": "sec",
    "avg": 2221.6824530080003
  },
  "total_isl": {
    "unit": "tokens",
    "avg": 30720.0
  },
  "total_osl": {
    "unit": "tokens",
    "avg": 15206.0
  },
  "telemetry_data": {
    "summary": {
      "endpoints_configured": [],
      "endpoints_successful": [],
      "start_time": "2026-05-05T17:18:08.447783",
      "end_time": "2026-05-05T17:55:12.142160"
    },
    "endpoints": {},
    "error_summary": []
  },
  "input_config": {
    "endpoint": {
      "model_names": [
        "Qwen/Qwen2.5-7B-Instruct"
      ],
      "type": "chat",
      "streaming": true,
      "urls": [
        "http://127.0.0.1:8000"
      ]
    },
    "input": {
      "extra": [
        [
          "ignore_eos",
          true
        ]
      ],
      "prompt": {
        "input_tokens": {
          "mean": 1024
        },
        "output_tokens": {
          "mean": 512
        }
      }
    },
    "output": {
      "artifact_directory": "/scratch/matregnago/cmp223/results/N2_tupi_TP_long_r1_781236/tupi3"
    },
    "loadgen": {
      "concurrency": 1,
      "arrival_pattern": "concurrency_burst",
      "request_count": 30,
      "warmup_request_count": 3
    },
    "cli_command": "aiperf profile --model 'Qwen/Qwen2.5-7B-Instruct' --endpoint-type 'chat' --url 'http://127.0.0.1:8000' --streaming --request-count 30 --warmup-request-count 3 --prompt-input-tokens-mean 1024 --prompt-output-tokens-mean 512 --extra-inputs 'ignore_eos:true' --output-artifact-dir '/scratch/matregnago/cmp223/results/N2_tupi_TP_long_r1_781236/tupi3'",
    "benchmark_id": "bdbbc3b1-b141-4394-b7dd-2600bba5ee31"
  },
  "was_cancelled": false,
  "error_summary": [],
  "start_time": "2026-05-05T17:18:08.447783",
  "end_time": "2026-05-05T17:55:10.134617",
  "http_req_dns_lookup": {
    "unit": "ms",
    "avg": 0.0,
    "p1": 0.0,
    "p5": 0.0,
    "p10": 0.0,
    "p25": 0.0,
    "p50": 0.0,
    "p75": 0.0,
    "p90": 0.0,
    "p95": 0.0,
    "p99": 0.0,
    "min": 0.0,
    "max": 0.0,
    "std": 0.0
  },
  "http_req_data_sent": {
    "unit": "KB",
    "avg": 4.4474609375,
    "p1": 3.972724609375,
    "p5": 4.19267578125,
    "p10": 4.2234375,
    "p25": 4.363037109375,
    "p50": 4.421875,
    "p75": 4.533447265625,
    "p90": 4.70595703125,
    "p95": 4.772265625,
    "p99": 4.84865234375,
    "min": 3.892578125,
    "max": 4.8662109375,
    "std": 0.1902721036017023
  },
  "http_req_connection_reused": {
    "unit": "ratio",
    "avg": 1.0,
    "p1": 1.0,
    "p5": 1.0,
    "p10": 1.0,
    "p25": 1.0,
    "p50": 1.0,
    "p75": 1.0,
    "p90": 1.0,
    "p95": 1.0,
    "p99": 1.0,
    "min": 1.0,
    "max": 1.0,
    "std": 0.0
  },
  "http_req_blocked": {
    "unit": "ms",
    "avg": 0.0,
    "p1": 0.0,
    "p5": 0.0,
    "p10": 0.0,
    "p25": 0.0,
    "p50": 0.0,
    "p75": 0.0,
    "p90": 0.0,
    "p95": 0.0,
    "p99": 0.0,
    "min": 0.0,
    "max": 0.0,
    "std": 0.0
  },
  "http_req_connecting": {
    "unit": "ms",
    "avg": 0.0,
    "p1": 0.0,
    "p5": 0.0,
    "p10": 0.0,
    "p25": 0.0,
    "p50": 0.0,
    "p75": 0.0,
    "p90": 0.0,
    "p95": 0.0,
    "p99": 0.0,
    "min": 0.0,
    "max": 0.0,
    "std": 0.0
  },
  "http_req_chunks_sent": {
    "unit": "count",
    "avg": 1.0,
    "p1": 1.0,
    "p5": 1.0,
    "p10": 1.0,
    "p25": 1.0,
    "p50": 1.0,
    "p75": 1.0,
    "p90": 1.0,
    "p95": 1.0,
    "p99": 1.0,
    "min": 1.0,
    "max": 1.0,
    "std": 0.0
  },
  "http_req_sending": {
    "unit": "ms",
    "avg": 0.1227826,
    "p1": 0.10384331,
    "p5": 0.11822919999999999,
    "p10": 0.1184812,
    "p25": 0.1212885,
    "p50": 0.1225925,
    "p75": 0.1248475,
    "p90": 0.1260666,
    "p95": 0.13384299999999996,
    "p99": 0.13865957999999998,
    "min": 0.09797399999999999,
    "max": 0.13883299999999998,
    "std": 0.006535174675553822
  },
  "http_req_waiting": {
    "unit": "ms",
    "avg": 38245.89218843333,
    "p1": 37753.76758733999,
    "p5": 37893.0960192,
    "p10": 37973.9072593,
    "p25": 38088.29733175,
    "p50": 38222.807099,
    "p75": 38428.826573499995,
    "p90": 38482.4014774,
    "p95": 38539.8385368,
    "p99": 38732.79412391999,
    "min": 37710.334941,