{
  "schema_version": "1.0",
  "aiperf_version": "0.7.0",
  "benchmark_id": "d3e7dbb3-e972-4024-a795-06f2980c5f02",
  "request_throughput": {
    "unit": "requests/sec",
    "avg": 0.4389483758877873
  },
  "request_latency": {
    "unit": "ms",
    "avg": 2276.2327116666665,
    "p1": 2237.32637979,
    "p5": 2242.4612159999997,
    "p10": 2258.0309942,
    "p25": 2275.071979,
    "p50": 2282.6868945,
    "p75": 2283.702578,
    "p90": 2284.6198994,
    "p95": 2285.37734445,
    "p99": 2287.9564223099997,
    "min": 2237.264073,
    "max": 2288.935074,
    "std": 13.801607714396507
  },
  "request_count": {
    "unit": "requests",
    "avg": 30.0
  },
  "time_to_first_token": {
    "unit": "ms",
    "avg": 29.588125299999998,
    "p1": 28.56999728,
    "p5": 28.81778875,
    "p10": 29.0874991,
    "p25": 29.25826475,
    "p50": 29.5058755,
    "p75": 29.76452625,
    "p90": 29.846279199999998,
    "p95": 30.052313099999996,
    "p99": 32.31623001,
    "min": 28.524603,
    "max": 33.185688,
    "std": 0.7563246876332127
  },
  "time_to_second_token": {
    "unit": "ms",
    "avg": 17.425317233333335,
    "p1": 14.79694251,
    "p5": 16.865412649999996,
    "p10": 17.0381516,
    "p25": 17.548819249999998,
    "p50": 17.5941625,
    "p75": 17.634832,
    "p90": 17.6840186,
    "p95": 17.7098741,
    "p99": 17.80467037,
    "min": 13.965043,
    "max": 17.841717,
    "std": 0.6780930922624455
  },
  "inter_token_latency": {
    "unit": "ms",
    "avg": 17.69011485328084,
    "p1": 17.382460274251965,
    "p5": 17.423488331102362,
    "p10": 17.54872226614173,
    "p25": 17.68158578543307,
    "p50": 17.73776281102362,
    "p75": 17.74987159055118,
    "p90": 17.761233833070865,
    "p95": 17.761471778740155,
    "p99": 17.78216930173228,
    "min": 17.381399543307086,
    "max": 17.790585448818895,
    "std": 0.10867808973076515
  },
  "output_token_throughput": {
    "unit": "tokens/sec",
    "avg": 56.18539211363677
  },
  "output_token_throughput_per_user": {
    "unit": "tokens/sec/user",
    "avg": 56.53090275589475,
    "p1": 56.23613923776955,
    "p5": 56.30164056731459,
    "p10": 56.30239483382779,
    "p25": 56.33843574182304,
    "p50": 56.37689547763057,
    "p75": 56.556101264381674,
    "p90": 56.98433216655416,
    "p95": 57.39412937297152,
    "p99": 57.52925612016979,
    "min": 56.209504902290284,
    "max": 57.532766421278296,
    "std": 0.35115755442546465
  },
  "output_sequence_length": {
    "unit": "tokens",
    "avg": 128.0,
    "p1": 128.0,
    "p5": 128.0,
    "p10": 128.0,
    "p25": 128.0,
    "p50": 128.0,
    "p75": 128.0,
    "p90": 128.0,
    "p95": 128.0,
    "p99": 128.0,
    "min": 128.0,
    "max": 128.0,
    "std": 0.0
  },
  "input_sequence_length": {
    "unit": "tokens",
    "avg": 128.0,
    "p1": 128.0,
    "p5": 128.0,
    "p10": 128.0,
    "p25": 128.0,
    "p50": 128.0,
    "p75": 128.0,
    "p90": 128.0,
    "p95": 128.0,
    "p99": 128.0,
    "min": 128.0,
    "max": 128.0,
    "std": 0.0
  },
  "output_token_count": {
    "unit": "tokens",
    "avg": 128.0,
    "p1": 128.0,
    "p5": 128.0,
    "p10": 128.0,
    "p25": 128.0,
    "p50": 128.0,
    "p75": 128.0,
    "p90": 128.0,
    "p95": 128.0,
    "p99": 128.0,
    "min": 128.0,
    "max": 128.0,
    "std": 0.0
  },
  "inter_chunk_latency": {
    "unit": "ms",
    "avg": 17.69011485328084,
    "p1": 16.637674949999997,
    "p5": 17.166283749999998,
    "p10": 17.2653648,
    "p25": 17.684459,
    "p50": 17.7372735,
    "p75": 17.784522499999998,
    "p90": 17.8438585,
    "p95": 17.9057696,
    "p99": 18.53199914,
    "min": 13.434804,
    "max": 22.158327999999997,
    "std": 0.4418992429784578
  },
  "total_output_tokens": {
    "unit": "tokens",
    "avg": 3840.0
  },
  "benchmark_duration": {
    "unit": "sec",
    "avg": 68.34516687600001
  },
  "total_isl": {
    "unit": "tokens",
    "avg": 3840.0
  },
  "total_osl": {
    "unit": "tokens",
    "avg": 3840.0
  },
  "telemetry_data": {
    "summary": {
      "endpoints_configured": [],
      "endpoints_successful": [],
      "start_time": "2026-05-04T23:44:21.108215",
      "end_time": "2026-05-04T23:45:31.459068"
    },
    "endpoints": {},
    "error_summary": []
  },
  "input_config": {
    "endpoint": {
      "model_names": [
        "Qwen/Qwen2.5-7B-Instruct"
      ],
      "type": "chat",
      "streaming": true,
      "urls": [
        "http://127.0.0.1:8000"
      ]
    },
    "input": {
      "extra": [
        [
          "ignore_eos",
          true
        ]
      ],
      "prompt": {
        "input_tokens": {
          "mean": 128
        },
        "output_tokens": {
          "mean": 128
        }
      }
    },
    "output": {
      "artifact_directory": "/scratch/matregnago/cmp223/results/N1_tupi_none_short_r1_780637/tupi3"
    },
    "loadgen": {
      "concurrency": 1,
      "arrival_pattern": "concurrency_burst",
      "request_count": 30,
      "warmup_request_count": 3
    },
    "cli_command": "aiperf profile --model 'Qwen/Qwen2.5-7B-Instruct' --endpoint-type 'chat' --url 'http://127.0.0.1:8000' --streaming --request-count 30 --warmup-request-count 3 --prompt-input-tokens-mean 128 --prompt-output-tokens-mean 128 --extra-inputs 'ignore_eos:true' --output-artifact-dir '/scratch/matregnago/cmp223/results/N1_tupi_none_short_r1_780637/tupi3'",
    "benchmark_id": "d3e7dbb3-e972-4024-a795-06f2980c5f02"
  },
  "was_cancelled": false,
  "error_summary": [],
  "start_time": "2026-05-04T23:44:21.108215",
  "end_time": "2026-05-04T23:45:29.455245",
  "http_req_connecting": {
    "unit": "ms",
    "avg": 0.0,
    "p1": 0.0,
    "p5": 0.0,
    "p10": 0.0,
    "p25": 0.0,
    "p50": 0.0,
    "p75": 0.0,
    "p90": 0.0,
    "p95": 0.0,
    "p99": 0.0,
    "min": 0.0,
    "max": 0.0,
    "std": 0.0
  },
  "http_req_dns_lookup": {
    "unit": "ms",
    "avg": 0.0,
    "p1": 0.0,
    "p5": 0.0,
    "p10": 0.0,
    "p25": 0.0,
    "p50": 0.0,
    "p75": 0.0,
    "p90": 0.0,
    "p95": 0.0,
    "p99": 0.0,
    "min": 0.0,
    "max": 0.0,
    "std": 0.0
  },
  "http_req_receiving": {
    "unit": "ms",
    "avg": 2246.645828633333,
    "p1": 2207.5725596599996,
    "p5": 2212.78419125,
    "p10": 2228.6909303,
    "p25": 2245.5620089999998,
    "p50": 2252.697119,
    "p75": 2254.2346617499998,
    "p90": 2255.6766055,
    "p95": 2255.70776475,
    "p99": 2258.33692469,
    "min": 2207.4380419999998,
    "max": 2259.4053249999997,
    "std": 13.802065349642978
  },
  "http_req_blocked": {
    "unit": "ms",
    "avg": 0.0,
    "p1": 0.0,
    "p5": 0.0,
    "p10": 0.0,
    "p25": 0.0,
    "p50": 0.0,
    "p75": 0.0,
    "p90": 0.0,
    "p95": 0.0,
    "p99": 0.0,
    "min": 0.0,
    "max": 0.0,
    "std": 0.0
  },
  "http_req_sending": {
    "unit": "ms",
    "avg": 0.121475,
    "p1": 0.07787297,
    "p5": 0.09837549999999999,
    "p10": 0.1173971,
    "p25": 0.119277,
    "p50": 0.1200735,
    "p75": 0.12741149999999998,
    "p90": 0.1302661,
    "p95": 0.13626394999999997,
    "p99": 0.15790018000000003,
    "min": 0.075555,
    "max": 0.165747,
    "std": 0.014536852623590842
  },
  "http_req_waiting": {
    "unit": "ms",
    "avg": 29.410308533333335,
    "p1": 28.41114953,
    "p5": 28.70213745,
    "p10": 28.917995199999996,
    "p25": 29.08420725,
    "p50": 29.332109,
    "p75": 29.574123,
    "p90": 29.6715508,
    "p95": 29.8752288,
    "p99": 32.13799238,
    "min": 28.349653,
    "max": 33.007608999999995,
    "std": 0.7509469526764071
  },
  "http_req_data_sent": {
    "unit": "KB",
    "avg": 0.6936197916666667,
    "p1": 0.646640625,
    "p5": 0.651611328125,
    "p10": 0.654296875,
    "p25": 0.669921875,
    "p50": 0.6923828125,
    "p75": 0.7109375,
    "p90": 0.7365234375,
    "p95": 0.73935546875,
    "p99": 0.745087890625,
    "min": 0.6455078125,
    "max": 0.7470703125,
    "std": 0.02924793365801914
  },
  "http_req_chunks_sent": {
    "unit": "count",
    "avg": 1.0,
    "p1": 1.0,
    "p5": 1.0,
    "p10": 1.0,
    "p25": 1.0,
    "p50": 1.0,
    "p75": 1.0,